SNR_dB,Modulation
11.236203565420874,16QAM
28.521429192297486,QPSK
21.959818254342153,QPSK
17.959754525911098,16QAM
4.680559213273096,64QAM
4.679835610086079,64QAM
1.7425083650459838,16QAM
25.985284373248057,64QAM
18.033450352296263,64QAM
21.242177333881365,64QAM
0.6175348288740734,16QAM
29.09729556485983,QPSK
24.973279224012654,QPSK
6.370173320348284,QPSK
5.454749016213018,QPSK
5.502135295603015,QPSK
9.127267288786133,64QAM
15.742692948967136,64QAM
12.958350559263472,64QAM
8.736874205941257,16QAM
18.355586841671386,64QAM
4.184815819561255,QPSK
8.764339456056545,64QAM
10.99085529881075,QPSK
13.682099526511077,64QAM
23.555278841790408,QPSK
5.990213464750792,64QAM
15.427033152408349,QPSK
17.772437065861276,QPSK
1.3935123815999317,16QAM
18.22634555704315,64QAM
5.115723710618746,QPSK
1.9515477895583855,64QAM
28.466566117599996,QPSK
28.96896099223678,16QAM
24.251920443493834,16QAM
9.13841307520112,16QAM
2.930163420191516,16QAM
20.526990795364707,QPSK
13.204574812188039,64QAM
3.6611470453433648,16QAM
14.855307303338105,16QAM
1.0316556334565519,16QAM
27.279612062363462,64QAM
7.7633994480005075,QPSK
19.87566853061946,QPSK
9.351332282682328,QPSK
15.602040635334324,QPSK
16.40130838029839,64QAM
5.545633665765811,64QAM
29.087538832936758,64QAM
23.253984700833435,16QAM
28.184968246925674,64QAM
26.844820512829465,QPSK
17.936999364332554,64QAM
27.656227050693506,16QAM
2.6547750615575847,QPSK
5.879485872574356,64QAM
1.356818667316142,QPSK
9.759909922897931,QPSK
11.660318690684461,64QAM
8.140470953216877,64QAM
24.86212527455788,16QAM
10.702599800807679,64QAM
8.428035290621423,64QAM
16.280882494747456,64QAM
4.22772674924288,QPSK
24.06590942262119,16QAM
2.236519310393125,QPSK
29.60660809801552,64QAM
23.167343078899723,16QAM
5.961470446025173,64QAM
0.16566351370807197,QPSK
24.463842853645026,QPSK
21.205720315428515,64QAM
21.87021504122962,16QAM
23.138110400578373,QPSK
2.2213395520227106,64QAM
10.753971856328178,64QAM
3.4760717857538914,64QAM
25.893102776267806,16QAM
18.698943804826737,64QAM
9.926940745579476,64QAM
1.906750508580709,QPSK
9.329469651469866,64QAM
9.75549966080241,16QAM
21.88818535014192,64QAM
19.126724140656393,16QAM
26.616382277289794,64QAM
14.16644775485848,64QAM
3.587827378149051,64QAM
21.39734361668985,16QAM
22.823551458506923,QPSK
16.83831592708489,16QAM
23.12901539863683,QPSK
14.813867890931721,16QAM
15.681984881459822,64QAM
12.826230550756488,64QAM
0.7625738023228557,QPSK
3.2367428097991335,QPSK
0.9428755706020275,16QAM
19.092312337913413,16QAM
9.4306794322898,QPSK
15.257120734941083,QPSK
27.226994217782792,16QAM
7.478766874466248,QPSK
12.311487691068892,QPSK
22.666534156291462,QPSK
6.863944964748674,QPSK
2.30939729486379,64QAM
8.692543587413041,64QAM
4.836638617620133,QPSK
27.89092957027719,16QAM
24.243611386932507,64QAM
19.002112695312704,16QAM
26.14381770563153,16QAM
24.110162306973432,64QAM
5.597101766581075,16QAM
26.776769954699333,16QAM
16.18026725746952,QPSK
24.223204654921876,QPSK
26.8827389977048,QPSK
9.540104249155917,64QAM
3.3015577358303028,QPSK
6.8380548762582505,16QAM
12.81323365878769,16QAM
24.540442977674793,16QAM
25.821917497690304,16QAM
0.2085639159357211,16QAM
15.322419077326972,64QAM
12.52233009446337,16QAM
6.663234314121907,64QAM
3.595961020010484,16QAM
10.12845514210884,64QAM
28.287291117375574,64QAM
9.696087960622657,16QAM
15.563718652300983,16QAM
21.090568766855334,16QAM
10.908888071378819,16QAM
29.15346248162882,QPSK
28.873418848263338,QPSK
7.553468874760925,64QAM
14.917455176771563,64QAM
9.02634929450309,QPSK
8.545214831324028,64QAM
1.1066084206359839,16QAM
18.286930019396905,64QAM
15.080370696865845,64QAM
1.5443625374996806,64QAM
8.359393927098344,QPSK
27.247976578999612,QPSK
7.186856720009173,64QAM
4.346846162736693,16QAM
14.683582808326891,64QAM
29.56951362331802,QPSK
7.261658145345012,16QAM
20.164066422176358,64QAM
22.848588459861528,QPSK
7.12912631977199,16QAM
21.846490458355788,64QAM
11.033493981577596,QPSK
18.969174917807383,16QAM
19.00589132282684,64QAM
16.073240522242756,16QAM
2.708693101632249,16QAM
25.05907486767714,16QAM
9.623401949152075,QPSK
5.595555311995627,64QAM
1.2232542466429175,16QAM
17.726788295647253,16QAM
20.326930855268472,16QAM
0.49763486783568456,QPSK
15.36279174897843,16QAM
6.794873255938139,QPSK
19.355183712283495,QPSK
5.230992870149743,16QAM
20.728132143073978,16QAM
11.602060389016122,QPSK
28.101899662102035,QPSK
4.1256283243797975,16QAM
10.231990531507755,QPSK
3.404205637217672,QPSK
27.740808548356885,16QAM
26.32018060142943,16QAM
7.738248831454668,64QAM
19.79952138102537,16QAM
24.516666006036473,16QAM
16.65602434798387,16QAM
15.889517350680194,64QAM
7.25556872701355,QPSK
2.793083034176976,16QAM
26.916472738599804,16QAM
27.012541714899914,64QAM
18.993043718198038,64QAM
10.170893731461021,64QAM
10.476287238379827,QPSK
21.778670366107182,64QAM
26.913307798577314,QPSK
26.61259272795352,16QAM
23.396266375728715,16QAM
19.26094938462863,16QAM
2.524198949851465,64QAM
4.848861422838413,16QAM
26.956625655812378,64QAM
18.1928717897877,QPSK
0.27591154849888944,16QAM
3.044146285980963,QPSK
19.905053073241675,64QAM
0.1518475153865606,64QAM
4.82424154252496,16QAM
16.462013680997583,16QAM
20.756855930780798,64QAM
19.558837785078016,16QAM
6.728079283816793,16QAM
21.365376640426074,QPSK
7.117472624904002,64QAM
9.76199094477803,QPSK
22.394742153540726,16QAM
19.48898697141644,QPSK
25.47670231482534,64QAM
19.7283867690103,QPSK
17.049258100064147,QPSK
2.8102430348427743,16QAM
11.031474091783005,64QAM
7.9560710304517634,16QAM
7.319689301372508,16QAM
29.190316642573368,64QAM
11.792931740002812,QPSK
26.761396655313398,16QAM
18.934158779917887,QPSK
23.844339106249453,64QAM
15.079112793155764,16QAM
17.307116538790773,QPSK
14.775530814565917,QPSK
5.857289633941335,16QAM
21.67356345784516,64QAM
8.423170873225674,QPSK
0.7294789929436152,64QAM
19.364168877215036,16QAM
5.313320382211469,QPSK
28.21375753058743,QPSK
28.61785731007762,QPSK
27.445931706613457,64QAM
11.104761007663331,QPSK
0.46369849586602285,QPSK
27.849556877631763,16QAM
12.84552444951943,QPSK
28.999644571310085,64QAM
28.908599312677584,16QAM
25.590283664020802,16QAM
8.833466762087571,QPSK
11.552931858057757,16QAM
25.534100145505708,QPSK
9.50766015468833,16QAM
5.084782400582775,64QAM
16.704037873750504,QPSK
28.08464322482343,64QAM
20.88089390024919,QPSK
17.101835102680948,64QAM
2.9152948131230563,64QAM
18.45021680097509,16QAM
29.701615503127897,QPSK
4.202520457095721,16QAM
15.549889570912102,64QAM
26.321192157838663,QPSK
22.223058532626133,64QAM
20.91047222985804,64QAM
21.07452251961328,64QAM
10.784734536592655,64QAM
8.807755327934801,16QAM
24.28083466435541,64QAM
24.30340184037542,16QAM
26.012169557403112,64QAM
27.397216576694138,QPSK
15.340271965828133,64QAM
15.045488840615988,64QAM
23.948855369003255,QPSK
19.498917923332954,QPSK
21.0590063177311,64QAM
23.87378008308303,64QAM
26.70016025452699,16QAM
10.139854705546075,QPSK
11.26748857919832,QPSK
2.81945819522607,16QAM
17.34840422988522,64QAM
1.0782682139022626,64QAM
13.967940543973805,QPSK
16.2793390412273,16QAM
8.596237563848533,64QAM
17.724997817070324,QPSK
0.9150074981714829,64QAM
1.1204456624764325,64QAM
24.678016819789747,64QAM
10.805719242337886,QPSK
3.8118153795565437,16QAM
15.667297801644132,16QAM
23.099806592958323,64QAM
6.4746308249052955,16QAM
18.686714274570008,64QAM
2.56042394981304,QPSK
1.550451635058231,QPSK
15.94063894704444,QPSK
16.219053648303195,64QAM
19.122897044946196,16QAM
21.782740011679845,QPSK
29.27556238387604,64QAM
15.48901044903586,16QAM
9.68869418823738,16QAM
23.85558584306111,16QAM
8.124967537862226,64QAM
13.169142621169083,64QAM
2.353691440267979,64QAM
0.7605223024637253,QPSK
28.87945244033775,64QAM
25.079403615366175,QPSK
20.87922618281094,QPSK
12.268588332428097,QPSK
5.1988296021253735,64QAM
4.693111280132581,QPSK
7.50728694493786,64QAM
16.476799941183614,64QAM
21.43787768100187,QPSK
19.80592130153194,QPSK
8.398016908378285,QPSK
28.645958419895823,64QAM
22.136907500873054,64QAM
16.63062157534202,QPSK
18.351622387030567,QPSK
12.588001872833697,16QAM
7.431929685034724,QPSK
10.679180359537847,16QAM
22.735383313931074,16QAM
0.43180465889267605,64QAM
3.482179215207487,64QAM
1.3800792606525825,16QAM
1.221864069569104,16QAM
25.663817520330216,QPSK
21.109735781400712,16QAM
14.225214872619755,QPSK
2.935024819530044,64QAM
14.74847625350497,QPSK
14.20415312341697,64QAM
5.196056097300455,16QAM
13.01554947713919,16QAM
11.955142031921204,16QAM
18.475502941566493,QPSK
19.052809526029314,64QAM
1.3591202931613355,64QAM
11.238378438794136,64QAM
18.77579747142709,64QAM
15.094087757402631,64QAM
25.694695235649668,QPSK
19.76080894856835,64QAM
4.888032812442891,16QAM
2.1170624220128955,64QAM
19.27257834618947,16QAM
0.7953393162486544,QPSK
17.5732674382039,QPSK
28.206907242748727,16QAM
17.26422533627637,64QAM
11.645097786195658,QPSK
19.298646553270594,QPSK
13.747586714745498,QPSK
16.36850367947805,64QAM
28.243944263295756,16QAM
11.583079134023228,16QAM
28.835716914717427,64QAM
27.160519258681912,QPSK
5.873734043678893,64QAM
2.0808390262549636,64QAM
3.0233400413227995,16QAM
0.5466547695464918,64QAM
2.8332888226778516,64QAM
20.490203202490704,QPSK
2.13565945380687,QPSK
9.56926890881284,16QAM
25.346259329083637,QPSK
0.698158072074776,64QAM
24.434054477668074,64QAM
8.455643243201997,64QAM
3.5449448286496876,16QAM
20.902114960924518,QPSK
18.86828540339652,64QAM
26.32416040581159,QPSK
22.052131314116572,QPSK
24.104427911545457,QPSK
8.461037177139195,QPSK
5.323186313391685,16QAM
22.51844254922575,16QAM
24.20504217801792,16QAM
29.7151542600202,64QAM
12.378530307342794,64QAM
11.160542573783495,64QAM
23.292388822259905,16QAM
10.224106207590536,QPSK
27.92271976810694,16QAM
25.752382555290353,64QAM
12.869820821250551,64QAM
22.526132033744922,QPSK
22.63628622254047,16QAM
3.0937160650779783,QPSK
27.076587200387,16QAM
15.157571173435715,64QAM
24.793723983232248,QPSK
9.601488030918352,QPSK
26.865696854886014,16QAM
11.676050362024894,16QAM
0.3251295444089508,16QAM
27.16145929257791,64QAM
2.7386003035840067,16QAM
9.579409127712445,64QAM
28.501859011524147,16QAM
28.51821440812668,16QAM
17.203136643698585,64QAM
18.95511636509398,16QAM
13.453365659349593,64QAM
8.796323150941936,64QAM
9.859936361097478,16QAM
20.175553682311154,16QAM
22.5712358831304,QPSK
23.747371311775456,16QAM
23.688544283836617,QPSK
2.736183091460711,16QAM
14.832609141077445,64QAM
1.7267628004993285,64QAM
16.485866469712064,QPSK
13.245915041201311,16QAM
26.631125482748992,QPSK
10.52745037656236,16QAM
3.5120104928281757,16QAM
4.289750461585076,64QAM
22.845318951524167,QPSK
18.54654189948783,64QAM
3.033680283683707,64QAM
2.523204183449923,64QAM
21.0290739437736,QPSK
2.182890190925806,16QAM
24.655801778710686,16QAM
21.187266814694887,QPSK
2.440463419256993,16QAM
2.5451314225557575,QPSK
29.599187355035262,QPSK
11.228123872683609,16QAM
11.119264412006727,64QAM
24.383987017725076,QPSK
28.417457321515762,QPSK
29.580031914686128,QPSK
22.601345557768248,QPSK
11.287787565927474,16QAM
2.505021500960063,16QAM
23.314407477823103,QPSK
16.752127492074152,64QAM
12.72666027740929,16QAM
27.190631552842078,64QAM
3.3359244691845404,64QAM
14.778753128725775,QPSK
0.34060934302257206,16QAM
14.059819259823788,QPSK
1.6890982704551205,QPSK
3.5645374880421574,64QAM
3.5257874033131467,64QAM
19.476309063481906,64QAM
22.3813463779627,QPSK
17.50106295291479,QPSK
28.86517645423626,QPSK
11.246117385711122,QPSK
8.571362588455822,QPSK
26.057973845683808,QPSK
6.707875155583579,QPSK
28.89667618321834,QPSK
0.36463424069449024,16QAM
29.09636480122917,16QAM
1.2947973585172834,16QAM
26.734293410942133,16QAM
15.831033272588996,QPSK
29.78894388357901,QPSK
2.213896942061966,64QAM
16.615628532039622,64QAM
29.07907606857297,16QAM
15.692935325104465,64QAM
18.881959144057877,16QAM
20.872460669538516,QPSK
13.636231943033197,QPSK
18.8267424025219,64QAM
17.529429357693008,QPSK
27.03474031472967,QPSK
1.3633914102437361,16QAM
8.428895687766909,64QAM
28.51234452229676,QPSK
26.70791351672749,64QAM
13.669702583571388,QPSK
18.603977934046103,16QAM
8.32143548943398,QPSK
5.64363479171284,64QAM
13.910952148199465,64QAM
10.600566840781585,16QAM
17.509683355526164,QPSK
2.3320391089495454,16QAM
29.231844229984993,64QAM
29.586322334388086,16QAM
20.944851420592354,QPSK
16.082890990323612,QPSK
9.285828488589832,16QAM
24.413850591208462,64QAM
20.541935176616377,64QAM
4.8785081803467385,16QAM
27.327815534815272,QPSK
24.67611728769507,QPSK
28.49399739875772,QPSK
21.771585251650798,QPSK
18.402455878073695,64QAM
12.547291088718566,QPSK
27.981854500620397,16QAM
25.98191668501225,16QAM
1.3565601031856822,16QAM
0.7910092349175601,16QAM
11.293901006341487,QPSK
24.316599923454987,64QAM
29.618283879448335,QPSK
4.5125067331058455,64QAM
17.823921460564055,QPSK
11.426725698930646,64QAM
29.097431934438095,16QAM
25.26356769407126,16QAM
25.149861141334135,64QAM
14.060794793849109,64QAM
12.444585070129955,64QAM
8.202212157921187,16QAM
1.6912648995278134,16QAM
25.941671287651598,QPSK
24.387030273902326,64QAM
29.991530198583916,64QAM
29.89910511221716,64QAM
16.662951168078823,16QAM
23.069622455415313,64QAM
28.34297189647284,64QAM
25.489421720322344,16QAM
7.42044305229593,64QAM
13.516324059302805,QPSK
3.8747824545448495,16QAM
28.62153081776167,16QAM
18.1852390335264,16QAM
6.859284165103881,QPSK
20.151020532175703,16QAM
18.543847213736875,16QAM
10.744881540985215,16QAM
3.4067277659888706,16QAM
20.14719586778399,QPSK
15.609231027113799,64QAM
23.16955175206918,64QAM
15.604905033359803,16QAM
25.565445009556203,QPSK
16.557205163234567,16QAM
16.828139146061588,64QAM
26.29960807975035,64QAM
12.10448598637191,QPSK
4.020456853519222,64QAM
0.8634802894001692,16QAM
22.65411767020857,QPSK
18.60928654060394,64QAM
21.122393042976707,16QAM
6.388924845267322,QPSK
4.091144267603093,16QAM
0.43633997003645786,64QAM
10.51762676419791,16QAM
17.697530605638992,QPSK
11.767321352991969,16QAM
13.124247660711871,64QAM
27.124760834812452,QPSK
10.447664010699011,QPSK
15.419684674794324,64QAM
23.509590382234293,16QAM
11.896283469638105,16QAM
18.662601006836205,64QAM
25.870911262402355,QPSK
28.485618709729263,64QAM
4.4122044278711385,QPSK
27.797628754844833,QPSK
14.763488792386145,16QAM
7.747331648968751,64QAM
13.77407268714784,QPSK
29.40097725856431,16QAM
14.778542819786088,64QAM
9.862548308625247,64QAM
19.002025629501773,QPSK
7.204368563345792,QPSK
2.275899843259918,QPSK
3.8663916573194768,64QAM
3.8413751687331734,QPSK
4.55708080536883,64QAM
4.164815179482304,16QAM
19.226242344096438,64QAM
5.456402531974344,QPSK
10.370018499715897,64QAM
26.903652297180354,QPSK
14.218849207886171,16QAM
20.026732155630814,QPSK
5.169596136048895,QPSK
5.768670564260123,QPSK
1.226058487994366,QPSK
5.068051892164936,QPSK
8.35771017095876,QPSK
5.3103145283024045,16QAM
2.6610760127116686,16QAM
3.6190761330180243,64QAM
13.823363040981773,QPSK
6.190011552173775,64QAM
10.928095831442263,16QAM
15.102518125645707,16QAM
20.71184485888096,QPSK
1.179364195232968,QPSK
23.98231196727128,64QAM
18.837011684727234,16QAM
2.4527709584661572,64QAM
26.207358723203317,64QAM
27.626172015954396,64QAM
1.8323387956459125,QPSK
8.30632944441611,16QAM
24.18603839379184,64QAM
22.44779071150975,16QAM
5.53563058069132,16QAM
6.280479700101309,64QAM
11.11416308374146,64QAM
14.53568955573064,QPSK
18.54764314590888,16QAM
11.067409187093173,64QAM
13.876041483994436,64QAM
22.424128144012695,16QAM
1.100496086717937,64QAM
7.573108330320623,16QAM
21.400487576536573,64QAM
26.85620513061598,16QAM
15.350323263469983,64QAM
15.96340455795947,64QAM
3.2151603401932816,QPSK
13.422371004703638,16QAM
15.978517993650694,QPSK
7.27411510904189,64QAM
8.077296928481429,16QAM
11.31852489313868,16QAM
0.602135933331791,64QAM
9.66237496749535,64QAM
6.34344020989634,64QAM
9.82492056533744,64QAM
3.5928639545775365,16QAM
26.715818422196847,QPSK
17.80777360662146,16QAM
20.37306957433469,16QAM
23.67513715822015,16QAM
14.953265967871719,16QAM
2.6076086426227105,64QAM
16.113196254556435,QPSK
17.605233540626372,16QAM
22.3631842255299,16QAM
12.949786386890382,QPSK
3.827409083866913,64QAM
8.513277173961734,16QAM
10.892468891959053,64QAM
19.377517239948038,16QAM
17.123349140067358,16QAM
10.682901776935388,QPSK
29.59545746378939,QPSK
18.173244580706616,64QAM
7.116803752079834,16QAM
3.0534741786121122,64QAM
4.585774175529961,QPSK
7.378731851535244,QPSK
4.82044119778667,QPSK
5.5970107215391725,QPSK
8.552855060815412,QPSK
5.201207858842645,64QAM
26.902962738792755,64QAM
2.4070123698492663,QPSK
15.73534168710764,16QAM
12.311904809689846,16QAM
29.47135850725819,16QAM
3.3611670650415704,16QAM
11.935667971372249,16QAM
29.084112998261066,QPSK
25.965213776819407,64QAM
24.512162128478398,QPSK
7.737084811348195,16QAM
5.126627621701974,16QAM
20.05929659773293,64QAM
27.881279673827574,QPSK
16.702886790417892,64QAM
17.148380684096995,16QAM
8.399372809808526,16QAM
23.084787995758106,64QAM
5.611312456725701,16QAM
9.71037709212731,QPSK
12.763093158492504,16QAM
15.22831136053365,16QAM
7.2722919724524075,QPSK
3.445104742176106,16QAM
18.318601273248976,64QAM
8.658916597207673,64QAM
17.437146642678368,16QAM
4.630881458226069,QPSK
14.434203055644524,QPSK
15.977682976547577,64QAM
1.5547061046728072,16QAM
10.098128345817617,QPSK
4.032440308169227,QPSK
1.9012491141830323,64QAM
29.698806971698357,64QAM
9.67061534924169,QPSK
24.296233375639044,64QAM
7.6392196429129156,QPSK
20.44508166671788,16QAM
22.806835796690596,64QAM
17.869162218235328,64QAM
14.147285656504751,16QAM
12.355227424418056,QPSK
10.46604799628986,QPSK
27.885874327434774,64QAM
24.918582233631874,QPSK
28.950807319995377,QPSK
3.728916704566342,16QAM
21.92602425610933,16QAM
28.150213704631135,16QAM
5.436991984969804,64QAM
1.9948880210033249,16QAM
22.233619478701772,16QAM
17.234193395397355,QPSK
25.254863302748163,16QAM
4.193171298788685,64QAM
23.858019355796706,16QAM
6.048819601432336,64QAM
4.909678285971135,QPSK
4.927973937929789,QPSK
24.437241606941463,16QAM
19.955916620886004,QPSK
15.69196274307358,16QAM
10.764914523705075,QPSK
26.31601622439325,64QAM
11.773353222679061,QPSK
24.497983184147312,16QAM
13.174047257106553,16QAM
11.308332882747226,16QAM
13.880393570088193,64QAM
9.041336224924262,QPSK
22.428281405287535,16QAM
15.081611702774374,64QAM
6.96638085440452,64QAM
26.987237198237054,64QAM
11.516736641196342,QPSK
16.306585833419657,QPSK
27.19416332893641,QPSK
18.727139877419763,64QAM
3.506941221250922,QPSK
28.194963708404252,16QAM
18.831241592142536,64QAM
10.047168439712584,QPSK
4.1781621799016175,64QAM
23.820755678108878,64QAM
18.602182677855406,QPSK
16.003832759289647,64QAM
26.81677749152873,QPSK
23.657916336735923,QPSK
4.550246391982535,QPSK
9.351662033866447,64QAM
7.454674194433972,64QAM
22.31838877718031,QPSK
1.0059730420733815,64QAM
17.096690546139495,QPSK
22.873760572220718,16QAM
26.302969102852483,64QAM
10.262452461477224,64QAM
24.637719140160385,16QAM
3.318952108656217,16QAM
25.393568752035545,16QAM
3.8246598699594725,QPSK
11.918618716811018,QPSK
23.918860973386607,16QAM
4.497522820463214,QPSK
6.877541856979245,64QAM
21.667577051791987,16QAM
21.601096096382232,64QAM
19.234428986558918,QPSK
20.818453334013,16QAM
16.281733300427884,QPSK
7.553971767208583,64QAM
10.370879805117584,QPSK
5.44793150404277,64QAM
27.25351684000885,QPSK
17.501753842983614,64QAM
12.025542502909197,QPSK
13.86017410932398,16QAM
28.41850018835446,16QAM
4.600542093482406,QPSK
17.586894960503916,64QAM
15.17666036653398,QPSK
18.343627063039435,16QAM
0.5433055146252153,64QAM
26.163717268324543,QPSK
27.96354847450837,QPSK
16.953995507676268,64QAM
20.899524716306768,QPSK
27.67498143531887,16QAM
21.21715902940196,16QAM
4.57617128742784,64QAM
17.288650805004394,QPSK
18.201451391485676,QPSK
12.72392013907158,16QAM
22.093327068741687,64QAM
28.031010443070446,64QAM
27.76705538720329,64QAM
13.525181142123962,16QAM
3.397141375222658,16QAM
29.54523596887004,64QAM
25.166942593378025,64QAM
3.739880436098005,QPSK
27.62525647852117,QPSK
26.096890861863848,64QAM
15.565141713782163,16QAM
17.738263072347877,16QAM
11.970081116103907,QPSK
1.64284916466094,64QAM
10.055917249377028,16QAM
24.085603457940344,16QAM
0.13896069013808576,16QAM
10.004975150734325,16QAM
11.9450608077283,QPSK
16.121868088137685,16QAM
27.595668492382813,16QAM
10.390379830978837,64QAM
10.40859605688683,64QAM
22.125037443292452,QPSK
13.566538226694215,QPSK
6.738144688199458,QPSK
13.573185483980803,QPSK
4.225710611393996,16QAM
5.291609595186699,64QAM
14.951033182184393,16QAM
12.567763485136437,16QAM
27.445377032043,16QAM
10.871816973498994,64QAM
17.417650508341303,QPSK
18.96792863758591,QPSK
0.3928336976500091,64QAM
19.906121160501318,64QAM
5.341079006092543,QPSK
28.832109524083656,16QAM
4.459881832593389,QPSK
12.438723711810711,64QAM
2.5604900423593158,QPSK
29.906227555378422,QPSK
15.065850309937277,QPSK
17.861550519601312,64QAM
2.012294321652824,64QAM
22.498814111975335,QPSK
6.2971677928675724,QPSK
26.941628683221413,16QAM
6.1541892144602155,16QAM
5.720631619909997,QPSK
1.0964900354428464,64QAM
14.162008353299978,16QAM
16.945233997878493,QPSK
1.971259182850571,16QAM
23.26582850085032,16QAM
13.598665042440828,16QAM
15.731708079827401,64QAM
13.222882408146845,QPSK
12.02289182625978,64QAM
16.789209939246536,64QAM
4.657207377921376,16QAM
5.457843914858134,QPSK
25.85356863040552,16QAM
28.38346386400898,64QAM
11.199279488392587,64QAM
8.122340194306613,QPSK
19.319986297170473,64QAM
12.262025132942892,64QAM
0.7615906698103458,QPSK
4.684577920985711,16QAM
21.479166865421927,QPSK
19.76771825730454,64QAM
0.8128797751045047,QPSK
6.6591648579884835,16QAM
6.932243897642142,64QAM
20.15678230796185,16QAM
0.5913161326309246,16QAM
3.123257459537215,QPSK
23.99748256119568,16QAM
5.356339861630008,QPSK
19.58238323555624,QPSK
7.145483431401796,16QAM
2.983241782780355,QPSK
7.295165729983623,QPSK
21.668007955669776,16QAM
25.67089404318857,64QAM
24.906595937009747,QPSK
11.915505888553644,QPSK
20.042554097119385,16QAM
6.149528862474629,QPSK
8.794431907830397,16QAM
26.890074555633593,64QAM
0.39005770532208106,64QAM
2.5652559256340424,16QAM
6.23658765438082,64QAM
0.7959661162145915,16QAM
5.443063052693919,QPSK
17.491246829090766,64QAM
12.642736517774939,QPSK
26.780151332309245,QPSK
24.523306852153226,16QAM
10.25452055093628,64QAM
7.782703002938774,64QAM
11.390772245018008,QPSK
17.708848275444232,QPSK
8.041909224686288,16QAM
18.72446723547402,64QAM
12.282349565737213,16QAM
16.561415425559407,16QAM
13.0837958740595,16QAM
8.83397278625753,64QAM
28.453599208864702,16QAM
22.908173824792826,64QAM
4.203395272993577,16QAM
26.054039276937385,QPSK
14.62293594748541,16QAM
26.83656680682274,16QAM
23.995657678419455,64QAM
12.756405134077003,QPSK
0.674079249603522,QPSK
8.060320781548382,64QAM
16.249026439826007,64QAM
19.00434659478442,QPSK
7.736630562996068,64QAM
4.180682222184724,QPSK
25.047907103978975,16QAM
29.532065421106562,16QAM
15.770705469080575,QPSK
5.150378575449105,QPSK
8.169219795581068,16QAM
0.551720296424002,16QAM
27.42896419681497,QPSK
3.532532486704234,64QAM
17.295494265427607,64QAM
8.22165662061618,QPSK
16.6253400754738,64QAM
19.542611650555926,16QAM
24.892254111216047,16QAM
6.1926381528180965,64QAM
0.32987485975441433,QPSK
4.106568902064218,16QAM
27.000559255443154,16QAM
26.216702326875456,16QAM
17.922393065109247,64QAM
18.0155058130096,QPSK
19.951100236387664,64QAM
5.261138358703487,QPSK
27.432358377748795,QPSK
12.563115746762193,64QAM
11.494155847484924,16QAM
15.567531158485126,QPSK
1.4089790032516514,64QAM
4.988501062682382,16QAM
22.141008492791112,QPSK
2.483960037753794,QPSK
18.094563283991647,16QAM
7.360473290439629,QPSK
11.678868421259295,64QAM
8.660812103120996,QPSK
10.670181493948474,QPSK
21.571377155527365,16QAM
8.913651468695251,64QAM
16.992139208906917,16QAM
14.28151206597299,64QAM
19.910134960879443,16QAM
28.10489217974274,QPSK
21.97716291630751,64QAM
6.448211357722703,64QAM
0.9354940518385402,QPSK
7.867921328994752,16QAM
17.852337921007646,64QAM
1.5427744045275105,QPSK
14.89098741603709,QPSK
17.905285467506676,64QAM
10.027316724508825,64QAM
23.12736611237466,64QAM
3.1979475940131543,QPSK
2.254133452074263,16QAM
21.8456626861081,16QAM
14.864739486185954,64QAM
20.65207189283208,QPSK
13.044820158112387,QPSK
7.392060997173204,64QAM
24.573069530225993,QPSK
23.982476369069378,QPSK
20.840894125632804,QPSK
8.164354116898881,64QAM
17.706920006072615,64QAM
10.829216908200804,64QAM
2.7474621997990245,16QAM
27.519407263867283,16QAM
4.104558927568842,64QAM
28.50712061462407,QPSK
13.380173188738672,QPSK
5.553987865158589,64QAM
16.257028421350743,QPSK
26.18837507629225,QPSK
21.966746592286835,16QAM
24.196834435843492,QPSK
19.763501001321522,QPSK
20.768296935535574,64QAM
25.47586954695958,16QAM
7.490040265775578,16QAM
14.682748909294215,QPSK
6.636283254588067,64QAM
29.63004023989941,16QAM
28.321780190598396,16QAM
1.182804341055177,QPSK
21.167255175470654,16QAM
27.757449522469976,64QAM
5.417260353820006,64QAM
17.038356916578884,16QAM
27.464648927641257,64QAM
1.0183793575739652,64QAM
20.922608017405196,QPSK
8.920470221176522,16QAM
27.73188586129591,16QAM
29.131747354961032,QPSK
28.32799467340302,QPSK
14.226426499723914,QPSK
25.861279529679404,QPSK
25.33648195605211,64QAM
9.573014197297669,64QAM
24.86746422452032,QPSK
1.1102290414647786,16QAM
17.88809635446159,16QAM
6.900265118631092,16QAM
3.6170065733183643,QPSK
2.3085960488762747,64QAM
20.888663276344193,64QAM
10.196248913041984,64QAM
21.743003145862843,64QAM
1.960690223968271,16QAM
9.45871013491831,16QAM
16.184738771260115,64QAM
23.721694945168906,QPSK
9.562575087962097,64QAM
18.776741293110273,64QAM
26.579332447085616,QPSK
18.475895645469137,64QAM
6.988784242609013,16QAM
0.7320234466961406,QPSK
26.102966217027898,QPSK
0.6380823255116141,64QAM
26.24105018052598,16QAM
15.86811402081636,16QAM
28.172030955386884,16QAM
23.96349707320996,64QAM
29.938023316000123,64QAM
10.521354463551305,16QAM
23.015648667933807,64QAM
12.057927408277266,16QAM
14.396268609117266,64QAM
18.825163896551103,QPSK
26.21031342559016,QPSK
29.522504075978855,64QAM
23.048202415935545,64QAM
12.533003465020013,16QAM
12.640710068312105,QPSK
22.127469047666743,16QAM
7.1633143730490705,64QAM
3.3142233939418397,16QAM
10.638664729223295,16QAM
8.617169749622452,64QAM
8.889243613679703,QPSK
7.008232531497298,16QAM
1.2627956890908565,64QAM
0.5362180420024143,16QAM
29.631671692080946,64QAM
12.83319401207587,64QAM
11.52979941479045,64QAM
20.389418480792095,QPSK
6.5476166359519254,QPSK
28.49883551850676,64QAM
23.59035043246656,QPSK
2.6823300693677856,16QAM
12.52742327354785,QPSK
26.37354922686494,QPSK
28.34196066874231,16QAM
14.022045337496092,16QAM
18.40234167632123,16QAM
5.0110183827622565,64QAM
29.735058784109295,16QAM
6.950151041503302,16QAM
28.28195322405377,16QAM
19.489399469771055,64QAM
18.232103846365774,QPSK
15.380655330495257,64QAM
6.920094351532761,QPSK
5.295840960165248,16QAM
6.61458627210526,64QAM
5.593147864327635,64QAM
23.3875342070026,QPSK
10.503757775001903,64QAM
1.735280296901891,64QAM
29.07307890422434,QPSK
26.51357654890277,64QAM
27.83256849585639,64QAM
29.847234679393058,16QAM
5.216857476584619,16QAM
11.887260567079762,16QAM
22.74715427112274,16QAM
20.880618541613767,16QAM
4.616877190195652,64QAM
24.474993749718532,64QAM
6.73321715509982,16QAM
6.714528444678693,QPSK
16.109232686802407,16QAM
17.788198045251093,64QAM
17.402586235134336,QPSK
2.744605121932646,16QAM
26.32382587891141,QPSK
7.968001277661182,16QAM
3.885447638484125,64QAM
26.662442396069316,16QAM
28.6695449468926,QPSK
25.86382851796352,64QAM
24.285482241746344,16QAM
19.65725941917065,16QAM
16.52572111827418,16QAM
2.609602797342304,16QAM
12.253596392120961,64QAM
11.18065551036942,64QAM
7.792613512809786,16QAM
21.70260341065755,64QAM
14.876272052363124,QPSK
2.431386477229438,64QAM
6.6054960584943405,QPSK
20.497762909787877,QPSK
2.2839257847090053,64QAM
25.53620742146306,16QAM
14.85439581041923,64QAM
14.417597319799441,QPSK
17.772233539785528,QPSK
24.740428977754476,64QAM
10.434276237065792,QPSK
20.340484576771907,64QAM
16.97195891987373,64QAM
8.01084810508264,16QAM
26.35889959065474,QPSK
23.922780648207844,64QAM
19.753555039752765,QPSK
25.51745187282726,64QAM
26.01882602879407,64QAM
21.250889301451043,16QAM
25.110399850910163,64QAM
20.924143850078508,16QAM
20.404223152809013,QPSK
18.558341346455528,16QAM
22.581499186729236,16QAM
4.7581531587922115,QPSK
26.426122775967855,16QAM
26.15530583235696,16QAM
0.8774184910367744,64QAM
24.77450251694288,16QAM
3.866096024203356,64QAM
10.053565627774256,16QAM
22.30524768874823,QPSK
4.822796881449246,QPSK
24.539010723571867,16QAM
24.964025338732256,64QAM
15.224032012825086,16QAM
0.1915761515050074,64QAM
8.611143995247383,16QAM
18.507807551272265,QPSK
29.435585340822705,QPSK
18.954405810500052,64QAM
7.794107431924794,16QAM
19.020171092988342,64QAM
16.199561391475665,QPSK
23.395361854534308,64QAM
3.209419164808752,16QAM
22.830837075060842,64QAM
16.23799736028331,16QAM
28.88976011576984,16QAM
10.256164981160582,QPSK
18.978656794018445,16QAM
27.960843165300524,16QAM
3.0752918397203777,16QAM
28.116854617093534,64QAM
20.636571669024402,QPSK
2.0351117731551573,64QAM
9.028907008404488,64QAM
21.24516265935845,QPSK
2.020518044063151,64QAM
17.465113805288198,64QAM
10.376491708588702,16QAM
18.627465533024314,64QAM
1.3722610143753855,QPSK
26.14610418457129,64QAM
29.204669075321906,16QAM
29.066335658570743,64QAM
22.48955495228774,QPSK
3.902587203918959,16QAM
22.74789587787068,64QAM
0.7376074937640453,QPSK
0.6637065458699176,QPSK
9.708306574486237,64QAM
14.659295712139972,64QAM
23.112222534233798,16QAM
20.498861298195155,64QAM
13.37708119130245,16QAM
8.208799988449977,64QAM
29.913735004731336,QPSK
12.785439067079189,QPSK
13.541610729890264,QPSK
4.9087146357500755,QPSK
23.84428646249788,16QAM
20.81046677344466,QPSK
6.623088383662812,16QAM
2.471431368475281,16QAM
20.414979062241393,16QAM
19.63533642843406,64QAM
8.19778580994628,16QAM
28.52590686751231,64QAM
4.5317367534270065,16QAM
12.970044031278057,64QAM
28.308477605027967,64QAM
12.591819507783669,QPSK
19.155778429922567,16QAM
11.927831938883829,64QAM
8.2264560704601,QPSK
29.51932943879485,16QAM
12.28002018945129,QPSK
26.822976110374032,64QAM
6.898638176732586,QPSK
6.3931411207524995,QPSK
0.9340224865353408,16QAM
19.55000476127655,64QAM
11.055790311712833,16QAM
25.930747495189113,16QAM
14.196297200746715,QPSK
29.045802837441652,64QAM
5.565765471093634,16QAM
26.058695038668322,64QAM
23.297905583752254,16QAM
23.12765533932156,QPSK
25.343496843506628,16QAM
22.830719728289967,16QAM
18.786609648942463,16QAM
3.937346330471627,64QAM
0.9757853847375575,QPSK
27.625435434470607,64QAM
18.49950943562214,16QAM
23.89611872928529,QPSK
14.445670545376503,64QAM
3.519245668871834,16QAM
3.7555737660765134,QPSK
20.56695861686914,QPSK
12.90917684698388,16QAM
6.015741801010101,QPSK
14.747836402243106,QPSK
1.9262681122540226,64QAM
17.459142057431965,QPSK
8.06980213305293,64QAM
23.926773019115643,64QAM
9.310858767707213,64QAM
13.656604472454037,64QAM
0.34861619724301907,QPSK
2.173406633836766,QPSK
11.774806692200544,64QAM
14.398165041513705,QPSK
18.000616443579112,64QAM
8.749877361279097,64QAM
20.849456583796275,64QAM
25.803671915676137,16QAM
23.395529666800496,QPSK
1.1885647604507144,QPSK
14.415208417734869,64QAM
3.147905352545246,QPSK
7.261350475875824,64QAM
29.599877798014393,QPSK
4.274866287045397,64QAM
14.966644603540683,64QAM
18.544672029543573,16QAM
21.073949116323117,64QAM
16.789460504607423,16QAM
0.2931254225755098,QPSK
9.793839247319756,QPSK
15.531349301541344,16QAM
2.6359949743450004,QPSK
10.518807936275422,16QAM
0.9960932637409969,QPSK
2.3573549146506223,16QAM
11.907698286047882,16QAM
3.9814726212918106,64QAM
17.026225447846745,QPSK
20.683949074117972,64QAM
24.017600973272486,16QAM
6.004507327344303,64QAM
5.024477467772092,16QAM
3.137035210032008,QPSK
19.0929074863091,QPSK
21.194271794607033,QPSK
0.9475843447692611,16QAM
28.086367387310695,64QAM
1.5591385095441723,QPSK
16.238890059032116,16QAM
21.27181558352749,64QAM
26.129073712382567,16QAM
21.422607963972833,16QAM
24.051842492093755,QPSK
10.183505776284182,16QAM
24.444753412395368,16QAM
2.403445391540254,64QAM
26.84449968181583,QPSK
16.42777128461209,16QAM
24.51893309887481,16QAM
13.569548535549004,64QAM
19.30733085589575,16QAM
15.792079828083397,16QAM
21.947685652659956,16QAM
2.448899460917687,16QAM
1.810562519716914,16QAM
7.413097020304393,64QAM
4.78634040339565,16QAM
26.15350699776605,16QAM
6.57641962074133,16QAM
29.275957674573938,16QAM
10.106873753133206,QPSK
5.463537470660978,QPSK
23.690955214274375,QPSK
19.761233265026284,QPSK
14.945871493594169,64QAM
16.660906528128937,QPSK
21.576053348167914,64QAM
6.853642239938962,QPSK
29.89001748170226,64QAM
29.243794864403494,QPSK
19.509770590408106,16QAM
5.986273527874354,QPSK
20.40684727293874,QPSK
2.1659522693752753,QPSK
0.9195750661741819,16QAM
7.73048665533641,64QAM
13.878688702179488,64QAM
26.048175162251415,16QAM
21.81507209298924,QPSK
22.28119563599943,QPSK
12.76480003344226,QPSK
10.378049776408888,64QAM
11.13116288953808,64QAM
29.629486912081735,16QAM
1.2032757423744744,16QAM
26.010944883673456,64QAM
17.3602622571718,QPSK
13.158462575687714,QPSK
21.757729812454095,QPSK
14.600068242741086,QPSK
26.202697142449818,16QAM
27.021055920337755,16QAM
12.651627806203663,64QAM
8.304833917051548,16QAM
17.770509857800867,QPSK
27.370900368500727,64QAM
6.319865670169998,16QAM
18.688997506904485,16QAM
18.946806602775617,16QAM
21.99339067245843,16QAM
3.947030553817794,16QAM
21.474748940462657,QPSK
27.27097561996923,QPSK
5.390493266107259,QPSK
7.126299747716329,16QAM
29.141852821249188,64QAM
5.429308581284693,QPSK
25.631552801087373,QPSK
14.768335693441044,16QAM
7.416932232095311,64QAM
26.122497038175343,QPSK
13.359157650079965,QPSK
15.444520617890706,64QAM
10.777001081992971,16QAM
17.78852554304782,64QAM
4.9057161775506835,16QAM
11.73244609955282,QPSK
29.082369670058625,64QAM
7.744002981033827,64QAM
19.702099936238767,QPSK
9.755701926740846,QPSK
23.20419377059802,16QAM
3.926209821550495,QPSK
29.09463135235634,QPSK
13.613686241509178,64QAM
7.081513900393919,16QAM
2.20490241990038,QPSK
5.092737152626222,64QAM
15.59321845668053,QPSK
10.110095292938588,QPSK
24.866500976478285,QPSK
12.926625709854179,QPSK
7.461428177628897,16QAM
18.5143495981209,64QAM
21.203316506563375,64QAM
5.011257237028496,QPSK
5.02857648864953,64QAM
1.1001428080062892,QPSK
22.092060451969214,64QAM
19.914135828654153,16QAM
14.238926272494417,16QAM
25.325113469075912,64QAM
24.170104588501594,QPSK
17.560630931902566,QPSK
26.04813841539776,QPSK
6.175236301103047,QPSK
3.3575885819318363,16QAM
8.092488345509688,QPSK
1.7126056826794456,QPSK
15.935085840030961,QPSK
28.098170768848846,QPSK
1.1803062200552894,16QAM
3.663297420300804,64QAM
13.565970848503058,64QAM
28.016250525837147,QPSK
9.484683149302516,QPSK
15.217044260651774,64QAM
1.247185771511763,16QAM
4.450296028862666,16QAM
29.598903688765407,16QAM
28.953560893081367,16QAM
0.14819942803228847,16QAM
28.55435356269717,16QAM
19.17359813446501,16QAM
26.037548835600663,16QAM
13.642195669015774,16QAM
15.467880857377507,QPSK
14.665397407707605,16QAM
20.00592772638313,QPSK
4.1895376426893876,64QAM
0.8992076961803386,QPSK
9.237898247735728,64QAM
21.1404228820994,QPSK
6.055603563688451,64QAM
20.20297299974752,QPSK
29.097361383218114,QPSK
2.8170214736825514,64QAM
20.178063546753787,16QAM
13.312506579137134,16QAM
26.044267631325162,16QAM
5.314493683421578,16QAM
20.778778566784936,16QAM
25.143458689443307,QPSK
28.3384265842207,16QAM
20.497440848689376,QPSK
14.915242920252819,64QAM
18.535417206036414,16QAM
26.067149534361548,16QAM
17.11829239916489,16QAM
0.9116117909051058,16QAM
27.928460865209335,QPSK
20.685802530946834,QPSK
20.295401573317395,QPSK
6.470254571931515,64QAM
19.766564106979715,QPSK
11.815932169624755,16QAM
19.536989311244763,64QAM
3.1977909092397216,64QAM
19.73535913809108,16QAM
29.982411773119996,16QAM
1.4463611658166808,16QAM
29.31522552663952,16QAM
12.207238821686119,QPSK
26.122603510117774,64QAM
23.471564521748203,16QAM
17.010487829600034,QPSK
22.153476277539795,16QAM
26.355466839040435,QPSK
12.12420964953099,16QAM
9.810994846897161,16QAM
20.02780156690754,16QAM
24.23537825823776,QPSK
22.868554043298474,16QAM
23.934409465759035,QPSK
13.06749944438799,QPSK
24.535026485250647,64QAM
3.606271661118253,QPSK
16.334672938825488,QPSK
0.17275981494364712,QPSK
9.737574897008109,QPSK
10.993846046141936,QPSK
11.885180748277662,64QAM
20.864016200695865,16QAM
11.656743038110372,64QAM
13.46080867867592,64QAM
7.126323926229824,16QAM
11.197553748880203,QPSK
6.8180888178945445,16QAM
2.195877713053309,QPSK
18.103457801441337,16QAM
20.046383956650487,64QAM
18.584710380288435,QPSK
13.90482131401717,64QAM
11.393573405376895,QPSK
25.900009487154758,16QAM
15.572453554086541,16QAM
14.375456328891929,16QAM
0.7692619741930706,16QAM
10.237434828784691,16QAM
11.405868563575712,64QAM
11.964683426907015,64QAM
17.40517107681997,QPSK
16.008076401806353,64QAM
18.23715278380334,QPSK
22.94649784626385,QPSK
24.389572161482803,64QAM
21.543692286794833,64QAM
28.665710878648042,QPSK
0.5469774802908489,64QAM
5.873339570506383,64QAM
0.2268862493442636,64QAM
19.42424142463809,16QAM
26.94091646849961,16QAM
7.304468897288978,QPSK
27.8110363438892,64QAM
1.8080217086868255,QPSK
28.03308080416543,64QAM
10.548680617189031,16QAM
3.0426248534764957,64QAM
14.576152775589769,64QAM
7.7032970316152385,64QAM
8.546187058857685,16QAM
9.218698947788598,16QAM
24.090776934979903,16QAM
16.174838300257633,QPSK
9.33923097468011,64QAM
18.31001349932755,16QAM
21.484520226695807,QPSK
8.178720022006013,16QAM
12.406473045760546,64QAM
3.656582800108427,QPSK
5.4344804860404095,16QAM
20.433535618949485,16QAM
5.443150430868808,QPSK
15.754901510011805,QPSK
21.27138785167298,QPSK
3.206307692842315,QPSK
17.019366588867108,QPSK
7.696883511040912,16QAM
28.887806257127394,QPSK
14.506369401597741,QPSK
24.179776493254742,64QAM
16.506796264687853,16QAM
1.302375985644575,64QAM
18.994541267820672,16QAM
28.54210026619971,16QAM
18.048354604389935,16QAM
24.575665782803707,QPSK
26.526193900452235,64QAM
6.842393158467974,16QAM
6.361345197246799,16QAM
18.32942966552975,16QAM
12.330854094201142,64QAM
25.19583908600161,16QAM
27.000693701940335,64QAM
10.602641379081543,64QAM
7.106116769234462,QPSK
23.415765457315853,16QAM
8.244181066444083,16QAM
24.67842955541035,64QAM
12.712147609462885,64QAM
20.026496978744113,QPSK
2.8660594150400454,16QAM
18.71577974029719,64QAM
13.553030362116873,16QAM
17.59825389526422,16QAM
5.040426232345903,16QAM
22.106212348325464,64QAM
25.883912326296855,16QAM
6.50219400272327,64QAM
2.871436665604852,QPSK
0.7091575813900919,QPSK
19.25914501329798,64QAM
18.212821082663424,16QAM
16.4009223814221,QPSK
6.958412883479262,QPSK
11.72717987716544,64QAM
17.834290055585193,64QAM
14.903005765775081,64QAM
29.63356560644662,64QAM
4.093192576701994,64QAM
20.854336621427812,64QAM
12.129563043128764,64QAM
12.845988447768443,16QAM
21.527932969745287,16QAM
20.77308453973109,16QAM
29.73767981106565,16QAM
3.851828683623757,QPSK
3.1232894815249903,16QAM
21.730164513862235,QPSK
17.351607510192274,QPSK
8.224819996794176,QPSK
2.382581069669598,64QAM
2.569747487892916,QPSK
26.825726239923547,QPSK
5.756019741562287,QPSK
9.701146863465622,64QAM
6.799692066809641,16QAM
10.649889174958119,16QAM
2.082715282382801,QPSK
15.57179372724811,QPSK
2.028376907766447,16QAM
24.010695234670848,16QAM
7.011362457312991,16QAM
16.200357438135317,16QAM
26.402372626843746,QPSK
19.526321071415826,QPSK
15.988733596540058,QPSK
9.730012593461268,16QAM
9.990057391745937,64QAM
20.084608655945704,16QAM
29.824180836635026,16QAM
19.855175695481357,64QAM
16.733502521100746,64QAM
21.919515307177384,16QAM
13.956168368511545,64QAM
1.8042702780235564,64QAM
16.868904476337296,64QAM
28.728758535161408,16QAM
5.259088270729789,16QAM
20.700146724619973,64QAM
6.028010659771694,QPSK
16.074830534192436,64QAM
2.9002934894015886,64QAM
13.511128087745554,16QAM
22.684899866857382,QPSK
10.427145727169462,64QAM
19.94735173461654,QPSK
23.863498823691877,16QAM
27.815334584383578,QPSK
7.039262455663606,16QAM
11.979477474279244,64QAM
4.572480399912523,16QAM
29.774505064751256,QPSK
27.81002903772886,QPSK
16.19871390841679,QPSK
25.26099883129264,64QAM
15.628739318161266,QPSK
18.707570640082793,QPSK
2.6737329634804983,QPSK
22.658112614904237,16QAM
3.8314045090570445,QPSK
24.782028907575853,16QAM
23.46084263011158,QPSK
21.262340932289295,16QAM
1.0848114157428634,16QAM
9.093850678359859,64QAM
7.893377097325286,64QAM
10.804092224145572,16QAM
2.6292824029151562,16QAM
28.108734690931882,64QAM
16.61406722137129,16QAM
9.165729319740706,64QAM
11.909445512228503,64QAM
13.41607621514507,QPSK
18.01783000081852,QPSK
15.470382830894934,64QAM
27.58175919643252,64QAM
14.908904487174908,16QAM
29.76474044469938,64QAM
25.542748732352873,64QAM
6.255315430720074,QPSK
27.91785643931749,64QAM
3.4909919365642827,16QAM
24.52349125473575,64QAM
11.418698804297403,QPSK
26.339229613352085,QPSK
26.041700703223512,QPSK
24.177762003528635,QPSK
23.70091308921184,64QAM
9.140374172941224,16QAM
2.4275784915375653,16QAM
12.089405362954844,16QAM
5.20573544959526,64QAM
20.84853266707385,64QAM
10.382991796133567,64QAM
29.268306025797447,16QAM
19.22916232035996,64QAM
24.67441690903083,64QAM
3.9757401822554526,QPSK
25.860434468178678,QPSK
27.68271571540183,16QAM
14.611857564568076,QPSK
18.187588132529324,QPSK
22.944294027089864,QPSK
5.245158817812376,64QAM
15.076982293903272,QPSK
11.959890833169393,QPSK
4.391219764867474,QPSK
11.026032668745943,64QAM
2.045169281564807,16QAM
0.7743572084846095,64QAM
4.054988674644683,64QAM
28.893453347675216,QPSK
16.48588607685051,16QAM
28.9746648345966,QPSK
12.97493634990396,QPSK
9.354483992557787,16QAM
15.184255885207323,16QAM
13.185350658987304,64QAM
3.1699405278523174,16QAM
19.224789440706186,64QAM
6.481145475287988,64QAM
18.587638646934888,QPSK
19.5060327719446,QPSK
4.560745593859443,QPSK
1.8404888133200448,16QAM
23.422847582053194,16QAM
13.794012713079605,64QAM
1.7449138651642737,64QAM
29.845989515093013,64QAM
1.733416829890999,16QAM
20.851056865756597,64QAM
29.510367757902408,64QAM
7.175403126477768,16QAM
4.267481060615886,QPSK
3.641548182672867,16QAM
9.098254427027866,64QAM
3.0313743303194007,QPSK
20.76484025082396,16QAM
1.8687539439018808,QPSK
15.28266384449369,QPSK
29.900905615589302,64QAM
24.419108085180564,16QAM
18.456583146930328,64QAM
9.18760862359835,16QAM
18.716875088749156,16QAM
15.811243917349548,16QAM
12.782501516711145,QPSK
3.921311302205984,QPSK
26.598126457214,64QAM
13.493539464639676,16QAM
5.838675354622952,16QAM
11.032780526318689,QPSK
12.42389257586781,16QAM
24.82613686700623,64QAM
22.00843141684206,16QAM
23.079146809240193,16QAM
0.3309379328594164,QPSK
12.484619945392845,16QAM
14.440324549059708,64QAM
0.5757683046917006,64QAM
7.794396262351027,64QAM
22.80869469366405,64QAM
4.113291171869972,QPSK
16.05930394357775,16QAM
6.456056160517125,QPSK
0.3636232393167982,64QAM
7.236043727986244,16QAM
29.276212647301612,QPSK
24.046113356489688,16QAM
28.787299329631,64QAM
14.635621317790873,64QAM
3.292085960325105,16QAM
16.43878466921079,16QAM
13.631320036798826,64QAM
25.330712482188478,QPSK
2.942477423527338,64QAM
14.647234110653345,16QAM
4.501459940819528,QPSK
9.7402778067018,64QAM
22.120712321633988,16QAM
14.280543881062997,16QAM
11.27664855437308,16QAM
11.834288357101059,QPSK
13.7834030521796,QPSK
23.550496315111708,QPSK
26.76254066820703,QPSK
28.66004059511785,16QAM
23.607101587658853,16QAM
9.462206872440381,QPSK
20.644041182596265,QPSK
13.128093721661758,16QAM
7.6401186613815355,64QAM
25.22614738277768,64QAM
1.15279046886975,16QAM
27.052859764062706,QPSK
13.844323938742026,QPSK
19.116044304248412,16QAM
19.78061766617348,64QAM
26.85353222119609,16QAM
19.10009046501622,16QAM
18.418007542801853,16QAM
1.9995612168206989,QPSK
15.552240658356123,QPSK
4.50507002451125,QPSK
22.123013061644567,64QAM
15.366657624380235,16QAM
20.4068333762506,16QAM
1.250187018071528,64QAM
2.543760481374097,QPSK
21.48970164188047,16QAM
2.162530079960201,64QAM
2.1377018329577577,QPSK
0.3632542570466235,QPSK
28.695041948984404,16QAM
22.12525078377021,QPSK
10.597542255061924,64QAM
8.896067438629657,QPSK
10.491096892375486,16QAM
23.239605935435456,64QAM
19.841118332112433,QPSK
5.555867036024038,QPSK
5.22328006002253,QPSK
2.9518694914019195,64QAM
19.809081591040144,QPSK
22.93117986665208,16QAM
7.951392849750121,64QAM
0.6283488309273844,64QAM
2.4651500242928206,QPSK
29.035801045350915,64QAM
8.863343324322608,16QAM
23.07669443514401,64QAM
18.739907065627914,16QAM
11.458189189586877,QPSK
6.170617865866653,64QAM
3.641592544782193,16QAM
18.450389041165998,QPSK
23.239013419133638,16QAM
19.31712760623392,64QAM
15.90906399747475,64QAM
1.258536702949088,16QAM
29.054663327831513,QPSK
23.961425749637236,QPSK
8.784661101028941,QPSK
29.39910988076552,QPSK
18.056447689089662,16QAM
17.472679746217395,64QAM
22.442195382885963,16QAM
24.353093642704128,64QAM
19.69435821994508,64QAM
3.8428723909860008,16QAM
10.148025179834953,16QAM
27.842509209781493,QPSK
6.7384683553155575,64QAM
11.1650107151254,QPSK
12.96230648832588,QPSK
13.182149690833565,16QAM
18.388187474835764,QPSK
28.292275132341228,QPSK
7.2207813549751485,QPSK
3.645041289027542,16QAM
5.924114695798119,QPSK
26.607747006278085,QPSK
19.37432437965618,16QAM
8.577203677174804,16QAM
24.47840816905852,16QAM
25.84109989090308,64QAM
25.39543016070834,16QAM
27.567796009186633,64QAM
7.567230605200848,16QAM
22.65125786238835,16QAM
13.8161849182242,16QAM
25.259956586701847,64QAM
21.854720314848397,QPSK
23.293423394991738,16QAM
19.684855130432144,64QAM
5.322863084091206,16QAM
16.35080756690815,QPSK
29.540092185735247,64QAM
28.121641994913567,16QAM
1.29521207391035,16QAM
4.944444471883114,16QAM
3.951863203636857,QPSK
21.779397299558866,64QAM
24.53355989570835,16QAM
6.405340989320157,16QAM
15.17558078855487,64QAM
25.221090840336,QPSK
21.98404634298752,QPSK
16.26711616475545,QPSK
17.710430713763188,QPSK
15.250816407488399,QPSK
8.926453539564617,16QAM
16.950659785770483,16QAM
20.66655906150272,16QAM
26.19968747582423,64QAM
19.088740619377443,QPSK
22.83364611129474,64QAM
4.80214904863719,QPSK
13.846724232593697,QPSK
0.2799485948127989,64QAM
7.400365935648691,16QAM
21.793851453390147,64QAM
29.754298540480903,16QAM
2.975342987616477,QPSK
12.044829475838647,16QAM
24.002129060974784,QPSK
6.121069038866965,QPSK
16.65254847906859,16QAM
21.992138880890245,QPSK
18.47956350780537,16QAM
5.640742038462484,64QAM
10.661537060572183,QPSK
23.513753534561918,QPSK
16.6267954239605,64QAM
0.1568884062873821,QPSK
22.829722800842816,64QAM
1.059340648207172,64QAM
22.372013481936964,QPSK
6.0744168049571226,64QAM
28.742204403581407,64QAM
11.038222539062534,64QAM
9.807948490142373,QPSK
4.46664150997334,64QAM
9.168126464706447,16QAM
26.299522854846018,16QAM
29.89003012881742,64QAM
11.04928591520545,16QAM
13.458318928636277,QPSK
21.66212814608211,64QAM
26.585873413952235,QPSK
17.791330025603525,16QAM
11.74577094533488,16QAM
12.378655225458711,16QAM
20.868544394904205,16QAM
0.09654790812836045,QPSK
18.58768012379522,64QAM
10.664790313240722,QPSK
23.825919938312527,64QAM
2.789719194693965,16QAM
17.646068008451714,16QAM
14.429186696583713,16QAM
19.26976577715682,16QAM
1.9456078344890504,QPSK
17.399513622843937,64QAM
16.844537638785713,64QAM
16.819802832485127,16QAM
18.104629997893646,QPSK
20.294038116790865,16QAM
24.149669990423092,64QAM
8.09462160384643,64QAM
24.75148230540186,QPSK
14.94767046790361,64QAM
2.3117483740299347,QPSK
1.756527877319376,16QAM
10.027149560881824,16QAM
23.546909313344027,QPSK
21.230428042227473,16QAM
23.658448940172192,QPSK
15.518071693248281,16QAM
13.205969938664717,16QAM
4.423575801188519,64QAM
9.845782608279347,64QAM
13.020580985216258,QPSK
2.658012890388517,16QAM
6.618358581336338,16QAM
17.946758821912166,16QAM
22.069893427175696,64QAM
29.95042534178849,QPSK
27.99339994030673,QPSK
19.276955986055746,QPSK
12.63744159882216,16QAM
19.08532094124698,QPSK
23.56954854240696,64QAM
3.5500857277016196,64QAM
12.297146690888647,QPSK
25.194068569068516,16QAM
11.51498855799132,64QAM
17.156168136815594,64QAM
17.633080825865946,16QAM
5.5342875940091805,16QAM
10.867063249568652,QPSK
10.035338662257963,64QAM
0.7859012559619438,64QAM
0.7257529167406573,QPSK
24.950911310273202,QPSK
8.192124299184373,64QAM
15.542362987164463,64QAM
8.961767207663192,16QAM
28.220377353460215,16QAM
7.778902765973212,64QAM
12.889704382168052,64QAM
26.181907514538054,16QAM
25.25800700375426,QPSK
5.583042535388319,QPSK
24.079299293871312,64QAM
13.74560660213678,64QAM
14.489066162560656,16QAM
4.004399172478314,64QAM
2.41804541271374,QPSK
21.838179209212957,16QAM
14.893834570658992,16QAM
13.105521078455386,QPSK
21.8852468595719,QPSK
22.96538696973329,16QAM
4.767245030080607,64QAM
18.30675448432924,QPSK
4.060622468330566,16QAM
22.54125258087137,64QAM
19.708654688014185,64QAM
28.698438632503738,16QAM
2.0687404906926354,QPSK
1.7116416345376295,64QAM
8.465612240796004,QPSK
7.851170512077179,16QAM
7.409363972159994,QPSK
27.1876374156311,64QAM
7.486385995485183,16QAM
8.15849178385893,64QAM
22.78194787253891,64QAM
13.4921952735162,16QAM
23.301316708655435,16QAM
1.9609847269315572,QPSK
14.62713581020153,16QAM
1.008408005498479,QPSK
1.8795961036606357,16QAM
27.193123600332328,64QAM
4.177361133527855,QPSK
15.972620468256514,16QAM
12.332868078021196,QPSK
10.42029978776528,QPSK
26.995000370618175,QPSK
0.654701903264685,64QAM
19.913690585267673,16QAM
28.901833026406514,16QAM
16.805045503855258,QPSK
28.104673860992754,16QAM
1.567736378580713,64QAM
12.563799572224841,QPSK
7.804733728861535,64QAM
21.924628949421894,64QAM
29.4389127149174,16QAM
7.6959018733274345,16QAM
19.625238044222233,QPSK
5.942928982792203,64QAM
16.959907637148298,16QAM
13.917974600650085,QPSK
29.16015988894611,QPSK
18.255818180893996,16QAM
10.485191162604563,64QAM
3.422873546638001,QPSK
4.537404862048037,16QAM
6.759507898537053,QPSK
7.5289998402089395,16QAM
25.518481735234133,QPSK
16.83668364847575,64QAM
15.701727341230994,QPSK
3.443066156076524,16QAM
25.80419080048305,16QAM
21.68442909625451,16QAM
2.0300508570000475,64QAM
21.23505291689306,16QAM
16.30614652027938,16QAM
2.4517603724033474,64QAM
13.749019245859694,16QAM
14.540888613901409,16QAM
4.973236204898273,64QAM
28.37094441000847,QPSK
25.499261144419858,16QAM
20.07067011987325,QPSK
13.868866830018217,64QAM
12.352966247535255,16QAM
19.529204014528624,16QAM
16.362956082207162,64QAM
1.8681931764565685,16QAM
15.375079463109952,QPSK
24.192108516985186,QPSK
13.777196327908742,64QAM
1.5586973266280524,16QAM
23.588345981520995,16QAM
6.040913464079232,64QAM
7.758625046641163,QPSK
4.941190602968877,QPSK
9.906451946144927,64QAM
22.70254517065905,16QAM
15.58157578511812,QPSK
6.1464382245213764,16QAM
26.334902344561225,QPSK
26.387455648545874,16QAM
26.117352751380206,QPSK
7.163886341446179,16QAM
13.537180325429643,64QAM
29.54968968422625,QPSK
23.16037428929971,64QAM
0.8150226367667945,QPSK
1.9561377378147615,QPSK
13.917941304369982,QPSK
27.276606175846805,16QAM
16.161053938581425,QPSK
14.934375241028707,64QAM
3.1642109986989175,16QAM
19.70340314172882,16QAM
24.663094818006766,QPSK
11.41260022522687,16QAM
23.268355527759823,QPSK
28.934299617024347,64QAM
6.112993773830673,16QAM
15.699888935842239,16QAM
8.614138742537266,64QAM
23.78563257101518,64QAM
17.327800976434727,QPSK
19.037472526509113,16QAM
23.93742478847682,64QAM
11.879114179873646,16QAM
27.452702052211297,64QAM
15.9908660173842,16QAM
4.73864468506044,64QAM
20.876973545064075,16QAM
23.797840513147634,QPSK
9.5028503120258,16QAM
25.71537770996259,QPSK
27.184297642972993,QPSK
8.307134621334267,QPSK
29.505644181456663,16QAM
4.221345841462752,16QAM
6.060470052074699,QPSK
5.526745177140784,64QAM
26.819691300236112,16QAM
19.628776569748855,16QAM
4.563128496668186,16QAM
13.20970255105047,16QAM
18.458940752094062,QPSK
2.5039225496814987,64QAM
26.47249105222016,64QAM
24.108106063246055,64QAM
15.156203207299146,64QAM
29.013798457775113,QPSK
12.532829378252991,16QAM
29.523309571094934,16QAM
20.03759996410881,QPSK
19.040138197618244,16QAM
4.9786468588735495,QPSK
26.45783274913932,64QAM
12.824690637618454,QPSK
4.867002173474381,16QAM
0.3782255992727712,16QAM
16.792670509151478,16QAM
15.82198866368029,64QAM
21.580608671074756,QPSK
26.707741590534063,QPSK
2.3821975392908854,16QAM
21.94489471021087,QPSK
5.622358322927466,16QAM
25.74531159471492,QPSK
24.571905415849685,64QAM
16.22381264956633,64QAM
21.307283958699344,QPSK
9.430503395512451,64QAM
14.135036967984439,64QAM
24.64910693131415,64QAM
13.777955915196417,16QAM
10.733947959763254,QPSK
14.826373417508997,QPSK
24.84747757311655,16QAM
10.056241421126181,16QAM
5.212847794072314,64QAM
21.360420609923423,QPSK
24.779346381242455,16QAM
3.019124355706,64QAM
7.196223382678342,QPSK
4.259159692829817,64QAM
10.438242347465,QPSK
13.510529367162379,64QAM
22.464790108899194,QPSK
19.534427546450225,QPSK
18.627857024352934,QPSK
10.571248398289633,QPSK
25.243426592542797,64QAM
14.138615021944936,16QAM
29.373148140454635,QPSK
19.024264148872106,QPSK
3.7879422469350823,QPSK
20.28532686226302,QPSK
9.75312046295097,64QAM
20.589815900582924,16QAM
2.0892344448721722,16QAM
5.246443115278781,16QAM
25.67211776717359,64QAM
6.815386710705447,16QAM
25.1112337572882,64QAM
8.378282653632313,64QAM
19.286457301761228,QPSK
20.82451720529493,64QAM
15.379642594351587,16QAM
9.159320300901939,16QAM
6.379331291132884,16QAM
0.9956806368727866,QPSK
9.118392037221714,QPSK
19.59488371593849,QPSK
28.14914455345448,64QAM
26.136134467891562,16QAM
22.98194329605908,64QAM
23.65342029759896,64QAM
19.94954710427986,16QAM
7.80860572698009,QPSK
27.215850921174894,16QAM
20.121969357175022,64QAM
16.8132189294132,64QAM
3.3296840764044324,QPSK
13.411666314192763,64QAM
13.81074813605779,64QAM
25.9369082856801,16QAM
16.399446605633653,QPSK
11.41201646911229,16QAM
29.30400985531978,16QAM
3.32161779978947,16QAM
12.676452849358338,64QAM
1.2607402551421587,64QAM
22.19712362300791,QPSK
27.542296565974517,64QAM
8.401119886514683,QPSK
25.750250303973626,16QAM
8.766546913856933,16QAM
27.323104849317456,64QAM
22.61885710790352,64QAM
24.14720330524316,QPSK
0.540196668013635,64QAM
28.884310712220778,64QAM
21.800129762109698,64QAM
9.142532861584,16QAM
24.881839945765407,64QAM
8.445635952447898,64QAM
26.18261518698384,16QAM
3.3774117123581107,16QAM
21.110579323823874,16QAM
16.22095429934731,16QAM
2.896034105863224,64QAM
7.2568148477651695,64QAM
0.3721210883194437,64QAM
14.063038963935174,QPSK
9.037957822800012,16QAM
17.950724528932763,64QAM
8.917134231258515,64QAM
8.99757334520954,64QAM
22.2957959619481,16QAM
1.4442850793506035,16QAM
27.086849855759617,16QAM
25.567916231735445,64QAM
20.034140496792194,16QAM
17.796647103221527,64QAM
26.769074944189565,QPSK
5.559905385861433,16QAM
2.3690748657248584,16QAM
7.185305097286143,64QAM
23.83734836100571,16QAM
1.0401080017944997,16QAM
17.484205052504688,64QAM
29.8631254857393,64QAM
25.670882815126184,64QAM
15.643370671307684,QPSK
1.9092272785992703,64QAM
24.941205431571294,16QAM
17.969355245316315,QPSK
3.4479899117870048,64QAM
2.815718544700686,QPSK
27.28880458309777,QPSK
20.076007888142353,16QAM
24.878603979502667,QPSK
26.36936700846802,64QAM
17.153170561449667,QPSK
15.523390552651238,QPSK
12.912822309629705,16QAM
9.508397633733578,16QAM
13.037878825761354,64QAM
23.216389671904693,16QAM
18.057702930453946,64QAM
26.77569869864538,64QAM
13.301400431375631,16QAM
18.212687361562622,QPSK
18.93922659275966,16QAM
17.750914869189767,QPSK
21.07901319256549,QPSK
7.123004051244188,64QAM
15.370913326373719,64QAM
3.12674408425043,16QAM
11.535339829344377,QPSK
14.630012058637933,16QAM
19.566727786364176,64QAM
28.515931577586105,QPSK
18.019531996450677,16QAM
22.307817485296795,16QAM
15.187981784856083,64QAM
19.02312094128994,64QAM
2.1279664840132027,64QAM
7.631747425255409,64QAM
10.855592796154161,16QAM
14.174800650195408,64QAM
1.369462365071512,64QAM
4.20072292659953,16QAM
8.304429233739173,16QAM
29.14598072703152,QPSK
9.940410213091523,16QAM
14.461231743362475,QPSK
5.882931382151789,64QAM
18.32340213227305,QPSK
8.420496465479228,QPSK
6.209777353152804,64QAM
15.497178853379372,64QAM
0.16517397481262464,64QAM
0.22992097947675982,QPSK
6.572064273055734,16QAM
1.1016408750246343,16QAM
3.2407726239207415,16QAM
10.165819480162547,64QAM
24.077570387394385,64QAM
17.161459301079024,16QAM
15.380031778692492,64QAM
8.804664696243648,QPSK
27.952611582984492,QPSK
11.91045123711575,64QAM
2.6127830038731448,16QAM
18.511995483534037,16QAM
3.415151804298042,QPSK
10.356694284050763,64QAM
15.222358161534267,16QAM
26.226675740555272,16QAM
14.80639741020356,64QAM
21.06776298094993,64QAM
29.78450516997211,16QAM
3.944673596939449,64QAM
8.241945765585585,64QAM
11.837282267929393,64QAM
12.654845356164941,16QAM
12.330632257966373,QPSK
27.228330076696647,64QAM
21.420979334005693,16QAM
18.237156422721114,QPSK
9.281181535883462,16QAM
24.71371152663884,16QAM
28.651815344549668,16QAM
24.635948476506798,QPSK
0.046953155744187125,16QAM
19.09204110550221,QPSK
1.5340614432630217,64QAM
7.728216610011655,QPSK
1.7857410104331506,16QAM
18.11386358848163,QPSK
20.597697404778202,16QAM
3.4346291419771537,64QAM
11.515166491349385,QPSK
13.68709526866626,64QAM
11.071590652827497,QPSK
3.630750014555791,16QAM
12.568433705624262,QPSK
22.535341434252544,64QAM
2.130229935997664,QPSK
2.4054004224571033,64QAM
10.643138755079526,64QAM
28.25177134856775,16QAM
20.05717940168742,QPSK
20.360098700176945,64QAM
10.857599725135948,16QAM
17.809823736256153,16QAM
0.30393552083230135,16QAM
19.082881392286268,64QAM
27.3986084272871,QPSK
18.377204050344574,64QAM
26.21095780399035,16QAM
21.719191663982816,64QAM
3.6167524921107077,64QAM
27.07359921857525,16QAM
1.9933153306732465,QPSK
16.019024176432914,16QAM
4.26411371380373,16QAM
0.35119832192712197,64QAM
12.661027803829171,16QAM
8.851221229624688,64QAM
14.580014813928091,16QAM
17.315996602036524,16QAM
1.3121721692684207,QPSK
3.690098853712369,16QAM
16.75927189351276,QPSK
10.295020595179746,16QAM
21.87520462648344,16QAM
19.56874945775819,16QAM
25.368130889697206,QPSK
20.77478480007676,64QAM
12.897932321704443,QPSK
20.188998671832973,16QAM
8.261435227662556,64QAM
9.18940496334638,16QAM
23.6695547976238,QPSK
13.392585492047465,QPSK
23.951410215550574,64QAM
24.672671210048353,QPSK
25.726870129838513,16QAM
27.49905707523622,64QAM
12.929556615398887,16QAM
9.566004549634165,64QAM
17.465962397823414,64QAM
11.135172703128827,16QAM
18.03222500400699,QPSK
21.16757587931474,16QAM
20.652150554764106,QPSK
11.236586610603641,QPSK
5.005806050962585,16QAM
12.915880153866226,64QAM
4.277824322457262,16QAM
26.70291105551425,64QAM
10.376323822135722,QPSK
4.6337924166997135,64QAM
0.7634327971725263,16QAM
19.374671588594527,64QAM
19.1070695236423,QPSK
10.21812499743875,QPSK
2.15135666542953,64QAM
12.28886684685696,QPSK
9.336524851901807,QPSK
20.313619192050282,64QAM
18.173377483580712,QPSK
10.9378118459262,64QAM
6.536776627649703,64QAM
29.641078984667757,QPSK
13.620048635883446,64QAM
20.64822707340711,QPSK
4.216589027350823,QPSK
14.567690989781934,QPSK
0.8261015960839646,16QAM
15.163653537313499,QPSK
28.920522213531072,64QAM
11.526201389574007,64QAM
1.1698803772473476,64QAM
0.9286737275803059,16QAM
11.639602798406084,16QAM
4.800748093895821,64QAM
0.7005628898455774,64QAM
22.686408418505305,16QAM
13.755690266456721,64QAM
8.677343159179635,QPSK
27.00249549049442,QPSK
3.4841688060157683,64QAM
28.677564868659577,QPSK
9.419001521320585,64QAM
26.652110169260435,16QAM
18.088286294383845,64QAM
24.801220792244624,16QAM
29.520394896313928,QPSK
8.652163134562372,QPSK
28.834064562227788,QPSK
11.68445684707261,64QAM
11.56535714210767,16QAM
10.211613127635172,16QAM
16.242228220427556,QPSK
4.624351295354613,QPSK
16.611344560740335,16QAM
16.25114437230012,64QAM
22.8570543781461,QPSK
25.009498858127568,64QAM
13.21324050937272,QPSK
9.069997480544812,QPSK
7.780046919512834,64QAM
5.838715101146158,64QAM
1.7294274659707465,64QAM
10.2734393650414,64QAM
8.107430763923498,16QAM
28.99252157599222,16QAM
16.731264787501317,QPSK
10.418311170915226,QPSK
17.41402802981088,QPSK
4.175901040370865,16QAM
13.321312476066087,64QAM
18.787029642631914,QPSK
14.666934953773541,16QAM
12.053364019629727,QPSK
29.815451666990946,16QAM
26.40944286446781,64QAM
18.702178744783204,16QAM
17.081320835468482,64QAM
18.61981439473752,QPSK
6.039363234672997,64QAM
11.854132297929558,16QAM
1.1837859867269795,QPSK
14.2663811246048,QPSK
16.290737518729895,16QAM
6.832492083096287,64QAM
28.920865414965412,16QAM
27.28363832811726,64QAM
21.664297063677175,64QAM
16.001598862960876,QPSK
26.09907478943055,64QAM
3.919570314703887,QPSK
23.71529382824655,16QAM
3.744624419005449,16QAM
23.826319876482163,QPSK
8.273027047540708,QPSK
26.312717430545668,64QAM
28.321262814761933,QPSK
4.463879082153469,16QAM
13.880268151961806,QPSK
29.42962134488055,QPSK
14.502223079194398,QPSK
25.906425675436353,64QAM
17.661945663939594,QPSK
11.259897237588056,64QAM
8.573506665776106,64QAM
6.096692732582618,QPSK
22.853945741330918,64QAM
11.596215204690836,QPSK
15.338263866022535,16QAM
14.769764400035458,16QAM
17.31837087699394,64QAM
25.967314368736567,16QAM
29.42218030750288,QPSK
12.227526257214508,64QAM
24.82556766318909,QPSK
22.93583383964153,64QAM
17.205868543667197,64QAM
28.681414308357994,64QAM
6.014235465852083,64QAM
3.2779263092886426,16QAM
25.618859008662664,16QAM
13.174494499012448,16QAM
25.409065626211813,64QAM
26.792706155862447,16QAM
1.8737278085721432,64QAM
26.503942889581822,16QAM
13.449571661082665,64QAM
15.312974670126966,16QAM
18.797775332796306,16QAM
27.791478201902603,16QAM
0.5734828328929209,64QAM
14.305304049534513,64QAM
20.63166127291682,16QAM
21.681208730946853,64QAM
20.77597294611324,QPSK
4.033053882243656,16QAM
8.981867651150438,16QAM
10.761465762510404,QPSK
24.13311623038515,64QAM
8.36279617243659,64QAM
6.321148916016095,64QAM
28.723440571142884,16QAM
0.265898553404067,16QAM
29.934625670459347,16QAM
20.304638965721868,16QAM
24.854078983473514,16QAM
8.838581890385795,64QAM
0.42945833001179934,QPSK
22.136085556845902,64QAM
25.02433791002027,64QAM
22.214283958605574,16QAM
4.285508619025158,QPSK
22.60283766770907,QPSK
23.06768346322923,64QAM
19.756215470101647,QPSK
22.983477983867587,64QAM
25.377643190331966,64QAM
18.40812342712375,64QAM
2.658141419090372,64QAM
14.628834290016325,16QAM
2.3294800401481517,QPSK
12.226290930972926,16QAM
12.213194673768829,16QAM
1.9802953242072474,16QAM
10.46461601908438,64QAM
3.329942963739445,64QAM
24.247056300276665,16QAM
28.430640778934123,16QAM
2.169494257738158,QPSK
28.653456218751042,16QAM
15.677297980102354,64QAM
8.986970338616217,16QAM
2.3058622582849053,QPSK
15.018728042112535,QPSK
23.83546633472246,16QAM
21.212594318000946,QPSK
1.506780343919213,QPSK
2.187055061037105,64QAM
12.086198478979114,QPSK
8.858714821438298,QPSK
6.971529691681435,16QAM
8.430134967261408,64QAM
24.10448229890654,QPSK
27.876841608955615,16QAM
12.153080835826993,16QAM
27.18333006397491,16QAM
9.64487103743646,16QAM
14.293109590313748,16QAM
6.780869934479991,16QAM
19.214281265275318,QPSK
29.369433455244266,64QAM
18.10479288130136,64QAM
10.734422523406465,16QAM
19.434523379715852,16QAM
3.687620353961627,64QAM
26.65977240796196,QPSK
15.092518523395091,16QAM
13.480492261189262,64QAM
17.575943653605577,64QAM
18.743515883682072,16QAM
2.153274186795391,64QAM
20.47851663670207,QPSK
7.257950409465888,64QAM
21.418578975197693,16QAM
24.676043831525902,16QAM
24.118755226575608,64QAM
16.575029022236674,64QAM
15.605096769322536,16QAM
4.2862788401823515,QPSK
23.260384512094067,64QAM
8.142281413401431,QPSK
14.900862684538396,QPSK
8.528222787825502,16QAM
4.014850889990794,16QAM
18.886730906752096,16QAM
1.629961044687115,QPSK
22.459357023785998,16QAM
9.5276038578335,16QAM
0.004040790134559602,QPSK
15.333874177116893,QPSK
1.4055572558280938,QPSK
8.285086734626985,QPSK
21.209294623671486,64QAM
1.880688648655976,16QAM
25.18015477068007,64QAM
0.11459767975749324,QPSK
7.404716076057067,QPSK
22.227121684562142,QPSK
9.488104491879204,QPSK
3.056771641980406,QPSK
10.807017564012837,16QAM
8.111798591535766,64QAM
25.281357064816646,64QAM
9.400437527554294,16QAM
23.667974153280216,16QAM
26.75616434432204,16QAM
13.014522587295886,64QAM
27.29829431563176,64QAM
11.319541618895785,QPSK
28.922352494703244,64QAM
2.678685735767188,64QAM
20.610577995097284,16QAM
14.81442121370786,64QAM
11.629464163669411,QPSK
18.981356362458026,64QAM
21.115712749029935,16QAM
0.13089808950927262,16QAM
5.008592662415961,QPSK
21.39138151902956,QPSK
19.991562407346194,64QAM
28.981425153860314,QPSK
22.83113370752349,QPSK
28.523181231940143,16QAM
21.076215046044208,16QAM
8.941566259183295,64QAM
3.1609476675256944,64QAM
23.454715900348067,64QAM
19.32447664427748,64QAM
1.4455803717988869,16QAM
10.80151397702935,64QAM
28.703994464528584,64QAM
15.012034371306036,QPSK
12.981874080591139,64QAM
13.730988154778819,QPSK
6.2664817201549115,16QAM
11.061215125943857,64QAM
11.094397679615298,QPSK
1.570650605624172,64QAM
23.027028855537548,QPSK
12.49513295711637,64QAM
24.6653966044927,16QAM
25.51044003359686,16QAM
6.359821640959742,QPSK
19.720604465103857,QPSK
14.16845412488945,16QAM
26.404702137644552,64QAM
6.472220375293624,QPSK
20.334396009301326,16QAM
18.232563667581676,QPSK
8.859044327154983,16QAM
4.098027109535178,16QAM
19.549192814318296,QPSK
22.15792374396992,QPSK
9.4688203129005,16QAM
19.344978120669413,64QAM
11.853927228345098,16QAM
21.39620649847853,64QAM
5.976458246821593,64QAM
26.70645007908523,64QAM
8.622287893967393,QPSK
11.033579632684587,16QAM
1.7427585624104935,16QAM
3.345366369638292,64QAM
15.475857081369844,64QAM
8.027780301839144,64QAM
25.06440677226583,16QAM
0.4408016596486153,64QAM
11.372821460158086,16QAM
10.12036640307278,16QAM
0.5798289275280311,QPSK
3.7310519700153066,64QAM
12.409280247559058,64QAM
14.785937533423398,64QAM
12.128692417646073,QPSK
15.928130352362814,64QAM
17.853950247170445,16QAM
0.2977146338350689,64QAM
13.922854783605116,16QAM
28.90497722662765,16QAM
15.57096840388646,16QAM
20.326268023768595,16QAM
9.355915737506496,64QAM
23.219741344582875,QPSK
23.187644456283454,QPSK
15.638881429624169,16QAM
29.280414698376408,64QAM
3.766506442879601,QPSK
0.5084299466874298,64QAM
23.10474635271288,QPSK
24.214666120946475,16QAM
3.6062168736172873,16QAM
7.967484988758182,16QAM
0.5265709009988673,QPSK
8.799258323416941,64QAM
23.194256217560145,16QAM
15.538815831377368,64QAM
10.442867795048642,64QAM
11.152178847189909,16QAM
0.040608771464044624,QPSK
8.994015826957076,16QAM
19.393762249137914,16QAM
29.225833314490714,QPSK
25.411824809516986,64QAM
0.7078489393658738,QPSK
26.95681814024518,QPSK
23.495952398958778,16QAM
23.411283707129414,QPSK
13.739872770107144,QPSK
11.940158788635085,QPSK
9.087471864995779,64QAM
1.9708457686309733,64QAM
6.847060904810974,16QAM
7.398109049340738,16QAM
14.522312091306048,64QAM
22.42333219790082,QPSK
14.214294851938398,16QAM
1.7353334834148182,16QAM
28.733694029646117,QPSK
28.281729572823366,QPSK
23.55568629445225,QPSK
29.739837046926617,QPSK
16.33446998400789,QPSK
28.88305050759618,64QAM
2.268151218502523,QPSK
10.97042244784114,16QAM
6.761438040202975,64QAM
5.874992524028101,16QAM
4.224088466780282,QPSK
18.6724092469799,16QAM
23.439655672419153,QPSK
17.34895198261082,16QAM
4.40888128764629,16QAM
24.33371309800413,QPSK
19.078641214911855,16QAM
11.644971183809865,64QAM
20.22390886608189,16QAM
7.797149377284986,64QAM
10.355766254826316,64QAM
27.524575293959707,16QAM
8.715135170142611,64QAM
14.099648044738098,64QAM
26.70423412188044,16QAM
21.231640508025823,QPSK
1.8660967849410826,QPSK
4.4190913283691104,64QAM
0.23524772315750453,64QAM
18.927653706874903,QPSK
13.43020276231255,64QAM
4.028245527068266,QPSK
28.738023631703115,16QAM
15.889791718368597,64QAM
7.256798823386675,16QAM
15.018107134641227,QPSK
20.388609982053232,QPSK
2.2871765392069343,16QAM
8.24111445143676,64QAM
24.20896472651981,16QAM
13.789946112079837,16QAM
16.397314260968848,64QAM
12.984480066284078,QPSK
1.3169982792901536,16QAM
4.972493394604678,16QAM
13.366249162256727,QPSK
6.275563962237834,16QAM
1.499370859790362,QPSK
25.30948992155471,64QAM
29.435775874923475,QPSK
23.794286219902183,QPSK
25.61354765114001,16QAM
7.259313909511361,QPSK
28.81880926539599,QPSK
5.907771133602852,16QAM
28.54289431085497,QPSK
29.84457881897853,16QAM
21.35168417238146,64QAM
29.43431195375466,QPSK
17.08619338701311,64QAM
7.78625349528271,QPSK
13.109876569968627,QPSK
17.80682806136358,64QAM
2.19244686081045,64QAM
18.670297938517383,16QAM
29.435335102868837,16QAM
5.703229493511829,64QAM
23.7778534886515,QPSK
27.23696381338858,16QAM
28.311047784606625,QPSK
28.804068132163415,16QAM
15.643789161644158,16QAM
29.31923723974511,16QAM
22.719306214033168,64QAM
4.850143087108857,QPSK
14.3070031940391,64QAM
21.54993526116012,16QAM
7.4202094745725,64QAM
19.218455506466622,64QAM
19.998014371398575,64QAM
4.880992314256977,QPSK
16.952559373582687,64QAM
23.14880732935823,64QAM
14.966869936078258,64QAM
0.36309350328322276,64QAM
0.2711540723787653,64QAM
10.710880319100365,64QAM
27.78582205295346,64QAM
6.860303388108263,16QAM
19.030910666150614,64QAM
6.662276120799618,64QAM
9.650099689786458,QPSK
25.441262688044517,16QAM
21.865843268098406,64QAM
2.861978319396319,QPSK
12.861060629593009,64QAM
0.875092909357934,64QAM
14.42670439809027,64QAM
19.873020351032043,64QAM
3.5550787079445465,64QAM
8.66654816727497,QPSK
11.935098765064708,64QAM
27.585930739681494,QPSK
29.79765046268892,64QAM
1.3473389698684757,QPSK
22.830237704861762,16QAM
11.151721992070296,64QAM
11.7737455868844,16QAM
22.62794920041068,16QAM
27.552792964362258,16QAM
28.527857835076453,64QAM
17.313677581149623,16QAM
10.713634779015084,QPSK
23.626472575763376,64QAM
7.530041497869008,16QAM
16.92222086500553,64QAM
10.757353845746195,16QAM
19.698932211236283,QPSK
7.211967386805207,64QAM
5.7477883720447736,64QAM
27.547172600263114,16QAM
3.0541104884861072,QPSK
15.17873723204795,64QAM
6.625583488890268,16QAM
1.1678988997700235,QPSK
1.0805645487427917,QPSK
5.25665316317482,QPSK
26.003110635180008,QPSK
8.4743623193108,64QAM
28.51377511725887,64QAM
17.448668789675807,QPSK
13.098425693062982,16QAM
17.402665040083637,16QAM
15.500951556788033,QPSK
22.763287612719754,QPSK
8.474881979185568,16QAM
10.591511748009072,QPSK
26.82282907599752,QPSK
28.393695394512164,64QAM
26.776746824594234,64QAM
12.583439818719407,QPSK
23.41096509020645,QPSK
14.290071999032964,64QAM
14.926195564383066,QPSK
6.140403271718519,64QAM
17.733909097755493,64QAM
5.584076932600438,16QAM
9.946940972015813,64QAM
25.650906048598053,16QAM
6.212274276325656,16QAM
2.134748555202984,64QAM
2.0702277783844893,QPSK
28.223535615093237,64QAM
15.207613138855038,16QAM
12.28236215451055,64QAM
24.326357430237554,64QAM
25.07477783731548,16QAM
9.965730993468139,64QAM
20.808541724213857,64QAM
23.1336844755566,16QAM
19.639520605978635,QPSK
4.547852244002981,16QAM
26.276492505511712,16QAM
16.17283658208026,64QAM
8.474172791100111,16QAM
12.756845563130817,64QAM
1.1271327119672214,64QAM
3.8360040366725268,64QAM
22.966402515475824,16QAM
0.0003490426609842334,16QAM
12.496974854468766,64QAM
15.675305432567653,QPSK
1.6390326000291688,QPSK
29.192344889169984,16QAM
6.783759937490158,64QAM
9.125961589088426,64QAM
9.11827536765082,16QAM
6.912499863520497,QPSK
0.04421466258934248,16QAM
21.88034382263989,16QAM
29.00536499397856,64QAM
6.7288044985513515,16QAM
19.891415754102674,QPSK
22.256889808761454,16QAM
25.45276137271574,64QAM
12.678875910408273,QPSK
9.087927169212877,64QAM
9.758854020690933,16QAM
21.378639992955385,16QAM
24.50338399516908,16QAM
5.44841903269808,64QAM
11.128230244732956,16QAM
27.0582059024745,QPSK
24.200805590842176,QPSK
29.545752082874273,64QAM
22.627447790462423,64QAM
11.795856030837669,64QAM
17.719135019839133,16QAM
19.83042762741961,QPSK
2.3536744895137183,QPSK
16.334908773115952,QPSK
21.279624854178287,64QAM
5.019639120031812,64QAM
23.418951522766715,16QAM
17.51318341542335,64QAM
28.56665357092784,QPSK
1.2726689462067509,16QAM
7.959784126664009,64QAM
18.04661637899472,64QAM
8.896797366177921,QPSK
21.432724922137265,16QAM
22.77015847565793,64QAM
3.0754789219942333,64QAM
15.415633926203032,16QAM
15.266716667731677,16QAM
11.078423106466232,64QAM
27.987745877090163,64QAM
24.825189596196637,QPSK
20.916281457289102,16QAM
21.429799072049928,64QAM
13.851484314393574,64QAM
27.629835632897276,64QAM
20.837862817598563,64QAM
21.869431849674495,QPSK
25.85072711362036,16QAM
8.22214768026573,64QAM
24.21212711600109,16QAM
5.857218088694761,16QAM
10.360258567346635,64QAM
10.06831362809528,64QAM
29.355764051674218,64QAM
25.696116712437806,QPSK
21.035095847707794,64QAM
21.811702848461703,16QAM
16.862183832077132,16QAM
28.412720013255573,QPSK
14.887762586470846,64QAM
11.415531296096836,64QAM
4.89106010794773,QPSK
23.58616956783174,QPSK
22.033317962267745,64QAM
11.530651155724046,64QAM
0.7558024187768808,16QAM
25.169919831540323,64QAM
0.342539503622209,64QAM
21.110993388871528,16QAM
29.10771329178171,16QAM
13.129839844446105,16QAM
7.049202149878583,16QAM
21.14613030130145,QPSK
24.513844260467554,16QAM
16.39290948233542,QPSK
29.011058257684386,16QAM
1.550061649738833,16QAM
15.143867949135844,16QAM
21.553618419676503,64QAM
25.87921413447537,QPSK
5.377668357233701,16QAM
24.000104452910442,64QAM
16.581212271556357,QPSK
11.896610459698897,QPSK
3.951450857372807,64QAM
25.958872767267373,QPSK
4.718196245391461,64QAM
9.293635776272977,16QAM
8.701365958873106,64QAM
26.14242102572563,QPSK
20.18108982626694,QPSK
23.90044191574117,16QAM
7.514036963774969,64QAM
18.74622298820997,16QAM
17.15237949431246,64QAM
24.984911303648133,64QAM
27.182611814437816,64QAM
0.3647031443216042,16QAM
20.22059757176378,16QAM
1.5550739735918706,QPSK
16.465759952320678,16QAM
8.628981871310346,64QAM
9.203297985664236,64QAM
10.588755103570698,64QAM
18.638773471488303,16QAM
10.021498970063076,QPSK
21.98097151770841,16QAM
12.135821567216091,QPSK
2.0505960092987587,16QAM
23.512795274523217,64QAM
8.57274973778118,QPSK
12.983006387977879,16QAM
20.563316496657045,64QAM
9.97368471446136,QPSK
1.6975696844014687,QPSK
11.217631410384408,64QAM
28.333457480829104,64QAM
19.252031918956746,16QAM
20.14437446001621,16QAM
18.968464609129196,64QAM
5.969764168783104,16QAM
12.550015923068404,64QAM
22.52819395089955,64QAM
3.0411869265947744,16QAM
8.335583282691367,16QAM
8.289573253975608,QPSK
12.96056782783518,QPSK
29.411062228265553,16QAM
2.025076400514658,16QAM
15.561029831417851,16QAM
5.380940460366314,QPSK
29.120296362292322,16QAM
3.399105141823926,QPSK
12.108030070847738,QPSK
22.136549545038186,QPSK
21.13663284082336,QPSK
12.681859106817967,64QAM
10.395725038581547,16QAM
11.928371356586117,16QAM
7.928287894759178,64QAM
6.159988161203994,16QAM
14.491190926766699,QPSK
8.05601268202822,64QAM
8.623849946917503,QPSK
19.702681904236712,64QAM
29.056119950996766,QPSK
18.109116016781254,16QAM
2.309384011948988,16QAM
2.267508415622009,16QAM
28.54269662536698,64QAM
8.918723709220009,16QAM
2.762009582474263,64QAM
17.971337614511448,QPSK
18.709463348707985,16QAM
19.455144603560644,QPSK
8.02206083572624,16QAM
0.453320526434251,QPSK
28.950461083634156,64QAM
7.526791370733075,16QAM
20.280788641576425,64QAM
21.19889609636129,64QAM
18.300222512384572,QPSK
9.387221826409446,16QAM
8.132887612921973,64QAM
17.930048481081094,QPSK
25.982869008350747,QPSK
28.402011867701866,QPSK
3.1771741321127287,16QAM
4.6448583779315955,16QAM
28.34208776349239,QPSK
22.096056850043777,16QAM
26.48981474489319,QPSK
6.0789790240602946,16QAM
17.627576133282055,16QAM
21.03418783252421,QPSK
20.40335656340918,QPSK
12.244550726000943,16QAM
0.4618467507392543,QPSK
17.487781704127894,QPSK
7.593046175388263,QPSK
13.50762738428671,QPSK
28.72743045251452,16QAM
11.971059529273042,64QAM
25.1940481999328,16QAM
5.656218172477534,QPSK
20.173814940750866,QPSK
29.310208633168305,16QAM
3.056793026188104,QPSK
0.24959826681576036,16QAM
13.00748377897843,64QAM
2.7787644915410157,QPSK
22.45153049028694,64QAM
27.43645991545677,64QAM
13.020629181262764,QPSK
7.761349264663229,QPSK
13.032099570198293,16QAM
21.70343453550003,16QAM
0.27162484741112936,QPSK
17.683619684540915,16QAM
18.398750546621372,64QAM
19.130647406878065,64QAM
7.260662399426316,QPSK
21.421581701343804,16QAM
2.741744589953292,QPSK
5.978110094004024,64QAM
26.324101399634458,QPSK
22.161694521796992,QPSK
0.41236662034035754,QPSK
7.451287811094006,QPSK
6.432194489794937,64QAM
8.124189841109178,QPSK
7.426793108396592,QPSK
1.8757888722853722,16QAM
13.76821549790461,QPSK
21.982004243584953,16QAM
18.201951741523093,QPSK
20.186150057942392,16QAM
2.434475356087175,QPSK
28.544721305303618,16QAM
25.154755015290746,QPSK
24.15270955486988,QPSK
24.689514151253025,16QAM
27.98131524398284,QPSK
16.327618983410932,QPSK
6.008460536028776,QPSK
18.503508235576234,QPSK
22.28644481003817,64QAM
22.13752180062076,QPSK
15.643470725006402,64QAM
2.0537615800073414,64QAM
11.133388152903835,QPSK
27.62299825390072,16QAM
17.53346729272278,16QAM
16.149958297671404,QPSK
8.065605431465805,64QAM
11.053467597497367,16QAM
26.86038267459508,QPSK
19.99389142580507,QPSK
23.621610802569986,64QAM
13.630362692029653,16QAM
18.907416583684736,QPSK
7.451508262296226,16QAM
21.163824908504587,QPSK
12.82804001110012,QPSK
13.276365444442368,QPSK
19.47966973730645,64QAM
28.0884186440678,64QAM
1.9201903982586277,64QAM
24.742297120410228,16QAM
8.771493312365793,64QAM
13.317583635191335,64QAM
0.6573998632502687,16QAM
9.031382335029392,16QAM
15.078937278903915,16QAM
1.6852823204231704,16QAM
14.732871881494955,64QAM
27.81331886575282,64QAM
3.1617965432341566,16QAM
22.93322184226513,64QAM
12.290131601279779,QPSK
19.65521143573014,64QAM
7.807097939556881,QPSK
4.784767876240749,16QAM
4.813878428136793,16QAM
2.1147583692943392,64QAM
5.569401147037291,16QAM
19.92658154966905,64QAM
26.45071835530524,64QAM
24.423770567734856,64QAM
20.55402929623452,64QAM
3.31295590233308,QPSK
8.675623388878495,QPSK
9.29420625967407,16QAM
7.498708391928637,QPSK
15.450169791291694,16QAM
16.066614446390176,16QAM
10.706579255133306,64QAM
10.61367476209308,64QAM
24.85666793718244,64QAM
23.678785449590567,64QAM
9.233874950422368,64QAM
27.41365331619778,64QAM
28.584450510075182,QPSK
9.802276260901225,16QAM
10.632748463791646,16QAM
15.169024602658766,64QAM
28.233624376010205,QPSK
26.289582994269345,64QAM
3.077038877507694,QPSK
11.781922298142486,QPSK
16.601135692493155,16QAM
15.093974176546201,16QAM
5.81589203810678,QPSK
25.76450313504464,16QAM
20.30822348990512,QPSK
25.137251245554108,QPSK
25.762928380484166,QPSK
22.450675609972194,16QAM
13.17631803749152,64QAM
18.316402650462738,16QAM
4.810962183592294,64QAM
20.20936252424723,16QAM
5.377597672178423,16QAM
20.818487715304705,64QAM
6.88794482261906,QPSK
3.526539004506599,64QAM
4.958534704288723,QPSK
0.05976405657210804,QPSK
21.56218853560591,16QAM
21.97203147175137,16QAM
15.448000497397784,16QAM
4.840884031661511,16QAM
2.5066301253206924,16QAM
0.5738689931186103,64QAM
4.972445308956621,64QAM
26.725666049494404,64QAM
7.246105251050453,64QAM
10.62813981651647,16QAM
3.1603645344399958,64QAM
6.670839142445109,64QAM
15.576737123406154,QPSK
18.232580492869577,16QAM
7.360569424986332,64QAM
1.7319647767535162,64QAM
11.73098607382196,64QAM
7.0261011277900245,16QAM
6.586617696894058,64QAM
28.795884081403656,QPSK
18.489014577771723,16QAM
16.706353295162877,QPSK
12.473253105699659,16QAM
12.868330002904328,64QAM
16.227150115142425,16QAM
20.892894211083217,16QAM
21.064382885454883,16QAM
5.1508172311634866,QPSK
15.003382562298809,16QAM
12.35874285102306,64QAM
26.115808988081525,16QAM
18.942567636551292,16QAM
15.975121992479455,64QAM
3.461839265367521,64QAM
18.169136679702344,QPSK
3.5161171704070027,64QAM
10.116197266972563,64QAM
4.285258944429956,64QAM
20.762209410731067,16QAM
6.187563415084578,QPSK
11.755781195640779,64QAM
26.87024332856336,64QAM
6.129491501969109,64QAM
15.234151918763374,16QAM
12.57814983498066,16QAM
0.543721231371892,QPSK
23.782743407184384,QPSK
2.0713771894379915,16QAM
14.227650629308608,64QAM
16.8203488481685,64QAM
18.852793698437612,QPSK
20.658948879236267,64QAM
7.598171505681453,16QAM
0.2993632997534812,QPSK
21.70330987064736,16QAM
16.069697980427357,16QAM
25.083531096217463,64QAM
24.641650887020827,16QAM
25.299785033636496,16QAM
14.552839799386204,64QAM
10.00885187510597,16QAM
23.7467460777411,64QAM
13.538823390877647,16QAM
5.503265892103036,64QAM
25.64922058684423,64QAM
26.476796303170417,QPSK
13.989292684205104,16QAM
2.270991819293624,16QAM
11.634782697507937,QPSK
24.1061297838781,64QAM
27.05322085638686,64QAM
6.104182274927875,QPSK
2.0092083607581457,QPSK
26.32051359398516,64QAM
11.68214816936626,64QAM
16.252828928026897,QPSK
29.04197436152277,16QAM
1.9969418374266856,64QAM
19.449540223562867,QPSK
2.2231626772460125,16QAM
11.26406785399501,16QAM
24.114436355803402,16QAM
13.004166982669032,16QAM
29.915470617088513,QPSK
16.771778548398064,64QAM
9.634864579078604,16QAM
6.603339777142594,16QAM
10.515616028584855,QPSK
11.175998212786524,16QAM
2.0614103317188293,QPSK
11.087225982803195,QPSK
13.927155592176748,64QAM
21.68213256716414,16QAM
19.70188454164824,64QAM
21.262969656874628,QPSK
0.25091045630571296,16QAM
6.530021987416081,QPSK
19.850528651995695,QPSK
14.519681045392414,QPSK
0.15940427005037838,16QAM
24.13483927295467,QPSK
23.184287198710123,QPSK
16.45257488980688,16QAM
1.9938997732881636,64QAM
22.99545148597754,QPSK
17.51140763194092,64QAM
23.458799314738776,64QAM
22.55240977187521,64QAM
24.090062158735115,64QAM
15.540241992138744,64QAM
4.20973554580545,64QAM
20.13472420139066,16QAM
18.614213551559118,16QAM
22.267595615972617,64QAM
5.096430181522059,16QAM
5.849255997008677,16QAM
26.712285516579854,64QAM
22.499333953562125,64QAM
27.24685466100969,QPSK
22.76145963491762,16QAM
17.914659179709055,64QAM
19.62398211083621,16QAM
26.6738377182003,16QAM
17.364202635358215,16QAM
18.97173972985162,QPSK
4.694301480108018,64QAM
14.217636603483081,16QAM
21.49191335874297,64QAM
8.128280949490962,16QAM
6.067625415736048,64QAM
9.414804246732466,64QAM
7.245018839785003,64QAM
6.447379111091875,16QAM
12.745525286042609,QPSK
27.23515541650602,64QAM
15.211789402161548,QPSK
5.637611424459691,64QAM
2.309150081426222,QPSK
20.884684354137757,64QAM
11.483962933091634,QPSK
24.654928397560777,64QAM
19.785323059223106,64QAM
23.887243516241057,QPSK
8.158381182553462,64QAM
20.770767673831745,16QAM
7.921859540811563,64QAM
28.172054383508748,64QAM
19.09122844600123,16QAM
9.735354005260263,16QAM
8.085355868768179,16QAM
5.727797552149305,QPSK
20.839228766811832,16QAM
6.561468389937819,QPSK
17.85909797782467,16QAM
7.9390508077607205,QPSK
19.85906834381606,16QAM
24.448191856216177,16QAM
23.340757294339596,64QAM
22.82553992792345,16QAM
5.631672170767562,64QAM
2.651548409535561,16QAM
20.96846485462157,16QAM
11.05041641383054,64QAM
12.970386792100419,64QAM
0.9344727838017319,QPSK
7.787293478251476,64QAM
1.0102921162339207,QPSK
26.375573178037428,16QAM
7.301900496555914,64QAM
16.72011508719024,64QAM
1.1693796198339124,16QAM
20.00542173916974,16QAM
9.690820372622817,16QAM
26.937575608729976,16QAM
26.643545668021076,64QAM
9.758718550852434,16QAM
27.028826870714038,16QAM
29.884730204963365,64QAM
24.76246992371844,QPSK
25.34614043265687,64QAM
7.470262083272697,QPSK
17.30107196573269,16QAM
2.0176774190210356,64QAM
2.8475381046500914,16QAM
29.966778360998717,64QAM
9.799177482777328,QPSK
22.44551736146539,64QAM
24.199951590804496,16QAM
25.740698130216877,64QAM
29.928848922064695,16QAM
7.2448945577060355,64QAM
1.2105248057909912,QPSK
12.335745539837578,64QAM
3.9024200948684085,64QAM
0.6727766748616537,64QAM
10.812804814244583,64QAM
23.512147532257092,QPSK
16.985420736752125,16QAM
9.383339676310621,64QAM
19.630260164781593,64QAM
6.960545409264322,64QAM
0.43144338216255074,QPSK
22.93060159309282,16QAM
18.712292545920274,16QAM
22.8690787350288,64QAM
1.1681405006299683,64QAM
25.113588834919565,16QAM
18.5857860010891,64QAM
16.901860521379206,64QAM
18.738421443435946,64QAM
25.932997406050923,QPSK
17.608095196767213,QPSK
17.42851139664538,16QAM
29.720374711972973,QPSK
22.70190501205704,QPSK
13.268814163534058,16QAM
21.221910000987833,QPSK
11.676914150753655,16QAM
6.86626387450497,64QAM
17.905556306632782,16QAM
27.845462943418543,16QAM
27.874185600463882,16QAM
10.25715834316471,64QAM
15.83032398665085,64QAM
6.349076957095836,64QAM
29.868933284966502,16QAM
29.43353723603807,16QAM
19.48526789122342,16QAM
24.1324217903242,16QAM
21.453004838511,16QAM
17.794746571184046,16QAM
1.6004399096669308,16QAM
13.642930276579833,QPSK
20.243589065022316,64QAM
20.32594841651054,QPSK
11.193678552671507,64QAM
28.250759599740917,16QAM
5.02071096710343,QPSK
15.010783386466818,16QAM
20.726519296524685,QPSK
20.914074176754276,QPSK
19.459168703064467,16QAM
8.258646403555804,QPSK
4.686197060598659,QPSK
19.078209804801325,64QAM
17.979063484183133,16QAM
5.3806803086772295,16QAM
21.1541743671169,QPSK
13.655159752009693,16QAM
20.032817748094587,64QAM
25.12101239310452,64QAM
5.091852857307694,16QAM
0.5743460399051004,16QAM
23.373077591873603,64QAM
18.290922754578478,16QAM
20.989187088663652,QPSK
25.144649249659278,16QAM
24.084328044735017,QPSK
28.82760440786474,64QAM
16.078052365563547,16QAM
14.654868979797161,64QAM
12.056615996721902,16QAM
4.610731285326136,QPSK
17.178216986460672,16QAM
8.310375729779363,64QAM
27.639225366389265,QPSK
17.495724128312926,16QAM
17.785205415243304,64QAM
10.6477398263103,64QAM
1.5596805593312246,16QAM
0.9523129611896586,64QAM
12.700054324595925,QPSK
2.5369613429171354,16QAM
18.205408666204175,QPSK
26.429190169189724,64QAM
26.487444495561665,64QAM
19.77136230396697,64QAM
6.33695494418793,QPSK
25.88990494076616,64QAM
26.582803059396245,16QAM
5.899607548588762,16QAM
22.12278257312032,64QAM
8.595586467813689,16QAM
24.07920937058789,QPSK
29.91713699710808,QPSK
0.9007801598817844,64QAM
26.92097597372796,16QAM
18.678916007959742,16QAM
29.201478574944634,64QAM
13.950285525792829,QPSK
25.42163791714121,64QAM
1.871822057948317,16QAM
10.058371502348871,16QAM
2.010496132536299,64QAM
29.260294004372117,QPSK
24.5092172181551,QPSK
25.576422637379114,64QAM
28.138956943016826,16QAM
2.5531045835935604,QPSK
11.567927775400001,64QAM
2.131046671320064,16QAM
6.3237930465008585,QPSK
6.8809733111301705,QPSK
14.07321633142736,64QAM
8.056865023609278,16QAM
3.029343204532833,QPSK
5.024732672823231,64QAM
4.418266906562728,QPSK
29.192303937368948,16QAM
22.778775207554208,QPSK
29.032843958086858,16QAM
13.192214595237257,QPSK
8.351054449879697,QPSK
23.9487959162756,64QAM
9.787617541234404,QPSK
8.981501211160449,16QAM
6.975179766234936,64QAM
3.8903693467270606,16QAM
7.693891830502979,16QAM
10.65959245421663,64QAM
20.219826244371912,16QAM
1.8769452665835473,QPSK
6.3152081899602885,64QAM
24.27070920875029,QPSK
4.407657707513123,QPSK
10.279354395675647,16QAM
25.939767655744202,16QAM
4.64775933430328,QPSK
2.482105068545697,64QAM
14.536139852400325,QPSK
9.072585338356092,QPSK
16.902250934515624,16QAM
24.114146714504255,16QAM
4.114454644582295,QPSK
17.42097253662855,QPSK
15.165262811695918,16QAM
4.322363580395987,QPSK
18.71995456586947,16QAM
8.209212535823148,QPSK
14.635029556320374,64QAM
2.4681697283118567,64QAM
13.787521716408692,QPSK
9.19390404128461,16QAM
24.67143633556063,QPSK
1.7093618099210484,QPSK
12.558218247549899,16QAM
13.75294272394314,QPSK
21.750182288973562,16QAM
17.22862725270633,QPSK
20.01637011582543,16QAM
23.311478569552683,QPSK
25.866089209745663,64QAM
9.416264901674115,16QAM
16.14068116091709,64QAM
25.203242353175995,16QAM
29.683533928951693,16QAM
26.685579331312894,16QAM
11.144017878731304,16QAM
5.854995516559512,QPSK
14.681776122197661,QPSK
22.249243555081268,16QAM
14.777072122598927,QPSK
14.495425899410055,16QAM
25.14691263245402,16QAM
10.842113372015591,64QAM
25.79384024434937,16QAM
12.204144028551706,16QAM
9.846993170350181,QPSK
13.61969733599097,16QAM
22.873408760246054,16QAM
3.780060835919828,64QAM
5.892576476160522,QPSK
28.54334476989276,QPSK
5.264748821440721,64QAM
17.031819537931636,16QAM
17.379433999858136,64QAM
14.688733861507345,QPSK
19.34235745730456,64QAM
6.8948017739285525,QPSK
16.579868033302446,64QAM
11.165197657406914,16QAM
19.85001778887567,16QAM
4.236706301194484,QPSK
17.126322505184287,64QAM
5.558110661499711,QPSK
8.359291893451092,16QAM
6.561294009707497,QPSK
5.485133396064513,16QAM
24.77132854682001,QPSK
8.57122702982671,64QAM
27.81371345593348,16QAM
29.097795760355726,QPSK
17.13781409811292,16QAM
4.290033679971792,64QAM
11.236447301387438,16QAM
23.93196790044642,64QAM
11.021721860912114,16QAM
2.6105165490836626,64QAM
16.703547327845637,16QAM
25.353625544881044,64QAM
23.87779161430507,QPSK
5.253694203910597,QPSK
20.182938432374,16QAM
6.615127903069413,64QAM
6.546226036565167,QPSK
26.222153199155553,16QAM
7.490068582206905,QPSK
7.897420395540335,64QAM
0.019601722838986646,16QAM
26.12007102376553,64QAM
23.77784439627404,64QAM
18.81986805272034,64QAM
22.50797291816527,QPSK
4.5614570227347535,16QAM
13.749707837627263,64QAM
10.536581620463426,QPSK
2.8132957877104947,64QAM
14.583914556447722,QPSK
27.62218951027906,16QAM
1.2017735715208344,16QAM
8.743827404813816,16QAM
6.226228086171104,16QAM
7.14439960997089,64QAM
27.253036556381257,QPSK
14.042071627028704,16QAM
13.988982388194565,64QAM
22.817269273658468,16QAM
4.634766120147774,16QAM
14.617960623001524,16QAM
12.899556423631791,QPSK
17.907320716399685,QPSK
29.986731097513157,QPSK
23.083466822461414,16QAM
11.935971090522816,64QAM
24.82659156822141,64QAM
5.121250899374406,64QAM
0.9139105892688038,16QAM
6.133451173928192,QPSK
10.21234668342779,64QAM
15.317422723786796,16QAM
18.453874216235995,16QAM
27.318171516432653,64QAM
15.29562028651373,64QAM
15.038269338771881,16QAM
1.507290294689464,64QAM
1.0473465796867143,16QAM
16.53479885749116,64QAM
13.145358397450336,QPSK
25.17541184940896,16QAM
4.820387541355355,QPSK
0.7491498635114879,64QAM
13.471163037903777,16QAM
7.124356702567725,64QAM
1.4884312001651234,16QAM
21.73794860542887,64QAM
3.347789998717424,QPSK
18.24958500023315,QPSK
8.431492505006675,64QAM
5.204881510650661,QPSK
11.392545687579524,QPSK
24.04337328668861,64QAM
11.76280730713718,16QAM
22.52308947633167,64QAM
3.764588903974521,16QAM
23.183142589952375,QPSK
7.107999747199459,QPSK
20.321793896666183,QPSK
16.97344664522989,QPSK
27.87434151635062,QPSK
11.61967553925942,16QAM
1.9849556650332134,16QAM
0.5746645665375871,16QAM
24.805756829182595,64QAM
15.742069129842966,QPSK
23.257321555048478,QPSK
7.032768000345441,QPSK
10.352512365397011,64QAM
0.9031161663395681,64QAM
28.844769737223366,64QAM
20.036037201024403,QPSK
27.996152632779186,16QAM
7.9648922228721695,64QAM
18.343908336769825,64QAM
20.354999048779135,16QAM
9.526491007727653,64QAM
25.4432770504689,16QAM
28.414843887007436,QPSK
26.54565353088013,16QAM
22.172009278181175,16QAM
8.323940391748621,QPSK
8.448481263168953,64QAM
28.90080961338114,QPSK
0.30853487807076085,64QAM
21.481499197264334,64QAM
21.187384876657866,16QAM
18.680686228493922,QPSK
29.703265382605974,16QAM
9.356383072911758,QPSK
10.199155913797446,QPSK
2.3681820883966664,16QAM
13.283944096312123,64QAM
7.831455787045442,64QAM
10.301601065329326,QPSK
25.03715370766883,64QAM
28.064535405824873,16QAM
5.571992160155569,16QAM
11.175267946603975,16QAM
27.858916863461822,QPSK
1.854253820676679,QPSK
2.7708158433413557,64QAM
4.883729676186881,16QAM
17.856385023806244,16QAM
4.514168130179924,QPSK
29.042291443522004,QPSK
13.40143581775561,QPSK
15.045538810504992,16QAM
7.399758474162194,16QAM
14.128807573042005,64QAM
19.857408979110346,16QAM
22.535314108621282,64QAM
22.61604248129739,64QAM
17.33673338082265,16QAM
27.130793249815717,64QAM
24.522235419183282,64QAM
22.711443440958764,QPSK
1.6681656504138187,16QAM
0.20633886658947942,64QAM
6.373418315864189,64QAM
19.905707817403567,64QAM
12.335924666476375,16QAM
12.072187778979352,QPSK
26.537606646888413,QPSK
26.866885443955162,16QAM
27.275257921607572,16QAM
9.41634229545082,16QAM
20.731674382177854,16QAM
8.14899543823109,QPSK
5.718294992233494,64QAM
5.538973720421076,64QAM
10.263228625907821,16QAM
12.898728593394651,16QAM
24.92847513165205,64QAM
3.5967328041813627,QPSK
22.047775421846826,16QAM
15.94364742567916,16QAM
8.638360280279775,QPSK
14.784587535984738,QPSK
8.998262093310679,QPSK
17.88245865714918,16QAM
13.015317685657326,QPSK
4.932165872366362,16QAM
3.497492236670902,16QAM
16.400870462163905,QPSK
27.072390998583103,64QAM
10.318730596730566,QPSK
21.990003216678698,64QAM
19.75984064819301,QPSK
27.94664742928443,QPSK
24.629430518974225,16QAM
16.99815776716389,16QAM
19.71091494702322,16QAM
26.951593997521044,16QAM
11.985563537608044,16QAM
9.803841175733321,16QAM
0.3243325090558902,16QAM
24.796532225743928,64QAM
24.029421012100947,64QAM
3.1336355430045417,16QAM
17.305721433981006,64QAM
13.919450945006622,QPSK
3.561272865273344,64QAM
29.417046811821706,16QAM
6.440876623900663,64QAM
2.0170254027168344,QPSK
17.845421385057286,64QAM
22.16600031399098,16QAM
0.9733033814156089,QPSK
19.761529161810664,QPSK
15.968756278543633,64QAM
3.0979502662514524,QPSK
5.175716308390862,QPSK
17.039228919482415,QPSK
8.89072840539865,16QAM
28.14947185953948,QPSK
24.562206884521522,64QAM
29.50701619540989,64QAM
7.79012516851242,QPSK
29.09170898393931,64QAM
12.937016093746736,QPSK
10.42556385941264,64QAM
1.5104858090805973,QPSK
1.5829577357880786,QPSK
20.76033767839964,QPSK
13.737869833020838,16QAM
6.795648781083171,64QAM
18.41910918975698,QPSK
7.585743547503335,16QAM
17.32895263033268,16QAM
10.77626240948071,QPSK
24.706566798354572,QPSK
24.62088482300338,QPSK
14.32051194367204,QPSK
10.524573280050468,QPSK
10.876793896772837,64QAM
24.171435770046536,QPSK
9.84538448392836,QPSK
6.271781211205381,64QAM
2.540650256259205,16QAM
14.000793626532252,64QAM
14.463962967595256,16QAM
25.227261312087215,16QAM
6.637160893381919,64QAM
11.429738210051998,QPSK
24.252172166810727,16QAM
24.708708322469207,QPSK
11.538332279363047,64QAM
13.773720698600426,16QAM
9.098576725478488,QPSK
27.976646352579362,16QAM
3.559312972247409,16QAM
28.012482690044102,64QAM
20.515993555060298,QPSK
15.947164580601935,QPSK
0.9797718235348762,16QAM
14.267885754660249,QPSK
12.232443150081968,16QAM
4.836564359253677,64QAM
19.692288105019706,64QAM
29.134527221048575,QPSK
16.865664331935754,64QAM
21.442598293318376,64QAM
2.0535135769805035,QPSK
12.530009874509842,16QAM
3.490754554934876,64QAM
18.383875066095314,QPSK
28.154464746424637,QPSK
19.853331974149157,QPSK
2.304091449432646,64QAM
10.639986149552485,64QAM
16.519901383225545,16QAM
12.096232683997567,16QAM
25.00932031425517,16QAM
24.440130141299676,16QAM
18.354930603096644,16QAM
11.203738353981157,16QAM
7.660091212897324,QPSK
3.1762295463938797,16QAM
10.646930504596622,64QAM
12.395175516231586,16QAM
20.27468775312221,64QAM
19.744794728927204,16QAM
2.1032441892377083,QPSK
11.857779462934733,QPSK
5.4533660165208575,64QAM
4.7043811595041705,16QAM
24.819064492117377,QPSK
1.257456501487726,QPSK
12.57548627706364,16QAM
5.046109672995546,64QAM
26.37990647035422,64QAM
16.711215398251053,64QAM
6.941419091305441,QPSK
15.072818614991291,16QAM
21.944590791093475,QPSK
28.743540267583015,QPSK
6.613380127362568,QPSK
26.585453163880352,QPSK
28.029123425024707,16QAM
27.492616335961987,QPSK
19.062430705857295,QPSK
18.89461963304123,64QAM
12.096318995514682,QPSK
22.571936469113638,16QAM
15.938820550527957,QPSK
20.323142136848833,16QAM
12.853737115463863,16QAM
21.94489392129417,16QAM
24.734145528136473,64QAM
4.393087698084484,64QAM
24.98789146722684,QPSK
16.208895953709217,QPSK
25.33997727270673,QPSK
12.939051190230439,16QAM
11.371214561491051,16QAM
27.451821975516673,16QAM
7.535078026452039,QPSK
25.326369758584292,QPSK
14.520617175282123,QPSK
15.422863276537791,QPSK
9.254048444684521,64QAM
17.19126601857047,64QAM
9.756335888286339,64QAM
1.1780824272495694,QPSK
8.159958160330682,64QAM
0.19137130219772036,64QAM
29.3506436117057,QPSK
28.972416294592424,64QAM
11.85465892416915,QPSK
21.85112563018938,QPSK
10.374182952312749,QPSK
20.132794712579283,16QAM
24.162901291379374,QPSK
28.402687340767223,64QAM
12.00636827549016,64QAM
23.49893948868143,QPSK
7.977853518963563,16QAM
29.70996911380945,16QAM
0.7730879629305343,16QAM
18.10586419503363,64QAM
19.785179449539815,16QAM
20.641366712223864,16QAM
3.61162736367267,QPSK
28.155893504193912,16QAM
5.435498371502484,16QAM
18.682602097195232,16QAM
6.680282373692549,QPSK
9.216492510638126,QPSK
16.39375625184373,16QAM
12.515802556937295,64QAM
4.806768029295188,64QAM
5.128092072625448,QPSK
12.54434364488399,16QAM
22.71848934826502,64QAM
26.938939405433658,16QAM
2.523829867781485,QPSK
11.793117226782032,64QAM
3.007366911686299,QPSK
0.4977744189779365,16QAM
19.8515604793187,QPSK
18.073483258997634,QPSK
4.890573414446586,QPSK
7.014384992791923,QPSK
0.7112326093355514,64QAM
25.048416170832112,16QAM
29.240717881456543,64QAM
4.063786103840724,16QAM
6.944256412958944,16QAM
26.052285718408022,16QAM
27.793913938685545,16QAM
12.58882148420431,16QAM
1.5186741680722238,64QAM
1.181755010784582,16QAM
17.218495982070312,QPSK
11.78685326679537,64QAM
0.8595728273296355,64QAM
17.4975717693767,16QAM
0.33907609767067415,QPSK
23.62115874447819,QPSK
9.192984681101148,16QAM
1.207740090276963,16QAM
17.650566629494598,QPSK
11.93053243299164,64QAM
29.214012400714484,64QAM
16.325959875111067,16QAM
8.257175431110248,64QAM
21.28316593901924,64QAM
8.14476007628134,QPSK
27.12729874222695,64QAM
11.241659115221292,QPSK
16.49605688328616,16QAM
1.5171931147268658,16QAM
12.783637138566924,QPSK
24.970906189829847,QPSK
24.169464160900258,16QAM
6.729556765605787,QPSK
6.7823721303168805,16QAM
24.519159366397105,16QAM
27.911952605079765,16QAM
2.8608276381901065,16QAM
13.501759182786758,16QAM
10.12362836892687,16QAM
26.12065366372318,64QAM
2.505747440400563,64QAM
6.333778276741122,16QAM
22.57405012759483,64QAM
1.5388154694364675,QPSK
14.776061421428677,QPSK
13.2632110403916,16QAM
10.03203536966246,64QAM
11.837169459567713,QPSK
15.898217607906988,QPSK
4.841020751651493,QPSK
17.159876348507783,QPSK
24.16296987899959,64QAM
22.804827893704772,QPSK
4.61699714081321,QPSK
4.477484092244217,QPSK
8.045231032347399,16QAM
10.832241790231116,QPSK
12.253667442254478,QPSK
20.39091650500036,64QAM
1.7004129649750621,QPSK
1.0401811267819916,QPSK
11.75731688831727,QPSK
20.914910764139414,16QAM
5.803060288694477,64QAM
19.24513443768755,64QAM
7.794844138208984,16QAM
26.58258326440549,16QAM
26.870698327998497,64QAM
8.918616128439794,QPSK
6.899812618897215,64QAM
12.339119161986938,16QAM
7.215947555404462,QPSK
20.17151529875111,64QAM
24.781940536448566,QPSK
20.19276392733651,QPSK
24.730513417480484,16QAM
11.909764866224224,64QAM
4.689509121265826,16QAM
22.138528421927763,64QAM
10.814235154246617,64QAM
20.138124756873975,QPSK
8.119318259452971,QPSK
2.4368890442001803,QPSK
29.7774538646329,16QAM
4.686045237917979,QPSK
29.65262981890443,16QAM
29.31839797699342,QPSK
23.81454311724119,16QAM
19.782688862459928,64QAM
17.33421150753254,16QAM
25.98304636133504,16QAM
8.683185648584638,16QAM
14.030436374546312,64QAM
18.581699080995058,16QAM
12.335714276084733,64QAM
12.82459362270804,QPSK
9.908540025062532,QPSK
16.92695450053608,64QAM
25.51723584045348,16QAM
6.045851340189385,QPSK
28.032991162603242,16QAM
20.67262961244689,16QAM
24.698196380400905,64QAM
16.68572077890035,QPSK
23.385501042721906,64QAM
0.4860119201840163,64QAM
24.551412743386056,64QAM
1.2041657725609956,64QAM
26.697401290885875,16QAM
29.7588824171593,QPSK
8.822023865303334,QPSK
6.30955668857381,QPSK
22.96090091574122,16QAM
7.590790227607597,16QAM
25.966871495166103,64QAM
3.0852777647243013,64QAM
3.7786558913807475,64QAM
29.374546653018466,64QAM
20.21516694810014,QPSK
25.406616732868585,64QAM
9.729881320545541,16QAM
20.29451248561813,16QAM
17.827254819257917,16QAM
18.09450360368841,64QAM
20.475973786131647,QPSK
17.260775193872956,QPSK
12.871871079079979,64QAM
8.277680831416404,64QAM
23.05743992739606,16QAM
6.788172900095586,16QAM
20.770629184632426,QPSK
6.999984679479799,16QAM
18.759905098633617,16QAM
22.41234801387087,64QAM
6.561416667196176,QPSK
1.7982990258392484,64QAM
3.929212289825222,QPSK
18.179909018130765,64QAM
25.483392186772065,QPSK
1.349904637062731,16QAM
22.02453777124939,QPSK
10.239559378501564,QPSK
14.355851097585676,64QAM
27.86578649536697,QPSK
9.959145142075364,QPSK
13.960108018184581,QPSK
0.41047244282043316,64QAM
2.4479616001451507,QPSK
7.757747734043521,64QAM
0.8355672246322321,16QAM
18.941259781447528,64QAM
12.791950704048675,QPSK
16.44435608184066,16QAM
5.239415576889886,QPSK
8.877960883098483,64QAM
19.914734245581755,16QAM
28.959081708911995,16QAM
1.512503208066276,16QAM
26.71152962565798,QPSK
17.306436039336255,16QAM
16.91758700266871,16QAM
15.00835605623281,16QAM
2.081822577125502,16QAM
2.6963055520848203,64QAM
18.02736016977258,QPSK
10.22875714306675,QPSK
27.51804199733042,16QAM
12.197716120784168,64QAM
4.298443761079232,16QAM
21.44156500506108,QPSK
8.800602643230295,QPSK
15.764109220676795,QPSK
20.9349835651551,16QAM
27.007923336062113,16QAM
23.765735844050283,64QAM
20.290832036181722,64QAM
20.388995471854308,QPSK
28.377739320962597,QPSK
8.874722924896082,64QAM
0.03336282588562223,QPSK
8.15863678194596,64QAM
6.536741388802319,16QAM
19.855037553419944,QPSK
19.01134799296587,QPSK
17.803841481141713,64QAM
0.487303296283611,16QAM
21.863341633519425,QPSK
9.705912374564745,QPSK
19.95167967019893,64QAM
16.6973528550646,16QAM
10.281927762837215,64QAM
4.0372880131232325,16QAM
2.8325669298144285,16QAM
24.945549993366708,64QAM
27.55192626244674,64QAM
19.493641402928986,16QAM
3.103023445814501,64QAM
12.060816506647221,QPSK
21.868176003154716,QPSK
23.394626520302044,QPSK
3.546558668732658,QPSK
0.0009215653614724761,QPSK
21.36411137641815,64QAM
10.697885279586169,16QAM
7.634439948547808,64QAM
0.3869240936857632,QPSK
16.20898220284499,QPSK
25.534522062779452,64QAM
28.728949388177636,64QAM
16.972348518398675,16QAM
15.433839832196824,QPSK
2.551691564677233,64QAM
16.46618404627799,16QAM
11.399372368961838,QPSK
18.214058426507307,QPSK
11.661790436296402,QPSK
7.208973703511003,64QAM
2.848958256851295,QPSK
9.447553337666871,QPSK
2.8993450286325686,16QAM
5.306908524719518,64QAM
29.62008475738638,16QAM
13.323106707198558,64QAM
15.956152995150497,QPSK
26.208555862116462,16QAM
29.867067014720632,64QAM
17.481433480340446,64QAM
24.37421463132515,QPSK
9.808230730100258,QPSK
9.172318723418734,16QAM
12.081111629836807,16QAM
20.175217880209473,64QAM
20.465750677652963,16QAM
9.457183039483525,QPSK
3.9962977240988606,16QAM
18.971887693965257,16QAM
3.8497758656629353,64QAM
17.354775246879903,QPSK
20.80266384168927,64QAM
21.01834489183355,QPSK
22.6041633197879,QPSK
26.185782646969937,64QAM
14.998769758943652,16QAM
21.907475685887135,64QAM
18.575182060975102,16QAM
5.5991981939304765,64QAM
0.770689346082245,64QAM
8.536241570308013,16QAM
13.291011190128582,16QAM
18.513178332859688,16QAM
25.49877991509616,64QAM
5.887371501184969,16QAM
3.7664936969543126,16QAM
28.904398424229825,16QAM
3.2413367812922136,QPSK
14.354732103215674,16QAM
17.566911863799056,16QAM
16.241232627223148,16QAM
2.580964710988296,QPSK
1.710807420108581,QPSK
3.16450282383107,16QAM
17.567630516178376,16QAM
16.330346629029634,16QAM
7.0122237611023275,16QAM
19.133224255367747,QPSK
24.60202506166948,16QAM
1.247368795397813,QPSK
14.943898306441273,64QAM
20.679312363080708,QPSK
7.569357812090613,64QAM
9.233127158794472,QPSK
18.409137089681515,QPSK
26.938058803312106,QPSK
24.29773260908698,16QAM
17.493906572987505,QPSK
21.906651532717476,16QAM
10.944674106233961,QPSK
19.228965842962733,QPSK
13.985447733826708,64QAM
5.698084093726827,QPSK
21.052148216317715,16QAM
16.69393912046466,64QAM
10.758647458607742,64QAM
27.340175702358923,QPSK
0.628023534801998,QPSK
9.473194537484881,64QAM
1.7064419333293968,16QAM
22.995819486648816,QPSK
21.063223623413776,64QAM
9.940566562089511,16QAM
20.269887066212192,QPSK
11.878116785878495,64QAM
22.68761374267303,64QAM
13.625509882101182,QPSK
12.368391834949966,16QAM
28.04189746464903,16QAM
7.5263729967210065,64QAM
3.6134201998969626,16QAM
17.536293397783744,64QAM
29.079654368525368,QPSK
11.335176411815599,16QAM
1.8611029088634456,QPSK
10.179158019287023,64QAM
15.177949629586752,QPSK
4.857690198966411,16QAM
19.743066541694763,QPSK
29.932481670306018,16QAM
13.552184279443315,16QAM
10.641856701906379,16QAM
12.021125005034,16QAM
3.4543853518560343,16QAM
26.498208042786715,64QAM
12.444769665640559,QPSK
11.61823234274524,64QAM
19.79070818791423,QPSK
13.261002627933706,QPSK
19.447004064235383,QPSK
1.8433887039236252,64QAM
24.411700311666824,16QAM
28.215118586382076,16QAM
19.462961584781578,64QAM
28.636977865764322,16QAM
4.542969431098899,QPSK
14.32248568441061,16QAM
18.05420201836342,16QAM
17.4520994226356,16QAM
12.043853372671297,QPSK
10.142532280987842,16QAM
3.804720676512564,16QAM
11.752273516868346,16QAM
4.879824453164554,64QAM
22.03097029476655,64QAM
6.264928064837699,16QAM
1.7569591585360156,64QAM
16.57098413451703,64QAM
17.85689198158205,QPSK
26.157391838415165,64QAM
17.309448372530454,64QAM
10.364425611703371,16QAM
24.090356445789617,QPSK
16.20836679562263,QPSK
2.3784085389357523,QPSK
16.975516809397398,64QAM
27.240556362649873,16QAM
11.889378764946617,QPSK
8.889774056994002,QPSK
4.304083710540602,64QAM
4.543365658060719,QPSK
12.983144530254567,16QAM
17.870394724845887,QPSK
2.4184621550880525,16QAM
28.18705767075497,16QAM
22.654008523355877,16QAM
17.59871754850988,64QAM
24.853160128169726,64QAM
2.4056027043633987,16QAM
14.305166331993732,16QAM
18.902793805849903,QPSK
24.859587183548676,QPSK
23.50408680147803,QPSK
8.31207749140199,64QAM
28.22640508677613,QPSK
3.730375242926111,16QAM
26.254008558634563,16QAM
29.128207488138557,64QAM
5.3146056966787665,64QAM
21.661981926113558,QPSK
1.208565563339954,64QAM
12.162684754174649,16QAM
15.48849897593022,16QAM
17.41935677728902,64QAM
28.078117447456783,16QAM
20.16752061882584,64QAM
14.43833853657711,16QAM
24.290251087976678,QPSK
28.515984628632268,64QAM
0.6619844604687253,64QAM
29.47563816768116,64QAM
2.5839641719104103,16QAM
24.43160337806284,QPSK
8.410042576542375,64QAM
3.9653897326161527,16QAM
13.195669191415046,64QAM
19.318697383428407,16QAM
11.42855535070425,QPSK
1.6369622484809687,16QAM
17.9838341897615,16QAM
27.07209828332024,64QAM
11.49646097841755,16QAM
6.4899833289248114,64QAM
13.277320377984461,16QAM
1.4508813314634261,QPSK
24.614627534408243,16QAM
24.7902243285056,64QAM
17.640013902888853,16QAM
10.593086668151685,16QAM
23.9935009333735,QPSK
16.640610743651017,64QAM
24.777969256500487,QPSK
18.94376377749062,16QAM
23.53216419638392,QPSK
17.9568897965328,16QAM
12.424232046469987,16QAM
28.738375797784126,QPSK
16.23341474636534,QPSK
18.152685556216152,16QAM
6.614629182442478,QPSK
18.769523682818296,QPSK
17.148229484488315,16QAM
5.545151938410749,64QAM
1.7876129205943114,QPSK
18.130779591443133,QPSK
22.910768080509616,64QAM
15.702041127660246,QPSK
6.803178759589371,16QAM
19.995659300791047,QPSK
2.403171798288067,16QAM
13.255011144058638,64QAM
4.901002751952605,64QAM
5.533771531796501,64QAM
6.068818474746109,QPSK
11.601211711319337,64QAM
1.5345061686119288,QPSK
11.933803227872946,QPSK
15.351223413441025,QPSK
14.498828548989756,64QAM
11.483523012091217,64QAM
25.174398242122574,QPSK
4.359800772615124,64QAM
15.17090231344122,QPSK
1.8612425086966289,64QAM
2.1346703663372923,16QAM
17.21597549031289,64QAM
16.98055274663463,64QAM
26.34100538533371,64QAM
16.736210269802196,QPSK
28.793730612145506,QPSK
1.460845451997893,16QAM
2.9402305434222322,16QAM
1.3219758471114418,16QAM
5.558305510006201,QPSK
16.238103328250343,16QAM
19.36716544282284,16QAM
1.367554738460064,64QAM
28.37912669536798,16QAM
25.26496129951143,64QAM
8.898374464712793,QPSK
2.315625906794039,QPSK
5.096612196571718,64QAM
3.80833241264918,16QAM
3.6985133789684053,QPSK
15.556850659972017,64QAM
7.375423274802008,QPSK
10.744191495874333,QPSK
29.685160001529674,16QAM
20.529427467760343,QPSK
28.46942001141004,64QAM
4.276696650993468,16QAM
11.464184244977078,64QAM
16.641954098470627,64QAM
2.3027418566621405,64QAM
0.12562330883873596,16QAM
20.113030013907526,QPSK
19.25458550404306,64QAM
12.323664299988353,QPSK
14.68932228096098,QPSK
12.463290017762688,64QAM
0.7201513453466657,QPSK
10.061148186523873,16QAM
5.312467661918695,16QAM
2.952725673041062,QPSK
28.701613016680493,QPSK
17.980791751264967,16QAM
21.85968852709808,QPSK
9.460912297983525,QPSK
11.794413884820456,QPSK
7.107719816901704,QPSK
2.9089701289627423,64QAM
5.370949123247514,QPSK
23.925421358894575,16QAM
20.326374155513275,64QAM
16.407866279564306,64QAM
14.252696186003043,16QAM
27.673028509683732,QPSK
2.182048433360052,64QAM
8.41802439713748,64QAM
10.498135607121421,QPSK
23.472774366383636,QPSK
29.77543860485914,16QAM
7.220115442714592,64QAM
26.22922002411242,QPSK
24.91868281295374,QPSK
6.739721929252998,16QAM
11.979977405976678,64QAM
12.290186078775573,QPSK
29.34662005579675,16QAM
5.426757041366949,64QAM
23.974739133143462,64QAM
10.025781425193298,64QAM
21.92611037328481,64QAM
12.600330128869885,16QAM
17.3507928934962,QPSK
24.978353199783932,64QAM
24.124966949516523,64QAM
25.992695506191005,QPSK
1.7885197603397707,64QAM
20.761516591192343,64QAM
4.199621301652886,QPSK
12.47455704055233,QPSK
16.457652451640655,64QAM
12.082184542404923,QPSK
15.588350274090224,16QAM
29.895789263958573,16QAM
4.056519411385642,64QAM
20.263681360092768,64QAM
11.880028991568457,QPSK
3.9902939672198636,QPSK
4.7621029012292855,64QAM
28.478193187368507,64QAM
26.38804490135286,16QAM
27.211258812450655,QPSK
29.745983274821597,64QAM
6.249461700255539,64QAM
10.663180120921853,QPSK
20.076570897746002,QPSK
14.514076195819417,64QAM
12.551686001350005,64QAM
10.734337480067792,64QAM
17.813418958303565,QPSK
17.26780285920246,64QAM
4.843735021927202,64QAM
14.152195125553172,64QAM
16.604153286295496,16QAM
17.108608161941714,16QAM
6.303215787370554,QPSK
22.268141767568604,64QAM
0.755972844632089,64QAM
10.64495566629488,QPSK
23.406379456069008,QPSK
16.91678763166207,QPSK
7.8348729753258075,64QAM
20.848593580291432,16QAM
17.0217283246822,QPSK
23.887308283691617,64QAM
22.050755585694702,QPSK
18.30323766108704,64QAM
14.645330259324421,QPSK
3.9954637700257023,64QAM
7.839990536561513,QPSK
12.572984187512558,16QAM
17.97897861019166,QPSK
15.411235656459144,QPSK
8.645535778785884,16QAM
0.19393073369131653,QPSK
14.887176657024417,16QAM
8.568779656867292,64QAM
22.03824902131605,16QAM
0.7183879581145047,16QAM
17.544834339173725,64QAM
28.24422712518196,16QAM
5.2322780133449855,16QAM
14.149484722517862,64QAM
2.742659754514145,QPSK
18.770457367840578,QPSK
16.515950417886767,16QAM
12.22096572638497,QPSK
15.641310644212236,QPSK
26.897239754070306,16QAM
5.888829069332012,64QAM
0.676935351160417,QPSK
25.84994654097303,16QAM
17.313512471637196,64QAM
26.719753663855272,QPSK
17.908356702395178,64QAM
24.304832698791074,16QAM
12.890200900654438,64QAM
22.495797938648064,64QAM
27.39124400669568,16QAM
17.16368891166619,QPSK
5.423554516871386,QPSK
8.063928450905944,64QAM
5.959337306922174,64QAM
7.405710827871987,64QAM
9.19246348053109,64QAM
16.654013602595654,QPSK
17.639748883914983,16QAM
12.794992417255834,16QAM
18.462623394625062,16QAM
2.4472477683409775,64QAM
2.633647111744799,64QAM
5.154883810729753,16QAM
15.542324941210342,QPSK
6.419840360949407,16QAM
8.49853210477732,QPSK
12.009385085189821,64QAM
24.355983720311396,16QAM
0.41586407738580355,16QAM
19.481364607098673,64QAM
20.06629593122056,QPSK
23.959673410699097,16QAM
27.982588171809397,16QAM
0.6041354684786948,QPSK
4.613511165396486,16QAM
26.58513882167979,16QAM
13.755556865610462,64QAM
16.937719168003905,QPSK
19.89081611169442,16QAM
20.37199813486912,16QAM
27.952212099495245,64QAM
29.908482522350088,16QAM
21.604723827928208,64QAM
8.616636276154525,16QAM
26.392572068830308,64QAM
1.4766274362228482,QPSK
6.932425586234886,QPSK
26.921571523911446,16QAM
7.6857454331806485,16QAM
6.619531788652454,64QAM
4.143758794207417,64QAM
25.773352729407495,QPSK
15.001747775732602,16QAM
20.246796091624645,64QAM
7.17199152225089,QPSK
22.741212630336495,QPSK
22.800166348862955,64QAM
9.377940747249005,16QAM
12.320478990308485,QPSK
6.290708322906026,64QAM
29.296830699687128,QPSK
19.368077311752348,16QAM
28.036316421465465,64QAM
9.101566308873995,16QAM
23.456727389906693,16QAM
22.97575931654226,QPSK
20.749669555996245,16QAM
28.969169258004012,QPSK
11.806660083189467,64QAM
3.9215197076927186,64QAM
20.15126577732182,QPSK
21.879294014316184,QPSK
17.25181720376444,QPSK
6.204536794001888,16QAM
15.133678250080662,64QAM
9.365692097073882,64QAM
12.823995845000672,16QAM
19.356557275339917,QPSK
22.356442280725037,64QAM
6.9667407270402935,16QAM
12.1597608194086,QPSK
8.074847129748875,64QAM
5.9589484158560735,QPSK
23.501616599875153,16QAM
27.277580833109774,64QAM
11.106965570537302,QPSK
22.538367731213008,QPSK
26.90985868093233,QPSK
25.383726315906948,16QAM
5.484401656176777,QPSK
28.688756445400838,64QAM
11.300293212883874,64QAM
10.17721983521509,QPSK
1.87293981833341,16QAM
14.58520962314649,64QAM
3.270408469227861,64QAM
7.4561946278227795,64QAM
9.508278653018442,QPSK
24.26478970475052,64QAM
26.264659511876896,QPSK
9.07398952384409,QPSK
25.760943637337217,QPSK
25.71692812109373,QPSK
22.939528511546207,QPSK
4.400853420455446,64QAM
20.70968540702187,QPSK
28.350721937417063,QPSK
20.476214363014712,QPSK
9.948505473235018,QPSK
15.017379522924939,QPSK
19.37175130053161,QPSK
15.317112261855106,64QAM
3.598588251929095,QPSK
9.36192133956062,QPSK
24.071880916608976,64QAM
25.842541382865523,64QAM
4.1190009814671065,16QAM
28.571602571961737,64QAM
9.86467853545828,64QAM
19.8694121619216,QPSK
22.554754378700434,16QAM
24.358387039136502,QPSK
28.372491066777904,16QAM
9.387586440864679,QPSK
25.755193636546636,64QAM
3.9506071030862113,64QAM
21.15122719060778,16QAM
22.259331885419577,QPSK
20.331697236039613,QPSK
7.5694420840545895,64QAM
26.191294410456102,64QAM
5.06575390111185,16QAM
1.6090437456249251,64QAM
21.523949718357365,16QAM
14.26427145698201,16QAM
25.47294059876028,16QAM
11.501914231747769,16QAM
5.048357655231385,64QAM
25.093265774096093,16QAM
16.46728894920215,64QAM
5.675873771710647,16QAM
21.611519957593373,64QAM
15.333409154685016,16QAM
18.129389467209595,64QAM
13.826950146197456,QPSK
24.86126951454019,16QAM
24.886881470491495,16QAM
21.281664654731586,QPSK
3.1620413218938683,QPSK
25.165615857122067,16QAM
20.130389415987295,64QAM
20.910724980128986,16QAM
10.88948521211615,64QAM
26.3783866847102,QPSK
21.761148007045723,64QAM
3.377713995875834,16QAM
12.23334103218488,QPSK
26.591410858804252,QPSK
1.4159010509213699,16QAM
28.842498589261485,16QAM
20.374877049586885,QPSK
18.9412793293013,64QAM
8.116777694639742,64QAM
7.463753662175312,64QAM
28.261746584657864,16QAM
8.948173627023682,QPSK
23.265158901569983,64QAM
11.793653946212375,QPSK
4.177622123541119,64QAM
0.3214589308607685,QPSK
16.327720110457523,16QAM
29.273364556467982,16QAM
11.074085814276135,16QAM
10.715770019791345,64QAM
10.322748535483262,16QAM
15.616315119145753,16QAM
13.219946502728806,16QAM
26.397438801810434,QPSK
15.16562375170471,QPSK
15.232735145657063,QPSK
4.151147841616698,QPSK
29.48218622731158,QPSK
7.49918672606489,QPSK
2.20092202378808,QPSK
19.894387469256262,16QAM
17.86099110470618,16QAM
12.454369619782371,64QAM
12.665767016420341,16QAM
23.551917631392936,QPSK
5.871379202989472,QPSK
24.607599568346693,64QAM
19.462413416850545,16QAM
12.569093213385731,16QAM
13.740858497516058,64QAM
7.699416215582874,QPSK
22.563429980909245,QPSK
15.386242269158032,QPSK
9.625636282495307,QPSK
17.881503472828506,64QAM
29.87203356153969,16QAM
13.057868389696615,QPSK
27.620742023358588,16QAM
10.350505197736982,16QAM
1.6419812077495766,QPSK
6.127263191052866,QPSK
12.560854299830526,QPSK
6.589047857837071,16QAM
0.006811146547666125,64QAM
27.45004613242582,QPSK
25.31638233692787,16QAM
22.268766944608412,16QAM
5.034437869380859,QPSK
3.6109072862995815,64QAM
2.028142484171495,QPSK
21.720875663187638,QPSK
27.864238820636558,64QAM
12.91607462739111,QPSK
3.574220159881445,QPSK
15.371784621963197,64QAM
10.464957223758905,16QAM
11.244747730499931,16QAM
18.63991872467122,16QAM
21.56154339786607,16QAM
3.3181079661948254,16QAM
1.0677069241942916,QPSK
29.829909080571447,64QAM
6.981850467466555,16QAM
1.6149157472537723,64QAM
5.696259872877599,16QAM
1.1687353904539266,QPSK
11.75432683851515,16QAM
24.072053533539727,16QAM
10.237333492731619,64QAM
13.325502206350997,64QAM
20.267603207023164,QPSK
15.266822102096405,64QAM
25.843370580639725,64QAM
25.981070251372696,64QAM
0.2973208647346093,QPSK
23.341389194495974,QPSK
13.822008007250217,QPSK
29.665216239109892,64QAM
14.496962276263055,64QAM
29.606878361648924,QPSK
22.637080836172096,64QAM
7.458146538399189,64QAM
16.15184937860873,16QAM
29.76406918435748,QPSK
25.72591823255771,QPSK
2.921006813736633,64QAM
21.191159904299884,64QAM
10.367387576124392,16QAM
0.20946785641044352,QPSK
12.104429070809989,QPSK
7.042632651749139,64QAM
24.566078115614147,QPSK
10.119918265372965,64QAM
24.825710818614514,16QAM
0.017938165043859255,64QAM
9.234574500783575,16QAM
7.2349564292328585,64QAM
7.00702083205833,16QAM
2.0455985929638807,16QAM
5.6137281123150515,QPSK
16.666487096568595,64QAM
8.740832185132334,QPSK
12.521843469874439,QPSK
11.306006410415655,64QAM
26.27714774999684,QPSK
27.158969970315464,QPSK
14.788709149675801,QPSK
9.904678509468132,64QAM
3.204021120070909,QPSK
28.60208638146285,QPSK
1.8068083470089236,QPSK
8.929508327048413,64QAM
8.941986035100125,16QAM
9.612038584206447,16QAM
4.928605298172278,16QAM
23.494842927710916,16QAM
3.6749358589796763,QPSK
19.047199774594883,64QAM
3.7153808011745237,QPSK
2.1160691277886965,64QAM
27.282885110576295,QPSK
5.70386298956117,16QAM
24.637504636791128,16QAM
16.338926133214073,64QAM
2.3356955882630883,QPSK
28.663445743142024,16QAM
7.408835009756776,64QAM
25.789360360578193,QPSK
5.0643001735369255,64QAM
25.618286464255586,QPSK
0.39686438715881955,QPSK
15.35341369708442,QPSK
23.083277382646703,64QAM
28.0438655247835,64QAM
27.276064086194612,QPSK
24.588746086429346,16QAM
26.645740489839124,QPSK
5.976590575112295,64QAM
8.525528871351863,QPSK
8.669055747631756,64QAM
11.311617930050964,QPSK
11.799620111555662,QPSK
16.336659739640265,16QAM
4.796392900993242,16QAM
20.73739991357968,64QAM
5.026996179135194,QPSK
9.309254463136426,64QAM
15.100353918184622,QPSK
23.89321684570432,QPSK
22.184076997161817,QPSK
19.366030692315668,16QAM
4.6731978174051045,64QAM
16.41136036846733,QPSK
2.623395053996563,QPSK
11.320895303899523,64QAM
12.405495908698775,64QAM
1.1943431833726148,QPSK
8.219642984099155,16QAM
28.66948401799468,16QAM
28.608978234890685,QPSK
10.569811627576179,16QAM
1.2930032684497217,64QAM
5.372848179845446,16QAM
11.766533803006205,64QAM
28.433390939076894,64QAM
4.235971906115548,64QAM
22.905475310046366,64QAM
3.2604761812407625,16QAM
29.437727321738304,64QAM
11.44849497327405,QPSK
23.25703616697168,64QAM
10.277732484333955,QPSK
18.83006631476426,64QAM
5.7604825422011015,64QAM
4.380630578908876,16QAM
28.141924187043937,64QAM
27.529418337133002,64QAM
26.62406820638647,16QAM
18.763003504997805,16QAM
24.248046336488347,QPSK
2.0711081073412476,16QAM
10.043671256720375,QPSK
9.411093742714687,64QAM
19.0693596585784,QPSK
10.678733204119215,16QAM
4.4552034493104244,64QAM
17.89401226240631,QPSK
24.431517620072444,QPSK
11.463704833799195,QPSK
3.9680614529544513,64QAM
5.900645919384692,QPSK
7.124499155081519,QPSK
8.996927789836086,16QAM
19.283852115189273,QPSK
18.02836453613157,64QAM
20.882395847011175,16QAM
10.875059535945395,64QAM
24.71992955639935,16QAM
6.122629834672808,16QAM
14.071222425544619,QPSK
24.02816164624291,64QAM
5.404759431978578,QPSK
3.2958934122234886,16QAM
26.510519030639692,QPSK
10.287889882775877,16QAM
20.51610374727096,16QAM
0.7604581279181544,64QAM
20.701406652283488,64QAM
9.483039346409116,64QAM
1.6722256076232522,64QAM
18.29438284644351,QPSK
7.224114482195198,64QAM
11.6042172615564,64QAM
2.417424368595408,64QAM
4.41489753284836,16QAM
8.939317064875313,16QAM
2.692785016804714,64QAM
27.324787940589456,16QAM
0.18141129551935253,16QAM
14.515806565929342,QPSK
3.697423743976543,16QAM
9.230372684338455,QPSK
27.781786794547966,16QAM
4.8508365982196056,64QAM
28.97496959154998,16QAM
6.173831309682651,16QAM
22.24698325400489,QPSK
16.40031794691935,64QAM
26.534361827902774,QPSK
16.619797665093927,64QAM
16.03677657468926,64QAM
5.863740011051997,QPSK
4.9868808615497615,16QAM
27.494674533465428,64QAM
9.835145965501022,16QAM
11.162467648886878,QPSK
22.794709752851652,QPSK
10.164704472684221,QPSK
28.561873399170082,QPSK
22.13783306996401,64QAM
17.922877277202602,QPSK
26.426854816342573,16QAM
1.4881772504844826,16QAM
7.711880765676263,64QAM
13.951090026627298,QPSK
6.8093561841456305,64QAM
22.317155619064557,64QAM
27.576240931611757,64QAM
12.713103597927702,QPSK
10.263978003356849,16QAM
28.84652196412699,16QAM
13.345572984826225,64QAM
14.671452013478497,64QAM
10.54949617025716,16QAM
27.28645419036415,16QAM
17.068664498455522,QPSK
22.865237615449338,64QAM
24.35420155052659,QPSK
10.255471257517746,16QAM
13.010829939611401,16QAM
25.454153232187938,16QAM
10.897660550274308,16QAM
23.818054003555538,QPSK
28.22976967723311,16QAM
18.69631119204021,64QAM
22.248818623556666,16QAM
24.152919361234048,64QAM
25.351189466899275,16QAM
11.85160013570388,QPSK
1.5379037752799452,64QAM
12.056288137102186,QPSK
20.212686893522694,16QAM
13.510511573423784,QPSK
22.468894525811958,16QAM
10.709472884059917,QPSK
19.042324233120887,QPSK
5.592594145619238,64QAM
22.48108309934871,16QAM
16.370879064390774,QPSK
6.121931656398018,16QAM
8.757335204934218,64QAM
22.45826125745497,QPSK
14.478037069845621,16QAM
6.480943211792166,QPSK
29.01813571110893,QPSK
21.453750594506637,QPSK
28.714044976193883,QPSK
12.813151360810297,64QAM
14.253010220751614,64QAM
26.938656485550574,16QAM
15.751480207361539,16QAM
21.218367357170013,QPSK
7.565186324865899,QPSK
13.401794061079217,QPSK
3.7034959743106532,64QAM
6.17940107630885,QPSK
0.02830245802893261,16QAM
1.177951549459807,QPSK
29.31851469530788,64QAM
7.270610854102869,QPSK
19.89932128512006,64QAM
25.172990963988347,64QAM
16.519813777096928,64QAM
4.594335002518686,64QAM
21.843493120084993,16QAM
18.007542302987492,64QAM
21.93751768042125,16QAM
23.092398685712617,16QAM
29.262311030542353,QPSK
17.2068984008013,QPSK
10.249233380718055,64QAM
19.453936707007113,QPSK
2.0532212772787837,64QAM
26.92191954964759,QPSK
3.5814303401459036,64QAM
9.835285136574548,QPSK
24.472361418783628,QPSK
17.919371349921356,16QAM
11.809065608323262,QPSK
14.203069781250642,QPSK
25.63642179606541,64QAM
10.200131581796764,16QAM
26.08949054436514,64QAM
2.644032929300745,QPSK
23.30395311625892,64QAM
25.42642899164209,16QAM
5.454529585120163,64QAM
12.910395971166013,QPSK
4.964993239909669,64QAM
21.19812386982653,QPSK
16.060433041849702,16QAM
19.059700401249632,16QAM
5.894609008686334,64QAM
6.352375861572586,16QAM
1.244919765297191,64QAM
9.662026055871891,QPSK
16.79233984001025,64QAM
25.738047419919862,QPSK
20.00782342376042,16QAM
13.061889701992543,QPSK
28.593603431824135,QPSK
21.577356017274955,QPSK
27.9049560858765,QPSK
15.82763919816497,QPSK
7.767128243794188,64QAM
1.5848005909416596,QPSK
21.782545544515514,QPSK
3.6390899401660235,QPSK
9.083253848159016,QPSK
15.974127236516921,QPSK
16.93249763339243,QPSK
18.01749590961408,16QAM
4.987659910491019,64QAM
11.392122144649463,QPSK
18.515826813509,64QAM
29.094565939013542,16QAM
21.82893413099066,16QAM
27.678112712818734,QPSK
22.866361749425312,64QAM
17.751509066772012,QPSK
5.760701074090337,16QAM
20.000569556775392,16QAM
18.701386978797213,64QAM
18.074075113717992,QPSK
14.693576039647223,64QAM
15.859698119678269,64QAM
10.033275813543122,16QAM
15.579380779269096,64QAM
5.926677170354347,16QAM
24.155231920811303,QPSK
5.573308640961234,64QAM
2.5489886966839927,64QAM
13.087380790714722,QPSK
19.749223185181854,64QAM
13.131504748006241,QPSK
8.302623958539257,16QAM
16.745135516713223,16QAM
10.410070062365998,64QAM
27.986030703798992,16QAM
27.679354188107162,16QAM
15.071154599162863,QPSK
9.836519820547755,16QAM
22.113972418699174,16QAM
1.1013883044919992,16QAM
14.243070181309538,QPSK
10.089701828110005,64QAM
27.616076553076642,QPSK
0.3600908181804763,64QAM
16.584446271550473,64QAM
22.21990743199878,16QAM
14.550539625721237,16QAM
2.56209090488165,QPSK
29.173841700837066,QPSK
15.540312941282938,QPSK
18.42558732957034,16QAM
7.09829348122522,64QAM
14.504942553204113,QPSK
12.874484758749656,64QAM
2.246875260059512,16QAM
3.1848106064240165,16QAM
25.124175588563237,16QAM
7.194598566197707,16QAM
5.8487481449589165,64QAM
15.147343537504177,64QAM
23.062413940875388,QPSK
1.8583955573696376,64QAM
17.304237589147675,64QAM
3.576313285217201,64QAM
1.0938315247685537,QPSK
1.5823185648665217,64QAM
25.02492324625324,64QAM
3.539174508841847,64QAM
1.3545409323687585,16QAM
13.13699661428737,64QAM
25.319804158260744,QPSK
7.872251294679058,QPSK
12.651378525777492,QPSK
1.1976759769125367,QPSK
13.472355424046276,16QAM
17.32839241911401,QPSK
17.127211612564345,16QAM
9.972800765230955,16QAM
9.465995419894066,16QAM
3.1987085680979366,QPSK
11.003949619388052,QPSK
2.98484006618894,16QAM
22.99787834136155,16QAM
28.988228932445576,QPSK
29.102233700001207,64QAM
25.952132981261816,64QAM
18.023764480188575,64QAM
21.025970917316396,QPSK
8.556174080412422,QPSK
18.92311260517862,16QAM
13.669486483196323,QPSK
14.460520193307975,QPSK
22.73329681125474,QPSK
8.45755066791755,16QAM
9.541188350835597,16QAM
27.7392537338591,64QAM
1.6867288455291674,64QAM
14.569028952400211,QPSK
27.38402401223585,QPSK
18.31089023454471,16QAM
16.392212226363963,64QAM
7.492325376880657,64QAM
10.298264671933449,64QAM
25.561452474140786,QPSK
16.776543953053743,QPSK
15.442265812703397,QPSK
2.9873914062008677,16QAM
0.48084469365369364,64QAM
28.91055566061147,16QAM
11.30958501860525,64QAM
18.09639186298513,QPSK
2.39145219561855,16QAM
20.493428571691396,16QAM
27.977001261178827,QPSK
17.26995758992259,64QAM
3.783459671262317,64QAM
17.451645824204302,64QAM
22.990416393139572,64QAM
12.192496097220559,QPSK
26.395132438244037,QPSK
19.460488600720936,QPSK
26.977467548676074,QPSK
18.705159337420117,16QAM
3.938639160144727,16QAM
9.290751333155674,16QAM
6.053848447573707,QPSK
27.264794931505868,64QAM
22.81200201862448,16QAM
20.291951067300182,16QAM
9.028989588948651,QPSK
5.5213431615064055,64QAM
22.693532639667353,64QAM
14.22473837637239,64QAM
6.773686564518874,QPSK
18.498659344958252,64QAM
1.2100155641535593,16QAM
9.785107623847605,16QAM
14.05670983773404,16QAM
4.438750023282175,QPSK
29.53963432772519,64QAM
6.272920937688427,QPSK
3.9105939012979665,64QAM
6.106046216606892,QPSK
23.071833994791728,16QAM
12.765169778155284,QPSK
16.96247819257614,QPSK
0.6302747095908223,QPSK
1.0329392571994367,16QAM
13.374766494810485,QPSK
24.499657296048706,QPSK
26.557166361226958,16QAM
2.6011970278692065,64QAM
16.150893063030683,QPSK
27.396890588378113,16QAM
11.639182631936592,QPSK
24.886974942851058,16QAM
4.010869631983086,64QAM
28.06183469003396,64QAM
22.542699525939078,QPSK
28.24003178360705,16QAM
20.298517006575196,64QAM
10.90211795998281,64QAM
28.145435175741675,16QAM
8.267003289275355,QPSK
9.965175661851976,64QAM
21.02425254005221,64QAM
22.95948898576159,64QAM
27.882104515474616,QPSK
6.1440722716862854,64QAM
23.939941056576718,16QAM
22.156381601908905,QPSK
1.913836687607936,64QAM
11.61669423630621,16QAM
8.482963711802958,16QAM
9.134712730620912,QPSK
29.488406386641024,16QAM
19.283322404397836,QPSK
21.530284733804987,QPSK
29.298529119450276,QPSK
11.316053473729161,16QAM
24.055205053584178,QPSK
13.035928899134861,QPSK
26.086010154449394,16QAM
5.419726239339095,QPSK
28.43058531192839,64QAM
6.56315125232639,16QAM
9.786615209427946,16QAM
22.685767023203415,16QAM
11.8126542469622,64QAM
18.2463413029934,QPSK
13.337205032082855,16QAM
22.271098112693455,16QAM
6.849937571058326,16QAM
1.7537396171063102,64QAM
8.997881924191987,64QAM
14.229259946052908,64QAM
5.040601565780357,QPSK
10.64391868969166,QPSK
11.999490548807056,64QAM
1.7217553106482064,QPSK
17.499217445526135,64QAM
26.530302839138624,QPSK
4.552287388591573,QPSK
17.934240402045422,64QAM
19.942176147325387,16QAM
12.58004041257865,16QAM
21.0329276209281,QPSK
12.32194630473036,QPSK
15.139118639323048,QPSK
0.2205913366328094,QPSK
20.751603424040663,QPSK
19.840280368341734,QPSK
1.1520263197903369,64QAM
11.047503221853992,16QAM
29.370955223750023,16QAM
12.622096877058503,64QAM
15.058362153955251,64QAM
27.297904744791555,16QAM
21.517856275972694,16QAM
17.462103933726706,QPSK
23.934140440232177,16QAM
25.930987993679196,QPSK
13.706642152118006,QPSK
14.253250947955062,16QAM
11.581528069555073,QPSK
29.001184200553816,QPSK
20.914987628710513,64QAM
2.496691986242169,16QAM
25.888788699390552,64QAM
14.416798225088042,QPSK
2.062617192674624,QPSK
16.491517654899333,64QAM
12.514928369271063,64QAM
26.332482145878746,64QAM
6.119838108281622,QPSK
24.79393828476549,16QAM
16.730660735563582,QPSK
1.6383090964040714,64QAM
29.15535903976454,16QAM
15.378457323095997,64QAM
8.726305626947475,QPSK
14.082205259677743,16QAM
25.73573350552467,16QAM
9.147093731551905,QPSK
5.780291894601009,64QAM
3.8721374079264437,64QAM
8.935781951706337,64QAM
23.401442611201304,QPSK
14.148790955857852,64QAM
6.824448110806199,16QAM
4.985549988292476,64QAM
9.981884295311373,64QAM
28.197731186571264,16QAM
10.290801377700731,16QAM
29.64372227863906,64QAM
14.556913672960686,16QAM
5.374917548704526,QPSK
26.73420275380528,16QAM
13.810661194044807,QPSK
21.290140305135733,16QAM
29.511347496274553,QPSK
1.50526050959922,QPSK
2.900836793627014,64QAM
21.613702243882685,16QAM
8.45475009886416,16QAM
5.529041908502972,16QAM
1.1808563945918849,QPSK
0.6554013595860542,64QAM
23.234568093593726,16QAM
4.0330028210865,64QAM
14.031618479134526,64QAM
18.17690445538449,QPSK
12.850554017065388,16QAM
0.8131995700869932,64QAM
23.505045077637266,16QAM
0.3153967362496046,16QAM
22.85669683132452,16QAM
26.799134813643683,64QAM
12.985197631715168,QPSK
16.066274192933946,QPSK
14.309501778529613,64QAM
11.676258558703164,16QAM
26.622736061110807,16QAM
26.818005320099715,QPSK
10.074490939246036,64QAM
18.45209262044094,64QAM
27.807226864375924,QPSK
28.861754968240547,64QAM
15.268771212661425,64QAM
13.584744158529803,QPSK
8.360829477855773,QPSK
28.7661561957123,64QAM
4.284429134186021,64QAM
17.39488728143175,QPSK
8.476508025559166,QPSK
8.370248710433899,16QAM
12.149057621285653,64QAM
29.963788074469637,64QAM
1.648989205194662,QPSK
17.356254546105944,QPSK
2.4771647410583153,16QAM
4.63562489971557,16QAM
13.186888253186961,QPSK
15.313803940393239,64QAM
7.76377225093572,16QAM
9.493713926232486,QPSK
2.609010607677992,QPSK
9.096593515327516,QPSK
28.996753181416324,64QAM
28.34122145017445,QPSK
10.04634870410955,QPSK
17.12561808836285,64QAM
27.28786173332833,QPSK
0.18551467922690024,QPSK
24.320507110127757,16QAM
28.45108658366757,QPSK
2.739772030006712,64QAM
4.843430580987631,16QAM
28.822389083140664,QPSK
16.12620430921039,64QAM
0.42589903415171104,QPSK
7.728959962905875,16QAM
13.498310228065789,64QAM
20.78726733074303,16QAM
21.994811344103987,64QAM
29.862645387763685,64QAM
8.625335981512771,QPSK
16.146603056054257,64QAM
15.99970643578815,64QAM
12.169357783417125,QPSK
5.0748568152726055,64QAM
29.323696895515276,64QAM
25.59951559999758,64QAM
14.949990848827117,64QAM
18.097362680520895,QPSK
6.817831606789869,QPSK
16.313612111752406,16QAM
20.849103993644274,64QAM
15.455010851597663,QPSK
29.708555117548237,64QAM
18.340249687431786,QPSK
11.12921137776507,16QAM
23.164560828475143,64QAM
5.1138753474492615,16QAM
11.535474411187996,16QAM
10.408768511327576,16QAM
12.954212853233319,QPSK
23.45339477786179,64QAM
14.525190964902224,QPSK
23.820433507978883,QPSK
17.294667094195976,64QAM
10.26208303972666,64QAM
24.299362310504172,64QAM
7.148690116592747,64QAM
6.731489393993865,QPSK
15.135087721645073,64QAM
7.825477378862668,64QAM
0.27261104853648965,64QAM
19.448925818964046,16QAM
15.33281464417194,64QAM
13.365534434794835,64QAM
29.00905543854946,QPSK
17.13597551888741,16QAM
25.902947333681535,QPSK
4.183507086154805,16QAM
17.07619389388283,QPSK
26.039388801927085,QPSK
17.49317271839694,64QAM
21.540425343810046,64QAM
11.16130703436622,16QAM
2.773485511111998,16QAM
13.737008853812142,16QAM
11.834381725165725,64QAM
26.01180547136842,QPSK
7.319859070574167,16QAM
29.002026826053243,64QAM
28.744143594134883,64QAM
7.428949292143161,QPSK
10.441558664319615,QPSK
26.86667222621655,64QAM
28.998666626883224,QPSK
13.30317308508132,QPSK
9.629911369226935,64QAM
15.782820397546262,16QAM
20.633076190972044,16QAM
8.204235461249393,64QAM
22.094195238572183,16QAM
1.549720713439231,64QAM
1.4788347829324933,64QAM
11.588631154366357,QPSK
10.604195761821618,16QAM
9.468996461014568,64QAM
14.7305928800673,16QAM
9.622007469347137,16QAM
5.767737554042758,16QAM
9.284086472658027,64QAM
29.247128184307048,QPSK
12.333402509845458,16QAM
13.341383305750073,64QAM
17.2963496985342,16QAM
29.500223052426797,QPSK
7.248038293072891,16QAM
20.438463315973014,64QAM
21.479540806251723,16QAM
18.219732503791978,16QAM
2.657350189099322,16QAM
20.306168274827293,QPSK
1.9228413310852643,16QAM
17.884279486496908,64QAM
22.18743531665228,16QAM
6.329096718598512,16QAM
25.24866022628322,16QAM
0.9106141659901279,QPSK
25.314385909749184,64QAM
13.809871519282952,16QAM
6.527638197949335,64QAM
4.01334434981904,64QAM
28.599215027471175,QPSK
2.179967627434701,64QAM
5.97280259807777,16QAM
10.43467042299138,QPSK
18.607045468833615,QPSK
16.34403255828295,64QAM
3.7693047723694195,QPSK
8.691839512146439,64QAM
7.162553132580722,64QAM
6.406285634710241,QPSK
12.334330094399611,16QAM
21.120943577749706,64QAM
6.523587966517078,QPSK
11.000366391089443,QPSK
11.727522805234868,64QAM
29.293695883062306,64QAM
28.639990706372068,64QAM
24.00412748256228,64QAM
7.249767624575555,16QAM
2.0411194227500906,16QAM
9.507124131618742,16QAM
8.003836483014926,16QAM
15.177774004391816,QPSK
23.331837302033794,64QAM
25.74968816636574,QPSK
25.345922562315256,QPSK
10.790266836692034,16QAM
20.61703030382049,QPSK
9.385025925726602,16QAM
1.8271662970554814,64QAM
21.046957968088268,16QAM
0.29482657709363536,64QAM
12.275477623754657,16QAM
9.881378079062271,QPSK
20.801326155565572,QPSK
22.98736418281137,16QAM
9.122839079138515,64QAM
24.348810433345605,64QAM
8.817502815148012,16QAM
13.389790799596836,QPSK
21.810555810424017,64QAM
20.787606876743656,16QAM
29.621054169366,64QAM
6.754830726477956,QPSK
19.869537406187472,64QAM
18.29045724827332,16QAM
27.452953634700897,64QAM
4.690864249346252,64QAM
22.55394490760799,QPSK
17.04805848806305,QPSK
8.239976093637162,QPSK
14.233047424415222,QPSK
10.013297912093934,16QAM
17.379402083653826,64QAM
26.670018324439976,64QAM
17.07914953236606,64QAM
18.95167254979752,64QAM
15.562435413441284,16QAM
1.5349651933642772,QPSK
6.985756706282827,64QAM
14.760051882962482,64QAM
9.307058512341143,QPSK
5.452907932835826,QPSK
15.12398525755315,64QAM
9.68429380343551,QPSK
7.7432292952024415,64QAM
13.919562523211424,64QAM
3.9985277424651944,64QAM
27.832371992262217,64QAM
26.031062937577172,64QAM
21.22861757221606,64QAM
3.186414827653686,QPSK
23.27631763409079,16QAM
24.23871984327057,16QAM
23.03293853143013,64QAM
3.418976613577235,QPSK
19.317238712032943,64QAM
25.029743872481955,QPSK
17.32060203659003,64QAM
19.39222125684267,64QAM
13.750904382789185,16QAM
15.861219596521579,QPSK
1.0313057505517564,QPSK
19.16889065919854,16QAM
2.443416386734776,16QAM
13.050437830206702,16QAM
8.779652930022234,16QAM
16.36283850635139,QPSK
4.002490065696213,QPSK
20.749302059199547,16QAM
23.85034610785411,64QAM
4.900633492294695,64QAM
3.129392620556465,64QAM
4.365464483620775,64QAM
26.313826856955053,QPSK
15.845677852690685,QPSK
14.017829880225078,QPSK
3.2013545730706285,64QAM
19.486680202708854,16QAM
26.039987756852696,64QAM
24.845576079703587,QPSK
18.78164126942404,64QAM
2.258361499550209,16QAM
3.3719108152803887,16QAM
1.4792696132947403,64QAM
7.724376494774079,QPSK
4.069844014811332,QPSK
7.801441207573017,QPSK
11.55174167156885,64QAM
28.28948352213407,QPSK
18.31128179345076,64QAM
25.04921357048887,QPSK
21.31054502136997,16QAM
3.3750939157989523,16QAM
22.077612191218464,QPSK
8.252966446773733,64QAM
19.17323540984119,QPSK
10.228859209289656,64QAM
29.930167897939775,16QAM
7.906544384903334,64QAM
8.37391412322809,QPSK
27.920167666871947,16QAM
0.7393321390896801,64QAM
20.900669636195907,64QAM
21.759791722076343,16QAM
25.09135732231198,QPSK
29.23317931915426,16QAM
29.268057574699572,QPSK
1.9583027269939168,QPSK
24.655179682587075,64QAM
19.38929800972144,QPSK
19.420264031192737,QPSK
3.850497798440844,16QAM
19.5056149933696,16QAM
29.474477418037434,QPSK
27.35455708618341,64QAM
13.173919824145516,16QAM
1.1984391985828302,64QAM
10.868804700006145,16QAM
24.791709348016656,16QAM
21.044973043954982,QPSK
13.780309667818692,16QAM
1.6530460547649328,16QAM
12.806841834699078,64QAM
14.070748191536506,16QAM
27.85666598682408,16QAM
19.232583107464784,64QAM
9.349587499639467,QPSK
15.759547933521642,QPSK
1.981659234664802,16QAM
29.177047069492104,16QAM
10.80179705792178,64QAM
14.336020647394074,QPSK
10.658519227107679,QPSK
20.475351903486004,QPSK
19.866964749887792,64QAM
21.45966931587407,64QAM
8.044296888357625,64QAM
9.47005443492198,16QAM
3.7575369328862385,QPSK
19.665299155383376,16QAM
1.1939138200695765,16QAM
17.930470065703773,64QAM
26.090876545549015,QPSK
26.724964448689008,16QAM
13.471132811098851,QPSK
13.779110646392214,16QAM
2.309075490240521,64QAM
20.122950763291072,16QAM
24.637782611185365,64QAM
7.339651638141391,QPSK
12.639026449000939,16QAM
25.16518010295811,16QAM
26.313614029868642,64QAM
7.295399407926778,64QAM
16.517119036240928,QPSK
5.774794519074812,64QAM
3.056362924186696,QPSK
27.333615041758726,16QAM
24.615225126963274,QPSK
22.801047054095218,QPSK
1.4629895643942126,QPSK
25.311863781307725,16QAM
13.141322277161512,16QAM
10.27185369887579,64QAM
16.394290830761292,QPSK
2.740597281706675,16QAM
22.699396480571966,QPSK
17.473052306648878,QPSK
5.597702906195026,QPSK
5.646965993071368,16QAM
5.527459547180227,QPSK
1.7100716265580196,QPSK
17.633953481150545,64QAM
25.210445327655243,QPSK
0.524946419621658,64QAM
1.4701393491382064,QPSK
17.183108300608374,64QAM
24.58487056158157,16QAM
9.802166717059007,16QAM
10.488431964231665,QPSK
17.890394924903276,64QAM
8.22638667372441,16QAM
0.7982509823305239,QPSK
22.05685554304788,QPSK
18.769497388243593,64QAM
17.422679971669773,64QAM
22.250523869754694,QPSK
20.256925126861127,64QAM
6.1764596453496345,64QAM
10.574431408300534,16QAM
3.78330425035875,64QAM
3.895710402536431,QPSK
20.285872390696177,64QAM
25.758003209474946,QPSK
28.88197751583417,QPSK
18.850413526483333,64QAM
5.5230397008287095,64QAM
3.1695103634679214,64QAM
24.385529146102733,16QAM
17.36269429079998,16QAM
18.548550630411597,64QAM
23.443862662641276,QPSK
21.09831683197355,64QAM
25.0337475856829,16QAM
1.6864171637963543,16QAM
22.425619102395146,64QAM
25.525582719662864,QPSK
8.58405127374943,QPSK
19.213418219797585,16QAM
9.424861915109163,16QAM
28.73913199447362,16QAM
1.0027071730651127,QPSK
17.39378531498865,16QAM
4.995106411485453,16QAM
21.36660615531476,QPSK
5.276708502559862,16QAM
7.0614978569507265,16QAM
14.831124331372742,64QAM
27.445048499906342,16QAM
6.351431164439125,64QAM
4.3272006335431055,16QAM
22.769304955620917,16QAM
15.018585970017929,64QAM
27.353553371453142,16QAM
4.3984367147952685,64QAM
19.37783679069118,16QAM
6.986374384554451,64QAM
4.702812859549179,64QAM
20.502882454718115,16QAM
17.810538597261996,16QAM
22.644823750869936,64QAM
9.283877293385471,QPSK
13.439149691465698,16QAM
12.164150289912554,16QAM
29.522683918995426,QPSK
8.767468702181636,QPSK
8.844517150403007,64QAM
10.636446264858222,16QAM
16.937822438709645,64QAM
7.569682327912357,16QAM
27.458698211378216,QPSK
7.970566945987905,64QAM
26.87447194680584,16QAM
3.1042519093975396,16QAM
19.69688107198957,QPSK
27.20956555314731,QPSK
5.062483151946886,16QAM
29.04980880297765,QPSK
13.586500812465351,QPSK
28.371453253230733,64QAM
20.30460130890141,16QAM
9.047606096206547,64QAM
5.6490757475131925,QPSK
9.11205138675298,16QAM
2.7905222778802496,QPSK
4.316038990299893,QPSK
3.1398132103944345,16QAM
12.688306312246732,QPSK
23.867351287727594,64QAM
4.241506626490206,16QAM
3.909612995170076,QPSK
19.302868485519923,QPSK
5.915489459041988,QPSK
2.9283011432697483,16QAM
5.005457346167329,64QAM
27.711941876303282,QPSK
24.644137583285726,QPSK
10.621936870652823,QPSK
19.674623019821784,16QAM
16.118270210041143,QPSK
20.313727904476917,QPSK
20.48013457388278,QPSK
18.862020451799786,16QAM
7.983041056119258,64QAM
1.1701926228845438,16QAM
13.667003459703263,64QAM
26.729216540721115,64QAM
17.084917755557278,16QAM
24.97173125105724,QPSK
29.748730288836846,64QAM
4.908486124148288,QPSK
20.75332917425947,64QAM
20.22880721100074,QPSK
29.398663420748353,QPSK
29.56802201858401,16QAM
20.600358351723884,QPSK
7.308443759465828,64QAM
23.95667514391797,QPSK
3.210874026331143,QPSK
23.42097912514886,QPSK
27.30588372434089,64QAM
11.485001843053057,64QAM
18.919058849492416,64QAM
12.90428196290479,QPSK
13.132951649643854,16QAM
9.311126673243601,64QAM
22.86388861350974,QPSK
28.085296924995156,64QAM
28.222525777033834,16QAM
5.243438546248015,QPSK
26.242309489696982,64QAM
22.122943242813665,64QAM
7.585122020708678,16QAM
2.0185383876454366,64QAM
8.03991800653134,QPSK
27.36624710344577,QPSK
18.99536024687317,16QAM
21.631639826936155,16QAM
7.714570533272875,16QAM
21.581644667244607,QPSK
0.8436451883377127,16QAM
11.259640373190415,64QAM
18.802600456269936,64QAM
4.382896966239606,QPSK
24.690107233408042,64QAM
7.0509389643575595,16QAM
19.568433384553387,64QAM
12.15591427725989,16QAM
17.881307864329415,64QAM
3.223516578867244,QPSK
0.5073839976482197,16QAM
27.286932821409035,64QAM
8.088900263015484,QPSK
24.590310083413772,64QAM
29.980509014166007,QPSK
6.342937739967335,64QAM
7.955122235500668,16QAM
19.88579362903997,16QAM
28.963459038018637,16QAM
27.47443044572232,16QAM
15.086265601967547,16QAM
23.85330847580174,64QAM
4.072375592997032,64QAM
29.32314552612037,64QAM
28.930597021079596,64QAM
4.911868736375129,16QAM
8.982693744093199,QPSK
3.004649925203008,16QAM
8.151527966945391,64QAM
24.4786736824562,16QAM
11.349468214957785,16QAM
2.6519090144027513,16QAM
10.266765743367136,QPSK
29.441500027238405,16QAM
18.890507857776086,16QAM
12.484828392184733,QPSK
4.9961554049181,16QAM
29.585303918510842,16QAM
24.625470277893864,16QAM
8.444319073527582,16QAM
2.1020608716356834,16QAM
1.698766721326741,64QAM
3.611344485166015,16QAM
17.42305750843265,QPSK
27.862902636164772,16QAM
14.902302840179534,64QAM
25.288364473685913,QPSK
13.376598595794235,QPSK
21.257506373034758,16QAM
21.956182118595024,64QAM
5.21891117710016,16QAM
10.836481769274354,64QAM
19.11906469614072,64QAM
2.1208982455309853,16QAM
10.846205632888697,64QAM
16.043983988435773,16QAM
29.88673479133916,64QAM
14.236006878673223,QPSK
24.48170271342971,16QAM
12.962018551998533,64QAM
23.891721678591267,QPSK
17.86244404860325,QPSK
26.59786324507195,QPSK
12.328276570503297,QPSK
18.129132594644368,16QAM
18.900560418564822,64QAM
12.5214882540142,QPSK
4.329361310624446,64QAM
2.8067822073700666,64QAM
0.500146517988993,64QAM
26.206027927356438,16QAM
7.094247367160836,16QAM
6.345202478453041,QPSK
22.081062012781967,64QAM
9.600483392621753,16QAM
15.181340772355098,16QAM
4.875331958923689,16QAM
28.792371643859077,QPSK
25.547442000517123,16QAM
25.9136886889501,64QAM
12.203212457160156,16QAM
22.870836411215183,16QAM
4.3162846616934045,QPSK
0.25857007775340834,64QAM
0.5991879773408437,16QAM
17.598052122136814,64QAM
13.661847157438224,64QAM
15.540460467255592,16QAM
0.22389421251658215,QPSK
12.680598589722772,64QAM
21.542044836025823,16QAM
13.280811059023076,64QAM
21.966576189366666,64QAM
6.9905689319050435,64QAM
24.394260134451763,16QAM
17.65293721360357,64QAM
6.322892982897187,64QAM
7.101614275614988,QPSK
18.84091393708611,16QAM
24.8981877963733,16QAM
12.468833460874656,64QAM
7.749012873827766,QPSK
26.010348207318014,64QAM
20.078048752525046,64QAM
13.442564618492295,16QAM
14.637005858379055,QPSK
6.127694038091892,64QAM
18.804078901945317,16QAM
10.76227531628666,64QAM
29.869355300230477,64QAM
14.405505457856636,QPSK
14.576568185688396,QPSK
16.975553622320156,QPSK
27.5026800935624,64QAM
24.02454299579251,QPSK
13.533902093935243,16QAM
21.56097797918388,64QAM
17.58706496342285,QPSK
14.771011461037467,64QAM
5.769473183530516,64QAM
13.918087903646727,16QAM
7.37455761067724,16QAM
27.44526449554964,16QAM
10.062204404890409,64QAM
28.567920436001167,64QAM
15.991658702841336,16QAM
18.94633136028481,64QAM
16.28821333467983,16QAM
3.8814185090010267,16QAM
11.27463657023823,QPSK
2.974383368328718,16QAM
18.68862132550145,QPSK
13.406225856013167,16QAM
23.339549147128103,64QAM
6.614114429981095,QPSK
4.9369817528800475,64QAM
12.189966928913034,64QAM
27.797561496551435,16QAM
21.312654450372353,16QAM
12.56770874378756,64QAM
15.518165092629317,16QAM
2.52639033531295,16QAM
29.537276891283394,16QAM
19.992219140847567,64QAM
8.562122053902675,QPSK
17.57425182645733,QPSK
3.284470982069819,64QAM
28.975100064227508,16QAM
5.243549636500978,16QAM
19.440909541656424,QPSK
7.363633876167913,64QAM
21.526841479456074,64QAM
23.304641017208432,16QAM
20.202591867342978,16QAM
18.434983807655776,16QAM
26.77407281856035,64QAM
2.3588013296927413,QPSK
9.927442973405856,64QAM
7.448624388925379,64QAM
29.640418861962647,64QAM
11.681693390006204,QPSK
21.978380977211962,16QAM
20.541754916430136,16QAM
6.362437124321332,64QAM
7.169930406346539,64QAM
8.438536906591024,QPSK
12.333818347781376,QPSK
7.029751969515804,16QAM
0.5895444824054341,64QAM
26.381791704215864,QPSK
28.96829494142652,QPSK
10.247111610947039,64QAM
10.155206382764186,64QAM
0.2127543832311296,64QAM
20.40752064991122,64QAM
24.763196872458863,64QAM
4.398249010800095,64QAM
4.789990481014522,QPSK
23.70249749914313,64QAM
18.48872245062434,16QAM
1.3458167288315104,64QAM
18.676409713868452,16QAM
9.267531685312981,16QAM
11.061754664125377,16QAM
23.091942548906406,64QAM
24.328055780178317,64QAM
12.01069880519492,16QAM
28.414588080190644,64QAM
12.193881538562167,QPSK
23.1550810569033,QPSK
14.516317936927772,QPSK
26.92596979566252,QPSK
27.23283730950536,64QAM
2.6225042361325155,16QAM
28.09479993930677,64QAM
24.76604524561247,QPSK
23.739321429380006,64QAM
6.027340190565673,64QAM
24.153576262639948,QPSK
25.503982040551104,16QAM
8.674510033624529,64QAM
28.567802350869712,64QAM
1.4958043919749275,QPSK
4.49727759741419,16QAM
16.12743414154543,QPSK
17.273774133669292,QPSK
19.354502499027102,64QAM
0.5090738794639937,16QAM
28.811003238663908,QPSK
1.3376427820243197,64QAM
4.291858581702072,QPSK
0.4204355257817094,64QAM
17.005752998822842,16QAM
27.968006517629167,QPSK
19.978414982413927,16QAM
24.67972405441282,16QAM
0.39843610375740246,64QAM
16.260458954391783,QPSK
13.786889325165657,QPSK
14.969038326623792,64QAM
2.1663955600556384,64QAM
20.533060832079222,16QAM
15.096612445759034,QPSK
22.95446549583792,QPSK
14.558719021851461,64QAM
4.481449086792963,64QAM
19.44770862233466,64QAM
5.171590863154987,QPSK
26.171836900644447,QPSK
18.393487172077243,16QAM
4.7161165067086275,64QAM
28.870141724436206,16QAM
15.55096390005962,QPSK
2.18695355614965,16QAM
18.804987132452016,16QAM
7.595967210384307,16QAM
24.110803556319073,64QAM
24.53466220698572,QPSK
29.368420675639857,64QAM
15.056085930735112,16QAM
13.648706391832114,64QAM
22.60426816339442,QPSK
3.9741196902577967,QPSK
16.407465413793727,16QAM
16.38742800392553,16QAM
2.6841936843116168,64QAM
12.539522565207408,QPSK
25.59854395701606,QPSK
25.684608659839807,64QAM
2.97712994759043,QPSK
2.7216264824349254,16QAM
7.880864310058059,16QAM
26.242981876619805,64QAM
3.867077552204968,64QAM
21.59990407882339,64QAM
3.0349685883930966,16QAM
18.69413561243476,64QAM
10.682018973574344,QPSK
23.66741888897601,64QAM
7.010713464760908,QPSK
19.176054881698796,16QAM
7.070476037276548,QPSK
21.409808493364615,QPSK
26.210341036822463,QPSK
3.804053973802801,16QAM
25.997870657865107,QPSK
17.80725763242894,QPSK
3.813314726010719,64QAM
12.826255660791361,64QAM
4.825808804552937,64QAM
21.010436665997084,QPSK
22.76604403253849,QPSK
3.173895608183969,16QAM
15.18419558083933,QPSK
24.438751680777514,QPSK
28.084891246529896,16QAM
15.4055360022531,QPSK
28.50837670834221,16QAM
16.070669113680893,16QAM
11.82571483799724,64QAM
25.446093856586863,QPSK
14.789481313742671,64QAM
14.15707531693569,QPSK
14.709374682294849,64QAM
25.40355005609236,16QAM
24.958246250641565,16QAM
12.105599773206336,16QAM
9.99899579611575,16QAM
14.757840721173878,QPSK
17.18317529211327,QPSK
7.150116318839909,64QAM
23.818652541467717,QPSK
14.594482971972687,QPSK
10.021366452598787,64QAM
3.2046297889197186,16QAM
7.165354812108208,64QAM
28.47843515267951,64QAM
9.152990604585797,16QAM
5.065778681011059,64QAM
13.820183749649797,64QAM
9.21263230080746,64QAM
1.0547775081358246,QPSK
9.694356518382518,16QAM
16.323258718184057,16QAM
16.551371160599007,64QAM
10.69676763530666,QPSK
13.419082687578019,16QAM
28.96553754704299,16QAM
11.320454316909348,64QAM
7.746804397799489,64QAM
7.304011322002804,64QAM
13.732938381124026,16QAM
22.78560446150832,64QAM
6.1796455256541964,64QAM
21.278883814223043,64QAM
0.6344947004824886,QPSK
12.56798933951838,64QAM
23.275951956083606,16QAM
10.161988673232942,64QAM
16.912113043361984,16QAM
6.149376984777324,QPSK
22.25986173378517,QPSK
1.5683730980627886,64QAM
25.57627934626501,16QAM
5.945891592650044,64QAM
26.23194095124992,64QAM
10.57587723901552,16QAM
21.680507234234597,16QAM
9.576758933585655,16QAM
27.177350137039426,16QAM
3.7991137655512306,16QAM
5.355593678177961,QPSK
14.790903754764068,QPSK
2.458153171144384,QPSK
5.879405541052858,16QAM
28.31299146636043,16QAM
29.294689834436614,16QAM
11.287779879912659,64QAM
27.698580630418068,QPSK
16.34474027020295,QPSK
8.092273976213011,64QAM
21.07196163241796,64QAM
19.767054197245717,QPSK
29.673759573262,16QAM
7.951418622278499,QPSK
20.161785079852063,16QAM
1.5607126508834068,QPSK
3.4093811609015825,QPSK
0.11755124853279786,64QAM
29.983820431790193,64QAM
24.068210914424334,16QAM
23.601690442006223,16QAM
15.29178225864539,QPSK
9.002012487163197,64QAM
4.537928533880278,16QAM
8.54024216539391,16QAM
11.279136657874174,16QAM
22.689302909408823,QPSK
16.18985366709457,16QAM
2.324508796664481,16QAM
0.5408702687673672,64QAM
3.0699653860218943,64QAM
12.31496141092138,64QAM
27.99578751147055,QPSK
19.122074436276648,64QAM
24.054776996265453,64QAM
13.991237835136456,64QAM
10.849982495851284,64QAM
3.252011181498682,16QAM
26.27799066558615,QPSK
23.494800870837086,16QAM
5.043542927931753,16QAM
15.367816916287815,QPSK
14.621244237637347,16QAM
18.752746580595858,64QAM
28.385606819737838,QPSK
17.39314325287439,16QAM
16.206518003358557,16QAM
1.5096879880399183,64QAM
1.887224280540718,16QAM
5.620403739803667,16QAM
0.9741231507524484,16QAM
22.30058686710037,QPSK
21.699909119818894,QPSK
4.081687032949288,16QAM
25.082367023858428,16QAM
4.6435810453833595,64QAM
9.035267609920764,QPSK
7.469306974840951,QPSK
11.169212957191434,QPSK
7.639912976698856,16QAM
14.668527793153562,64QAM
12.222236440640563,64QAM
29.597084723379798,16QAM
1.67779050384677,16QAM
4.265441291620549,64QAM
1.5847768172580745,64QAM
18.775235849471272,QPSK
1.6352783224115874,16QAM
25.0931921212837,QPSK
15.358158920457834,64QAM
15.810228737446012,QPSK
16.847835231365828,64QAM
5.124411189186322,64QAM
5.9307090934346265,QPSK
9.56451968619014,16QAM
17.804892474655542,QPSK
6.3035332782064355,QPSK
3.4899518139978367,16QAM
29.103506592552964,16QAM
0.6594544442886874,QPSK
24.08092216008065,64QAM
23.641054487250663,QPSK
8.91642341535288,64QAM
4.068798480219402,16QAM
4.368859401162703,16QAM
20.922948517115774,64QAM
19.28419773258521,QPSK
23.4823702275416,16QAM
28.12443517197314,64QAM
20.75782089799776,64QAM
4.675546096543304,QPSK
7.30327850296232,64QAM
25.265811926193436,64QAM
6.279182275026257,QPSK
2.175669508634442,16QAM
21.098401621267513,16QAM
12.075790664704261,16QAM
27.601201576377107,64QAM
19.507652132809845,64QAM
2.7125693337498227,QPSK
28.435697017609822,64QAM
7.756717909207377,64QAM
10.116374712188573,16QAM
12.067812410506262,64QAM
1.5367288921293976,64QAM
14.895462666918146,64QAM
3.6995547322587674,QPSK
12.029109800650552,64QAM
10.52129363976253,QPSK
23.1852025027951,16QAM
24.095115348981935,64QAM
4.602386471672641,QPSK
10.996535621376786,16QAM
11.200594830954952,64QAM
4.5423133180825515,QPSK
23.953605151535715,QPSK
21.216849850062697,16QAM
5.711453588911041,64QAM
11.00165725781397,64QAM
3.1741507456954263,64QAM
18.846197912791318,QPSK
3.64115773645859,64QAM
29.578025058747535,QPSK
23.42046224063587,QPSK
11.707156487519851,16QAM
17.356917968380632,QPSK
27.340254486492263,16QAM
16.622978411874783,16QAM
5.2349545919386555,64QAM
11.36110066743478,16QAM
25.29434595089236,64QAM
19.326390479688538,16QAM
19.52173153001401,QPSK
26.004644570654676,64QAM
26.81919172387514,QPSK
27.59377715338309,64QAM
2.845475797594683,QPSK
16.32378005889303,16QAM
22.21528563654956,64QAM
22.707805353810414,64QAM
18.201486059100116,64QAM
5.0036200555102255,16QAM
23.92261661824993,QPSK
21.60334000544837,16QAM
2.5840731464710887,16QAM
13.914294740231288,16QAM
5.2193219856541075,QPSK
10.124311371389156,16QAM
0.542432766170563,64QAM
12.009896052322746,16QAM
16.496307634686314,QPSK
18.587477784812606,64QAM
19.9047103538613,QPSK
25.088739393073798,16QAM
6.463887218271901,QPSK
3.6144546731540386,64QAM
25.54611515693777,QPSK
4.698384446779497,64QAM
29.24280244008586,64QAM
25.27614688195911,16QAM
15.026298176687975,16QAM
29.442642747660756,64QAM
2.921301873240126,QPSK
9.09197283525305,64QAM
19.146732451218345,16QAM
10.500206054195363,QPSK
27.851176559423756,64QAM
1.968782645334527,16QAM
16.482354961828936,64QAM
17.725988021853436,64QAM
19.581843713316722,64QAM
7.669986699954433,QPSK
10.936992825595933,16QAM
25.31041588994933,16QAM
5.848283069104795,64QAM
24.80603541520086,64QAM
16.879662687082273,64QAM
22.865625335822465,QPSK
21.408220987904148,16QAM
6.22534486154637,64QAM
17.064382093016185,16QAM
26.03169458415277,64QAM
12.96348710405788,16QAM
28.997723106699503,64QAM
13.566453003051542,QPSK
4.283569100036541,64QAM
11.683040402330198,64QAM
28.551072191716116,64QAM
9.591625480195628,64QAM
26.042944796011884,64QAM
26.437520450456695,16QAM
10.505595729958833,16QAM
2.4977297415189637,QPSK
21.736737274764547,64QAM
9.345368970419582,16QAM
23.48770842772717,16QAM
13.279645447812992,64QAM
14.558002270278648,64QAM
23.337282202456105,QPSK
11.470899931848837,QPSK
13.293820359687436,16QAM
11.285714063088664,QPSK
11.020215458318399,16QAM
15.778397307043782,QPSK
24.26398333503452,64QAM
10.853049357676976,QPSK
15.7276416161321,16QAM
20.121819763278026,QPSK
8.083183389109651,16QAM
8.325684147071776,16QAM
28.002393810703644,QPSK
21.70603719993266,QPSK
17.315600286699265,16QAM
19.43160163261836,64QAM
0.878983293102551,QPSK
18.543088966850906,16QAM
15.285266196726058,64QAM
16.37249039338307,16QAM
10.782714804924513,QPSK
2.4442169313882567,16QAM
5.800177008361565,16QAM
28.522341396380153,16QAM
12.260986868128018,QPSK
14.000494674925925,64QAM
1.5812936956031698,64QAM
1.1269868863194177,64QAM
21.51544341140273,64QAM
16.14283992363334,QPSK
15.261179526488,16QAM
7.29373591268006,64QAM
22.342521948897666,64QAM
5.047097373254756,QPSK
5.698042309830601,16QAM
13.821365140448265,16QAM
8.588395863358226,64QAM
7.423889436994391,64QAM
19.35712933659995,16QAM
19.529152356556335,QPSK
24.735512093997876,16QAM
12.531257009189275,16QAM
2.192552730784507,64QAM
8.20999154764373,QPSK
29.40016389590451,QPSK
17.88775725698106,QPSK
21.29211254403061,64QAM
0.22073488876243608,QPSK
15.546171965475626,QPSK
1.1258597259540937,64QAM
17.07690636274344,16QAM
27.623125489082263,QPSK
29.052573915012236,16QAM
16.216580261667726,QPSK
13.746144157566478,16QAM
28.35051282745482,16QAM
20.208294959900854,64QAM
1.9469783861522838,64QAM
13.971767330024926,QPSK
7.207350553929118,QPSK
14.094129643460446,64QAM
13.663967160190852,QPSK
17.46434408444226,QPSK
10.703114710477537,64QAM
4.9281134836778415,16QAM
15.111583037698688,QPSK
24.90608653037286,64QAM
19.92036684202807,QPSK
10.151035977756475,QPSK
28.065690682765716,64QAM
27.366227137475466,64QAM
6.280451981522964,QPSK
1.1825275536108892,QPSK
22.239261250522866,16QAM
24.828307840474597,16QAM
29.035936978540658,64QAM
26.69509182264932,QPSK
18.016043046192443,64QAM
15.901570176371425,64QAM
0.8352315378775887,QPSK
7.399693405343335,16QAM
13.788442551987792,64QAM
18.855117002507036,64QAM
16.71755499955232,QPSK
22.279079690450715,16QAM
8.393007926611226,16QAM
16.948578229574196,QPSK
2.644267301723764,64QAM
12.409965707496209,QPSK
22.50482498863803,QPSK
20.80202560287132,16QAM
29.71928211516537,64QAM
8.33673377963268,64QAM
14.945678975219375,16QAM
9.885912413219902,64QAM
13.218093421775242,64QAM
25.708503896081645,QPSK
20.526272255654597,QPSK
26.47323574042745,QPSK
6.105333249956594,64QAM
26.20083353524314,64QAM
1.7928682253515327,64QAM
26.657978413114574,64QAM
9.872213383821837,16QAM
9.437629002421994,16QAM
15.362657300959917,64QAM
28.22070563169695,QPSK
1.433440940442161,QPSK
10.566929252122359,16QAM
25.697159660500073,16QAM
11.881634323064002,64QAM
5.97470692791201,64QAM
12.743825439942354,64QAM
11.56657504475008,64QAM
27.462486044001103,64QAM
22.858031272292912,QPSK
15.15346667232019,QPSK
29.651117001647133,64QAM
13.9583259382777,QPSK
1.7471349246082568,64QAM
7.8682296544495465,64QAM
13.082114406579379,16QAM
4.707078724383603,QPSK
28.42695378972129,QPSK
23.005466934533192,16QAM
8.048616012833179,QPSK
17.724136005537474,16QAM
21.643474713287162,QPSK
28.23836786720394,64QAM
26.449060475262318,16QAM
15.45576678414641,64QAM
23.239578593790526,64QAM
16.86434261482755,QPSK
16.581116701366202,16QAM
3.442258750145757,64QAM
3.7841297404845617,64QAM
15.886008450673723,16QAM
8.065846349370197,QPSK
0.631107073814059,64QAM
21.685176117006367,QPSK
0.9745979007049488,16QAM
17.858305233121637,QPSK
16.175813823819432,16QAM
29.064440717334133,QPSK
14.52639418042925,QPSK
1.9080430913339208,64QAM
16.55063903419385,QPSK
25.232885118483043,64QAM
29.905478528443197,16QAM
12.910295210672174,16QAM
9.608962274902275,64QAM
27.199598908559967,QPSK
5.737263872283641,16QAM
18.462867450987797,16QAM
12.171432725428431,16QAM
1.2324709486666585,64QAM
10.418654229170933,16QAM
7.956855675080238,16QAM
20.582734618304606,16QAM
28.463714930757543,16QAM
8.041415621359132,64QAM
24.343978174550454,64QAM
1.6607945081522857,QPSK
16.143630301194396,16QAM
2.1165019112968375,64QAM
28.02098973391918,QPSK
22.990538416721705,QPSK
19.73849733613777,16QAM
24.71689144873993,QPSK
19.425593867104894,64QAM
29.068331915228736,QPSK
21.418738435943144,QPSK
27.739758287467403,64QAM
15.513956760319141,QPSK
3.51193238945588,QPSK
15.845331642690514,QPSK
3.806184841892799,QPSK
17.774804375292153,16QAM
14.474791815829889,16QAM
18.677261934983452,64QAM
0.3014094316449478,QPSK
5.845214749660923,64QAM
14.739912957363927,16QAM
28.515106847674044,QPSK
11.508271210654753,QPSK
12.73116078160904,16QAM
21.440882670198665,QPSK
18.11378271858354,QPSK
8.967784502949996,16QAM
12.324491867022832,64QAM
6.5309939657169735,64QAM
28.980643773906255,QPSK
3.9190314467207923,16QAM
11.155103536992584,64QAM
0.7751691666003357,64QAM
6.653384758006392,QPSK
23.414134151404646,64QAM
6.035256968666384,16QAM
2.4019020758689678,64QAM
14.233595395335698,16QAM
0.29907704203555485,16QAM
2.542984632789995,QPSK
24.228776086889255,64QAM
23.144200345788192,QPSK
27.45416461214688,64QAM
25.635463077322484,QPSK
20.495266897194544,QPSK
1.5699857190198852,QPSK
23.485458539599726,64QAM
25.365324325216815,QPSK
23.972464373158633,16QAM
15.254371059240782,64QAM
6.98705515948445,16QAM
25.3598992706618,QPSK
21.814884292204155,QPSK
29.422835231665548,16QAM
4.6707779326779875,QPSK
6.7699374915616515,64QAM
6.353944496445081,16QAM
23.7761930286401,64QAM
5.6072188935035445,64QAM
1.9997948946991828,64QAM
29.95682419756886,QPSK
0.7445163433544744,QPSK
25.05732180476597,16QAM
10.961005246519584,16QAM
25.24846379273446,64QAM
16.63861473633435,QPSK
27.048936884590802,QPSK
27.7857895924388,QPSK
0.2729454384232799,16QAM
2.2623652797836478,QPSK
7.510761887125664,64QAM
20.07946249090505,64QAM
26.64816589534518,64QAM
13.798258538818883,QPSK
18.209193488227964,64QAM
5.654995583866834,64QAM
24.14900501645056,16QAM
29.01984334060409,16QAM
8.057967987437923,QPSK
14.84477854801639,QPSK
2.5834833151912138,QPSK
16.774099693889053,QPSK
15.083503255400416,QPSK
4.333094524652328,16QAM
13.261986393542252,16QAM
10.023139562596898,16QAM
15.65492625915568,64QAM
17.569630062863975,64QAM
0.25486735821628526,16QAM
22.83017948848666,16QAM
21.390428755852223,QPSK
10.988591586195666,16QAM
1.5880780670645478,QPSK
22.64797619355151,16QAM
28.655254814343973,QPSK
7.204547880660426,16QAM
9.705738412111137,QPSK
5.514386684454449,64QAM
17.30808370034519,64QAM
4.645241839423648,QPSK
10.685818303841383,QPSK
20.910390418027887,64QAM
16.803479490280452,16QAM
11.593876929838057,QPSK
12.607488054226257,16QAM
16.863326478696884,64QAM
0.1759418366148391,64QAM
2.3552960536082956,QPSK
26.43774203289035,16QAM
2.336369672738723,64QAM
21.204107886315153,16QAM
27.601144923271576,64QAM
8.120508129051933,QPSK
11.114743111785428,16QAM
17.06764217534149,16QAM
26.45126908915754,QPSK
28.257167617812605,QPSK
22.18689744333804,QPSK
2.5985928256408206,QPSK
20.074624666045523,64QAM
12.309111656179862,16QAM
14.121029984731848,64QAM
1.4744517103553112,QPSK
5.731864180390746,64QAM
23.715408226009433,64QAM
13.618764991435793,16QAM
9.049867248934465,16QAM
11.520572218948745,16QAM
25.631985399770407,QPSK
22.469970522148706,QPSK
8.169461915432484,16QAM
3.5250552063711993,64QAM
7.559946649322152,16QAM
27.62269353164201,QPSK
17.44766513549266,64QAM
16.004406262343487,QPSK
17.891807990773845,16QAM
10.980847972395457,16QAM
24.21321060958538,64QAM
15.698587479007495,16QAM
3.5024370830638665,QPSK
3.871953744871889,QPSK
16.10577439507855,QPSK
28.097106542125175,64QAM
9.250563650285962,QPSK
26.08623506577655,16QAM
22.92286759736638,64QAM
7.4343732872072055,QPSK
1.0902224494872736,QPSK
3.055417954271482,16QAM
21.854818015423206,16QAM
5.990092141219401,64QAM
11.138127615161814,QPSK
15.050974980192745,QPSK
21.764045053504883,16QAM
3.3969366977737616,64QAM
12.190992158323844,16QAM
14.552187274280863,16QAM
16.22481191914619,64QAM
24.5508192418565,QPSK
5.150345851296507,QPSK
24.23494355479867,QPSK
20.786352830899567,64QAM
16.67612442596878,64QAM
20.98583611207716,64QAM
12.360532168549692,64QAM
4.151927579043737,64QAM
19.97295720796102,16QAM
15.740169200568667,QPSK
19.181244016283266,64QAM
10.139963430854701,QPSK
27.205997320195078,64QAM
17.62109605726731,QPSK
2.5620745287262148,16QAM
13.49411972113286,QPSK
22.69068164230903,QPSK
23.82403685196817,64QAM
14.837911582912763,QPSK
26.842427124939032,16QAM
8.030053115828927,16QAM
12.317960917147998,16QAM
26.9579073170691,64QAM
26.887701494147368,64QAM
20.571383064740427,64QAM
25.769416413666605,64QAM
2.66319800868698,64QAM
25.949849286233288,16QAM
9.618597196506803,QPSK
5.34994537284649,16QAM
7.18109509026139,64QAM
12.539055240416612,16QAM
7.535760138134017,QPSK
9.617027580494971,64QAM
4.049354582149263,16QAM
8.885302966769956,16QAM
17.168514436260036,QPSK
13.255611242731918,64QAM
10.401562837077336,64QAM
22.393563865713418,QPSK
26.805299141799537,QPSK
22.703676687071912,QPSK
9.960021063530375,QPSK
22.33326503512661,64QAM
4.559405474221537,64QAM
3.9095396427387277,16QAM
10.368811111084767,16QAM
24.23107107132171,16QAM
7.390447417269056,64QAM
1.8976022669603876,64QAM
3.9512860561906527,64QAM
25.762349055887405,16QAM
19.013498542418628,QPSK
7.5960349010993,QPSK
16.65887475984544,QPSK
15.827388672760511,QPSK
19.66307935321984,QPSK
6.99562663264849,64QAM
25.93208961583193,16QAM
9.281056862400385,QPSK
20.823949619287106,QPSK
0.4837393911664467,QPSK
11.179713896824417,64QAM
10.55129453876425,QPSK
16.304532857490436,16QAM
2.182087853315895,64QAM
23.70394121178325,64QAM
6.533424053027056,64QAM
20.311134446460308,QPSK
24.096363697322797,QPSK
16.856308687245395,QPSK
22.226496201659565,QPSK
19.855809366450167,16QAM
10.665893914560229,64QAM
24.26575617100696,QPSK
8.841041096565839,16QAM
17.136387532545516,64QAM
22.361932174246185,64QAM
11.368677294375228,64QAM
9.083028228522751,QPSK
13.780380305184682,64QAM
24.538904830474607,QPSK
27.897652894369944,16QAM
16.352502385796704,64QAM
19.843986159709555,16QAM
27.098208667167427,QPSK
2.956405542388272,QPSK
6.962357335984951,QPSK
21.267000187547474,64QAM
24.71233385736899,64QAM
25.710870849917338,16QAM
12.453215305647978,QPSK
2.680197068756005,16QAM
13.133444318988598,QPSK
6.922037706211613,QPSK
8.735893649898724,16QAM
23.168026705125175,QPSK
2.265812580776606,16QAM
24.827436524421064,64QAM
12.830072574725072,16QAM
17.881917933017853,16QAM
2.68956693707037,QPSK
10.120772350718388,16QAM
2.6910275704453737,64QAM
28.846311686433285,64QAM
24.217849479787514,64QAM
13.788982630693807,64QAM
6.708076449710133,16QAM
28.003653157495567,64QAM
10.337897871809153,16QAM
4.8295329506212425,16QAM
16.894931653618645,QPSK
28.313223610344483,16QAM
0.11490871500967725,16QAM
7.1437452976199625,QPSK
28.15342921231223,64QAM
5.132579005714861,64QAM
3.3973035491945955,16QAM
17.105616473994132,QPSK
25.855314698844897,16QAM
14.313294530817783,16QAM
29.836927700535743,64QAM
20.375150986139786,QPSK
2.2222472163134324,16QAM
29.78496395045926,64QAM
12.236827103405712,16QAM
8.622076015364476,64QAM
16.736375507336568,QPSK
9.12922775462593,16QAM
2.5937252136045696,QPSK
0.04285029237530158,64QAM
13.487500587607869,QPSK
25.105902666797768,QPSK
17.169455568902297,QPSK
29.976218968303225,16QAM
8.605399369415998,64QAM
8.41365194280166,QPSK
4.792483807018327,16QAM
4.921907647960055,64QAM
8.555597880301434,64QAM
23.785201358205814,64QAM
27.172703719093438,QPSK
29.25261509123044,QPSK
6.968689622893579,QPSK
26.43892636842275,64QAM
9.847652678320111,64QAM
3.3852163355065326,QPSK
26.100747765604968,QPSK
19.083169039308558,64QAM
4.941926882431852,64QAM
12.894937725390076,16QAM
8.61773084631203,16QAM
22.10383706130591,QPSK
13.602486918728042,64QAM
29.678398353191547,64QAM
1.6423494677878536,16QAM
10.6504579840874,64QAM
14.457005013299323,QPSK
15.094006642449592,16QAM
9.478074671569104,64QAM
21.87720747292704,64QAM
26.242412204669243,QPSK
28.161579059335892,64QAM
24.152801303985786,16QAM
25.517405919197984,16QAM
16.516359018599864,64QAM
24.77664679280444,64QAM
9.105117274438566,64QAM
11.954362863276431,64QAM
9.50739041455633,16QAM
14.021620063437762,QPSK
8.567388487159091,16QAM
28.848343267633403,64QAM
9.385338840170045,64QAM
2.941336143328195,16QAM
15.804514981512401,16QAM
1.712972353355291,64QAM
3.3162949892574156,16QAM
6.581681675887388,64QAM
13.930507496464251,16QAM
12.997527969270838,64QAM
23.990755860083734,16QAM
22.184239616523403,64QAM
12.78954881972104,QPSK
10.011126227268898,QPSK
9.494063521844957,16QAM
23.21985261882027,QPSK
1.5621721866380922,64QAM
0.3846494853181748,16QAM
23.866331757799443,16QAM
14.31439127967148,64QAM
3.926434156607279,64QAM
7.066978037835038,64QAM
27.975118592921476,16QAM
25.78508926874694,64QAM
21.293551506719176,QPSK
14.466756910119797,16QAM
15.60970878574157,64QAM
29.257336058518757,16QAM
28.973113316528615,QPSK
6.458071373575028,QPSK
24.333136989159545,64QAM
5.917279985010504,16QAM
6.406124336518541,64QAM
20.282791024937303,16QAM
12.150032957626452,64QAM
27.946332213195607,64QAM
2.670292046880265,16QAM
15.34576922428479,16QAM
27.555645913293638,QPSK
27.123409814385155,QPSK
4.695876402472237,16QAM
10.999131002893694,QPSK
18.573642001400888,QPSK
4.781846543142065,16QAM
29.04066516137216,16QAM
27.44247986182981,16QAM
5.008505371034076,64QAM
3.634663837829563,16QAM
2.562254484247959,16QAM
27.283309921098933,16QAM
5.808714293863824,QPSK
12.488547856330642,16QAM
13.46554096956009,QPSK
17.970331326407027,64QAM
2.1520603124227486,16QAM
6.802758522015479,16QAM
27.944711607567783,QPSK
27.252303218057087,64QAM
23.438719422170767,16QAM
0.582037368546463,64QAM
9.810203054883063,64QAM
18.838762060287234,16QAM
8.255706353204271,64QAM
27.28760085161332,64QAM
19.016683854973255,16QAM
2.157201519493368,QPSK
27.270167665071092,16QAM
28.732999745286676,64QAM
2.3313725517517647,16QAM
15.970807045839447,QPSK
9.100928466425113,64QAM
11.785172294442072,64QAM
5.3895365386602565,QPSK
17.342163060372375,QPSK
28.739380597466717,64QAM
15.092178008148272,QPSK
2.4874374418344347,16QAM
18.600040004322253,QPSK
10.20668983353771,16QAM
25.677755687738934,64QAM
13.040344449494107,64QAM
5.785188268267368,64QAM
5.733168680734348,64QAM
23.062925421634812,64QAM
7.967627949220796,QPSK
23.01700182477669,QPSK
6.176619322997982,64QAM
9.650591061039282,QPSK
13.964609173190981,QPSK
28.29587549080352,64QAM
27.95194274261474,QPSK
6.2061562626686335,64QAM
10.746571237292184,64QAM
4.48198165361317,64QAM
15.299552379404913,64QAM
13.817476520839998,QPSK
27.022804873521974,QPSK
27.90016133373218,16QAM
11.507021730218764,16QAM
14.752138290569683,64QAM
26.887087474383993,16QAM
24.201234232351844,QPSK
0.1096893403394783,QPSK
9.601786925507476,16QAM
12.653227258083778,16QAM
6.891488510496951,QPSK
5.987148476878162,16QAM
1.13353519787039,QPSK
19.301091752092816,QPSK
7.875308714494969,16QAM
1.5704153529393927,16QAM
6.929379315841909,64QAM
24.057418585083795,64QAM
25.5446754493964,64QAM
14.491987355799079,64QAM
12.482120112260585,64QAM
29.335610805053452,QPSK
6.016939787642097,16QAM
6.460778485638254,QPSK
8.756015311091993,64QAM
5.182719548432619,64QAM
11.380967946125597,16QAM
27.325026809692613,QPSK
18.460435218857228,64QAM
12.35839645836791,64QAM
28.032323837136445,64QAM
1.4539269742746697,64QAM
6.308285337055841,QPSK
16.97665815305277,QPSK
18.466578695795373,64QAM
1.1867251968783943,QPSK
12.091162737213965,64QAM
19.47461894492618,16QAM
20.942116392102047,16QAM
19.14419707548808,16QAM
9.616896730827737,QPSK
2.8056037079372853,64QAM
12.813373392580022,16QAM
3.8626331210416645,16QAM
28.428709755620012,QPSK
14.255125980678848,QPSK
9.517775230706027,16QAM
22.989122133567,64QAM
14.938457777467915,64QAM
9.301020720373502,64QAM
24.35903227172405,16QAM
26.01456453003366,QPSK
20.19024498866031,64QAM
1.4089326722300188,16QAM
16.989686404995965,16QAM
22.89884735991845,QPSK
4.095090362507465,64QAM
6.8601225415381,16QAM
26.474853152044094,64QAM
0.6036516555922211,64QAM
22.58181413477928,64QAM
14.213198775432687,16QAM
13.403164765188206,64QAM
0.21289597484661527,QPSK
24.581946928994782,16QAM
10.794747019096993,16QAM
16.222968939016287,64QAM
20.319020590069783,64QAM
21.078887293137473,64QAM
28.67940176478217,16QAM
15.940198597098274,QPSK
11.991586529232826,QPSK
28.61110879475124,16QAM
19.263307050765633,QPSK
8.944510688296669,64QAM
3.7939273621071345,16QAM
25.276635043955437,QPSK
10.865448083824546,16QAM
19.814091640932936,QPSK
14.124492580976945,16QAM
5.96789339385115,QPSK
18.050598258613952,16QAM
1.8204920685204695,16QAM
12.400273796135767,16QAM
16.39844818991013,16QAM
13.081409223557372,16QAM
22.460165257529724,64QAM
24.837748636359372,16QAM
23.13729222099534,16QAM
1.1643884343540634,16QAM
5.823863113379167,QPSK
16.09822527791323,16QAM
28.044661213314036,64QAM
25.048703251563506,16QAM
25.27603525055405,QPSK
9.096245812790247,QPSK
12.883436912361077,16QAM
14.121178419478122,16QAM
4.721147500497312,16QAM
0.9320439073336895,16QAM
28.407086983815507,QPSK
7.221377569905202,16QAM
7.19846711170894,QPSK
2.501371613062786,QPSK
27.855232558313357,64QAM
17.39211344819316,QPSK
20.011105713760617,16QAM
27.347306617891576,16QAM
10.368605067023685,16QAM
18.645219334142524,16QAM
1.1639836418666238,64QAM
5.60317584693388,64QAM
24.937374152698276,64QAM
23.003050690150072,64QAM
10.519280743714406,QPSK
11.304318833226375,64QAM
16.006633006607384,QPSK
0.007230140554036479,16QAM
7.237330081140836,QPSK
6.246954258246433,QPSK
7.514488402492904,64QAM
24.17717527600324,16QAM
8.390215696393295,16QAM
5.745639661504445,64QAM
15.127903823790946,QPSK
25.96935109118196,64QAM
7.240491115124996,QPSK
2.356087283783961,64QAM
10.69214207548994,64QAM
22.429554736949335,16QAM
16.520716340843837,16QAM
24.503801087230425,16QAM
28.78776442827702,64QAM
23.77987430254851,16QAM
18.1140923653126,16QAM
14.800247641571415,64QAM
1.202072590448,16QAM
29.52965936442124,QPSK
11.504433677251276,16QAM
4.566846417506004,QPSK
20.0012656618937,16QAM
8.52864867286378,64QAM
17.57334812793143,64QAM
17.603037235337737,16QAM
13.371894627086075,QPSK
25.083558466351278,16QAM
7.949011846663291,64QAM
13.458977748532025,16QAM
16.130763857729143,64QAM
19.90874162301899,QPSK
23.519155515167686,QPSK
11.844218486347682,64QAM
19.38140832289788,QPSK
4.518328592055574,64QAM
27.97944301627436,64QAM
11.491764192630106,64QAM
21.885642659293154,16QAM
0.6102324564653294,QPSK
6.15561428714421,16QAM
14.61247632970734,16QAM
26.347574031970396,QPSK
15.817654498520314,16QAM
27.89611446881637,64QAM
14.51390689748389,16QAM
14.713472902078498,64QAM
3.5924036550159566,QPSK
24.079687324566596,16QAM
7.408962374011875,QPSK
26.988374681169454,64QAM
27.324726609911885,16QAM
28.299303356224492,64QAM
15.6069146730927,64QAM
20.312813543509332,64QAM
23.355476401849906,QPSK
3.930438559513968,QPSK
18.028715849924918,QPSK
1.0289370390993502,16QAM
14.926982501661776,64QAM
4.645280448606822,QPSK
5.487687778862541,64QAM
10.951427000778045,QPSK
12.97311500149509,64QAM
18.695172735965617,QPSK
2.23285255315547,QPSK
15.11075283712334,QPSK
5.478753907593034,QPSK
17.21925525095226,64QAM
19.122138367835504,QPSK
16.701277696585617,QPSK
22.14886531434923,QPSK
10.06827732722704,64QAM
22.953197748993926,QPSK
12.98301245124581,64QAM
14.525534949677905,16QAM
19.443063817832144,64QAM
0.5507515199767188,16QAM
19.61982664260745,QPSK
18.55755447216346,QPSK
9.295413502598397,64QAM
2.5738285469846844,QPSK
2.7280634973912345,QPSK
27.696712409556856,64QAM
20.678379636775112,QPSK
3.813078413122212,16QAM
10.701695079267191,16QAM
17.774489817047893,QPSK
25.06715115271946,QPSK
1.3098278613902559,16QAM
7.098993944100266,QPSK
26.6924697088614,16QAM
0.27496650551449453,64QAM
6.041973083816622,16QAM
28.77072527918898,QPSK
18.402055395665133,QPSK
7.850140999125194,16QAM
2.009732831875428,16QAM
0.8457402134166647,QPSK
7.342352389107818,QPSK
26.444574587667315,QPSK
12.477409628925285,64QAM
21.61000107497979,64QAM
27.548551061398733,16QAM
12.241213848084499,16QAM
5.7383211311219116,64QAM
15.513537925707585,64QAM
27.242510611795634,16QAM
24.131232424131017,64QAM
1.9748953008946135,16QAM
20.777184002327456,QPSK
17.15692567376861,16QAM
27.223895290392765,64QAM
3.674442505508917,64QAM
16.021083396139698,64QAM
26.38388080535677,16QAM
12.30071360225229,64QAM
14.459847531986012,16QAM
2.113820330008749,QPSK
8.344309213467325,QPSK
9.73519947506842,64QAM
28.35367346234661,16QAM
8.480020816234772,16QAM
13.82606205808956,64QAM
20.139132706928393,16QAM
4.865501172236321,64QAM
14.593271614256235,64QAM
22.156171184277227,QPSK
26.005656390811982,64QAM
18.7877782398728,16QAM
20.071605459508437,64QAM
3.7885041775370687,QPSK
28.373294917390414,QPSK
3.9772223245344707,16QAM
23.24018811545395,64QAM
7.944489653349565,16QAM
28.007794311037546,16QAM
21.598786181084385,64QAM
22.61441138935107,QPSK
6.571775191796499,16QAM
13.291199299054824,16QAM
18.53439583767859,QPSK
23.099208546198028,64QAM
3.118781277371687,64QAM
28.87095949363585,64QAM
26.70662011663668,QPSK
8.11045771486753,16QAM
24.682807290969958,QPSK
15.549717691194703,16QAM
13.854194446860559,16QAM
9.433023174342162,64QAM
17.429057598947775,64QAM
21.896673531107933,64QAM
12.327987148882748,QPSK
18.87657579024876,64QAM
20.979387634659112,QPSK
21.333654510458576,64QAM
1.5589829439354075,64QAM
25.792434170552006,64QAM
13.747599442951438,QPSK
7.872482450886434,16QAM
7.2529352243904475,QPSK
14.490423385318515,QPSK
26.604946184068776,QPSK
11.350427450479408,16QAM
22.4917724035063,QPSK
2.904561929616558,64QAM
14.281701064531854,16QAM
29.75058421178207,QPSK
23.11313408377011,QPSK
6.31585465321839,16QAM
15.04324421093732,QPSK
7.008742909456997,16QAM
12.286827817875277,64QAM
23.402520712048943,QPSK
23.13674445871211,QPSK
6.8430113370715535,64QAM
27.666699544645805,QPSK
17.777045482944803,QPSK
11.397728728860436,16QAM
15.05806742342582,QPSK
18.15213760313231,64QAM
16.796715955373564,QPSK
14.592151066085346,16QAM
15.147984122682004,64QAM
5.292357312836585,64QAM
24.38198712914038,64QAM
16.25280959823046,64QAM
3.932395851141093,16QAM
22.98471304748334,16QAM
27.973319351320526,16QAM
28.419206977108864,16QAM
11.070531972335182,QPSK
4.065506206822621,16QAM
15.551988798991955,QPSK
3.3782768804766206,64QAM
28.01962255537852,QPSK
5.50738882065438,QPSK
7.582975798534922,QPSK
12.199095806549114,16QAM
11.494934056773774,16QAM
23.83988677193667,64QAM
13.68950461652887,16QAM
5.123047800100107,QPSK
8.016296864582223,16QAM
15.27340155562566,16QAM
4.423617522784047,QPSK
18.34967026938042,64QAM
16.97241919653438,16QAM
21.44106949146773,64QAM
28.13113846138103,QPSK
27.36763683303467,16QAM
28.38226854206494,64QAM
7.341467910711028,64QAM
3.9469591991806388,QPSK
9.068301014893455,16QAM
26.852555182989438,64QAM
29.161604238704648,64QAM
25.77974853211428,64QAM
3.300531633826308,64QAM
28.422839941793796,64QAM
12.70074082052358,64QAM
0.27930872287061037,64QAM
13.271812222445808,64QAM
1.3820750902640278,64QAM
16.316337634833527,64QAM
10.15662082311154,16QAM
14.203048007821463,QPSK
18.39511082229351,QPSK
26.064032874534607,QPSK
19.85704729415786,64QAM
13.02146605434542,QPSK
24.58283561011095,64QAM
27.167464127193966,16QAM
3.5927989929659168,QPSK
15.957989326583743,16QAM
8.535358792273325,16QAM
1.411835936308422,64QAM
20.05640085341956,QPSK
25.88312332377677,16QAM
4.887079634321822,QPSK
24.372409728717017,16QAM
25.60187200610825,16QAM
27.430213279994504,64QAM
7.958552672581573,QPSK
27.11859195569668,64QAM
9.619882642092968,64QAM
16.570140403665086,64QAM
1.515224124968464,64QAM
1.3164326510623081,64QAM
21.61119638196609,16QAM
13.334399339333732,QPSK
7.688771261076527,QPSK
5.712404880747306,64QAM
20.098604725776543,QPSK
0.012046320760196183,16QAM
24.176735075905626,64QAM
2.3774881838978645,16QAM
5.7446884472435835,16QAM
11.587091858972688,64QAM
14.545762191483108,16QAM
10.649853474418254,64QAM
9.621364949528816,16QAM
28.917480362195654,QPSK
19.247390437301828,QPSK
0.7029886610216463,QPSK
12.905277253329396,64QAM
26.250260992319106,16QAM
9.043685592320038,16QAM
2.836690343231647,QPSK
22.751543147697532,QPSK
18.180414958082437,64QAM
17.109375234795117,64QAM
1.6072967882222378,16QAM
4.21497029386552,64QAM
18.676481886393415,64QAM
6.234715243765074,64QAM
15.12210239245273,QPSK
16.346450580881804,QPSK
8.505215708128182,16QAM
28.452754666244786,64QAM
25.273923205067256,QPSK
21.671205228983954,64QAM
2.3398159922822725,16QAM
3.183900579270583,64QAM
14.783440375948672,16QAM
4.82140047572957,16QAM
29.34796390588422,QPSK
4.755607020822284,64QAM
14.62403506391922,QPSK
10.923631705245162,64QAM
19.18159264362294,64QAM
3.8710922666827474,16QAM
12.909492841271726,16QAM
8.24115098421431,64QAM
26.63254574015064,QPSK
1.2175713640408525,16QAM
27.41182482019378,16QAM
24.98982415659001,64QAM
8.927121493224464,64QAM
23.67871964031314,16QAM
0.9364068101624268,QPSK
29.00596650880181,16QAM
15.79784827769368,64QAM
9.098430781963359,16QAM
10.877496377840313,64QAM
1.9921606038149209,16QAM
29.680485421261174,64QAM
1.1787583545207736,64QAM
19.64721369443577,QPSK
13.28207783119375,64QAM
28.46748654566145,16QAM
7.379992209203855,64QAM
15.962604718140339,16QAM
14.470686257482589,QPSK
21.08599332150304,16QAM
2.0403069585726152,QPSK
5.813673900700645,QPSK
6.436944602785495,64QAM
22.14452264525069,QPSK
5.674160889802202,16QAM
17.2047529167293,QPSK
6.457314615028611,QPSK
25.848748502519353,64QAM
28.265563634689155,16QAM
15.554789248267213,QPSK
10.569266526275348,64QAM
7.021733250524974,64QAM
1.493430045691313,16QAM
8.05500228592486,64QAM
19.62707339835954,QPSK
16.008507939276324,64QAM
28.321238348427823,16QAM
11.888317874751017,16QAM
20.815900269851834,64QAM
14.679682424253642,QPSK
15.377286477726349,64QAM
8.033229438123525,16QAM
13.64852330525999,64QAM
14.123549910381218,64QAM
21.199275652468017,QPSK
28.219199975583415,64QAM
9.879638324475128,QPSK
1.2660140574389533,64QAM
14.88885376501919,64QAM
16.333839964475057,QPSK
5.053216533957458,QPSK
22.813938188282002,16QAM
29.54787325324475,QPSK
28.373241510253827,64QAM
5.913181164709566,16QAM
26.26089719702282,QPSK
21.13480909235054,QPSK
13.615396914207347,16QAM
16.218329829741872,64QAM
25.488005249473744,64QAM
14.404048189151196,16QAM
11.196221073153806,64QAM
14.797424790779575,QPSK
17.373894121051475,64QAM
5.672329613350465,QPSK
27.02723190800972,64QAM
20.225608464888413,QPSK
18.998067520124668,16QAM
2.9848867854191443,QPSK
18.125218145177755,64QAM
3.6288198671547702,QPSK
2.3609302558619714,64QAM
15.8193268692718,64QAM
12.08356602139485,QPSK
17.664308104686697,64QAM
2.6766650417171576,16QAM
12.929491885417752,64QAM
5.243601451354739,16QAM
29.6130025777235,16QAM
16.83450637305523,64QAM
20.62310582822602,16QAM
9.762548420478234,16QAM
2.8421674433803243,QPSK
29.276125883506097,16QAM
8.587771061495497,16QAM
12.714245555207226,16QAM
19.49591765107725,16QAM
0.7409189305833386,16QAM
24.30777391551861,64QAM
16.097345700858607,16QAM
8.346515612064664,64QAM
1.8482395587740774,64QAM
4.874952464233243,64QAM
26.85101576560311,QPSK
20.58072671807673,QPSK
7.497051649106695,64QAM
1.968022948350886,QPSK
20.71845937159909,16QAM
17.172231779032956,64QAM
12.135585733747051,64QAM
10.908343475701916,64QAM
6.504428277873249,QPSK
20.088337696125528,QPSK
29.120040833816116,QPSK
5.2714573751047755,16QAM
17.9134986004651,QPSK
12.725551672379286,64QAM
13.400661652339947,QPSK
7.624418403834432,QPSK
24.754046269842572,QPSK
14.557668124417233,QPSK
16.302175565947923,64QAM
9.142827383919773,QPSK
5.454253970008493,64QAM
2.5773116460846146,QPSK
21.423574227747476,16QAM
5.887028450635668,16QAM
20.702260625663932,64QAM
11.711293381408616,64QAM
12.473244029689544,16QAM
14.075324882783152,16QAM
11.031255243826296,QPSK
3.0185993166777028,16QAM
9.288954300085374,64QAM
19.912030820818153,64QAM
19.97353204406613,16QAM
8.586729217199832,64QAM
13.803078796730638,QPSK
5.803416840358125,QPSK
6.311162445895073,16QAM
0.6914126521982222,64QAM
26.90239649723234,16QAM
6.321199952247186,64QAM
6.8260163080939,64QAM
8.388042979353955,64QAM
3.82224215086287,QPSK
19.177886495440884,64QAM
2.254288595327597,QPSK
4.026072789790508,64QAM
19.342701797702787,16QAM
10.189818614443283,QPSK
21.238434801035673,QPSK
16.72274234010426,QPSK
7.680635191845392,16QAM
19.524838514679843,QPSK
3.4882104087864194,16QAM
16.092311492400913,64QAM
13.11444315135104,64QAM
8.036207484523224,16QAM
18.120149932185004,QPSK
26.140007770208477,QPSK
29.9671409928923,16QAM
18.232883062302736,64QAM
12.141176229875105,16QAM
6.756213006486048,QPSK
7.712882681853353,QPSK
14.38364934449297,QPSK
11.018331038421277,QPSK
27.414435678748326,64QAM
11.048864029671286,64QAM
11.203337734363064,64QAM
11.506035373019309,QPSK
25.098606311029744,QPSK
19.523649625407057,QPSK
18.42506550956678,16QAM
10.024290671515866,QPSK
24.537125304973184,64QAM
1.150915840671034,64QAM
26.123915170143395,64QAM
15.382496993817888,16QAM
11.947507045902384,64QAM
14.91501842153057,16QAM
20.022465916014934,16QAM
0.3829627955369208,16QAM
26.14655569374743,QPSK
13.402185759341785,QPSK
10.288995591002346,64QAM
4.1473669690217125,64QAM
13.183961230753264,16QAM
14.889683138531366,QPSK
12.109400834804333,64QAM
20.359802814806912,64QAM
12.62689586277678,QPSK
28.8425273353972,16QAM
17.978325534707757,64QAM
24.22433806955727,64QAM
3.2806770932843654,QPSK
11.918738788377171,QPSK
10.105431043414582,16QAM
17.084471644097754,16QAM
25.833405601842767,64QAM
2.3501465328602,16QAM
2.177243941341324,64QAM
25.509531244727967,64QAM
6.385502581150723,QPSK
20.062597633494413,64QAM
16.286343970824156,QPSK
24.986807846616884,64QAM
3.752667295092106,64QAM
3.8934889716783383,64QAM
16.704550808349225,16QAM
28.391359600751127,16QAM
12.449932751122628,QPSK
9.808263007640848,64QAM
18.200679695936575,QPSK
27.913458016350933,QPSK
25.107834985338712,64QAM
29.864508321996595,16QAM
0.6770574960713127,16QAM
3.3857443413828667,QPSK
18.28403290099866,16QAM
24.61729318001549,64QAM
8.557330269202996,64QAM
7.176332641026563,16QAM
23.609273981436026,16QAM
1.6914556155969473,QPSK
11.081479427477554,16QAM
15.174276677769893,QPSK
16.810460230509705,64QAM
21.858454703783305,64QAM
10.645371702919746,64QAM
18.380530340238217,16QAM
17.56126268372869,16QAM
16.428483019612415,16QAM
19.214498794266365,QPSK
7.783475132042289,QPSK
2.5394626075388693,QPSK
3.578150161192303,64QAM
6.737471479617032,QPSK
15.005938065683557,16QAM
25.213282516380605,16QAM
21.038800262651524,64QAM
23.671218126061415,16QAM
10.529268717782742,16QAM
12.139612249456505,16QAM
11.810456579718384,QPSK
5.756195532135045,QPSK
1.8364997443071607,16QAM
17.727482784816804,16QAM
29.676500502617582,16QAM
5.004891148507885,16QAM
1.4005445969782127,QPSK
23.38595045471799,64QAM
7.577580200541726,16QAM
24.88931416058785,QPSK
21.118100011035462,16QAM
28.370206111524137,64QAM
12.26781707270016,QPSK
19.859095183519024,QPSK
13.94564342439812,64QAM
18.917660919256306,64QAM
13.48796718023212,QPSK
5.658967392722245,64QAM
15.236922480101427,16QAM
15.85752604312327,64QAM
24.318115447804832,64QAM
22.065621173807436,QPSK
19.913748718243323,64QAM
3.4016128665771763,QPSK
21.61848871991145,16QAM
15.009154690635443,64QAM
26.822986083184777,64QAM
27.596128023916283,QPSK
1.6546977180535638,QPSK
24.619246810634362,64QAM
1.1309217126801185,QPSK
11.01508877085068,64QAM
16.268999268632374,16QAM
4.443023958813823,64QAM
22.389414377072303,16QAM
0.25064112516415715,16QAM
5.057971453021105,QPSK
17.42390489560427,QPSK
21.431626861118772,QPSK
27.499293080817484,QPSK
21.164899558038716,64QAM
20.153378107645977,16QAM
11.83023439051993,64QAM
0.03853276580404241,16QAM
3.6047777620686583,16QAM
16.036636342681174,16QAM
20.25389657533259,64QAM
12.523448516893875,QPSK
21.920370345851705,64QAM
15.655868859965363,16QAM
2.225285867829366,64QAM
5.760487529038465,16QAM
25.19994669731829,QPSK
21.747382398733183,QPSK
26.84285961037485,64QAM
3.5267174736280973,QPSK
29.70667603845222,16QAM
6.282201418498008,16QAM
0.3533962885992603,QPSK
29.922688171606627,QPSK
8.432216563353395,QPSK
20.040583575376797,64QAM
5.300469425289156,64QAM
17.406855965974252,16QAM
27.121049593636776,64QAM
9.605435022853158,64QAM
20.107619281330777,16QAM
5.637107663952495,16QAM
18.74386196156176,QPSK
10.093510554525304,QPSK
6.33624775763855,64QAM
9.395461521109054,16QAM
5.365232055233981,64QAM
27.057483235136484,64QAM
11.915606589513866,16QAM
7.35837914923102,16QAM
13.452235230477987,16QAM
9.616085004194867,16QAM
22.332577614399778,64QAM
29.13659735656483,64QAM
13.141009700929406,64QAM
25.83100199916721,16QAM
16.975892206788586,QPSK
4.717069952827004,64QAM
20.718682262440247,QPSK
15.403034913774604,QPSK
19.518195697563105,QPSK
26.69062237714995,16QAM
13.213037119681383,16QAM
27.03532869652067,64QAM
22.520070428449646,64QAM
14.658147776339543,16QAM
18.09666406973891,16QAM
9.767433975570343,QPSK
29.507918992163226,16QAM
20.02053489151188,16QAM
1.3154055748988969,16QAM
9.798657172440263,16QAM
18.699433012771724,QPSK
1.689998333977194,64QAM
0.716525739574283,QPSK
13.500727185834076,16QAM
9.9807053907801,16QAM
13.148958240994977,64QAM
7.880799296400155,64QAM
4.941532408289428,64QAM
20.67430070941013,QPSK
15.437133488034014,64QAM
6.004626337481005,16QAM
9.587682787799949,16QAM
17.75423722989978,16QAM
2.1668804481743353,QPSK
4.423590277985387,64QAM
2.1973681232217035,64QAM
24.369519981423565,64QAM
22.572276996360277,64QAM
22.59938795637771,16QAM
21.489760304280843,QPSK
20.081562710096076,64QAM
14.30975746134525,16QAM
19.26834490521345,16QAM
1.1508466436392395,QPSK
18.64393267970354,64QAM
23.336331166106316,QPSK
15.010750811531706,64QAM
10.725399852817109,QPSK
8.322802044029373,64QAM
19.284061504862475,64QAM
20.784035958897263,QPSK
26.129027995876278,64QAM
10.270022473829721,QPSK
23.093169221567567,QPSK
16.840674725680138,64QAM
26.485094720342374,64QAM
15.834363248868623,QPSK
15.528894851939016,16QAM
17.33631244322727,QPSK
22.479460654273034,16QAM
28.94071436485383,16QAM
2.2069006264729696,QPSK
1.6030380717305148,QPSK
28.126510122220154,QPSK
15.896268765546184,16QAM
18.447090437008082,QPSK
14.472708047841866,QPSK
2.8097235782242347,64QAM
23.042681352559995,64QAM
22.416739352657608,64QAM
9.351099644784359,QPSK
9.187177356852011,QPSK
25.135241427165557,QPSK
2.1707177322397984,16QAM
26.433154450696975,16QAM
7.699850696877433,64QAM
17.789542432664817,16QAM
28.07982537005333,16QAM
20.343675046099392,16QAM
12.432894374011097,64QAM
20.686026267162454,64QAM
10.319389089491105,16QAM
8.317752490475584,QPSK
29.900498338040393,64QAM
22.52370693539363,16QAM
19.341599321454527,QPSK
10.658689296579563,QPSK
1.4748248746514447,64QAM
0.9317062810546684,QPSK
16.625437663463963,64QAM
22.860981631171533,16QAM
16.12137571331565,64QAM
25.223552158173437,QPSK
1.002795992796649,64QAM
11.002562292778203,64QAM
7.112111735225342,16QAM
13.41818904471366,QPSK
2.1712917958236746,64QAM
28.623949247132177,16QAM
6.697662032080828,16QAM
27.669233264507543,16QAM
12.776794651100454,16QAM
29.56572399765654,16QAM
16.621751503806323,64QAM
27.924985925274225,64QAM
0.16046966082668535,QPSK
22.447164185427003,64QAM
27.091519593075464,QPSK
4.191617009368622,QPSK
2.8837755519645447,QPSK
12.737178215578668,64QAM
28.010367183988055,16QAM
16.271596805713163,QPSK
15.823693911651965,16QAM
4.233783548979656,QPSK
0.023685332796563596,64QAM
24.304202722363836,QPSK
2.627236889587147,64QAM
19.015494562059718,16QAM
27.438493635455742,64QAM
6.25955739475293,16QAM
19.958185087107324,64QAM
2.360957301225284,QPSK
18.11265431512839,QPSK
4.917951628596082,64QAM
22.07860681545534,16QAM
9.036938843817246,16QAM
13.901730264139387,16QAM
17.982916260828652,64QAM
5.138202319987188,64QAM
22.249134558528628,64QAM
9.079210219104436,64QAM
19.871155797382606,16QAM
4.74849152098121,16QAM
20.64352977619051,64QAM
3.845642184313852,64QAM
12.760694888099508,16QAM
7.416182212166305,16QAM
22.451257482845477,QPSK
7.861050135206237,64QAM
26.451519191861887,QPSK
26.754606342198386,16QAM
5.893239456683576,16QAM
18.415378350231727,64QAM
2.6315292515989297,QPSK
11.746112988048875,16QAM
21.399651885038168,QPSK
19.782697405497487,QPSK
18.74102008219824,QPSK
8.476225909873307,QPSK
11.34074848303206,QPSK
3.0883843410085854,64QAM
21.57068461300803,64QAM
15.116663903738205,QPSK
21.262968970369638,64QAM
7.468305743906183,16QAM
9.733146859051987,QPSK
10.02646011780344,64QAM
0.772272292416486,64QAM
10.231436184918707,16QAM
24.099137205541005,16QAM
26.918954872492154,16QAM
15.546549469077824,16QAM
13.665050856576608,QPSK
0.9247385609811076,64QAM
26.376130127561478,64QAM
0.39030640277618156,16QAM
28.34250240630635,64QAM
14.67648746064272,64QAM
10.258034807241799,64QAM
27.726553045279804,16QAM
0.7317297933029021,64QAM
17.442746846072612,64QAM
16.46797573498013,64QAM
6.579612036341462,QPSK
12.866622940506318,QPSK
19.567920178313106,64QAM
21.813935906457825,64QAM
0.021505761197393447,64QAM
28.10560290273046,64QAM
4.935761171784372,64QAM
7.0074130266707755,64QAM
7.904203370815447,QPSK
1.1346040965610593,16QAM
3.691563707709747,64QAM
29.59049768832486,64QAM
9.456502121318582,64QAM
3.4590327101714804,16QAM
3.2097378352386996,64QAM
21.583799030099158,64QAM
25.637059920979226,16QAM
7.708568985254097,64QAM
0.6272853700570491,16QAM
6.692700553360674,16QAM
1.69547072390272,64QAM
3.1018480989012454,QPSK
12.945243595429272,QPSK
6.8975511258489774,64QAM
15.478376355762702,16QAM
7.604812597715711,16QAM
28.21611903308843,16QAM
27.178319037787936,64QAM
17.00418315031398,QPSK
10.632719759621585,16QAM
11.434406461042068,16QAM
12.355568494334909,64QAM
21.827379664048323,QPSK
13.549169865565137,QPSK
25.701898395176922,64QAM
28.322843577910938,QPSK
10.078384601368015,64QAM
16.820834441270403,16QAM
2.851696104976933,64QAM
6.01407143299077,16QAM
12.403973001304804,64QAM
6.186081477053365,16QAM
26.296814723661527,16QAM
4.748587681772943,64QAM
13.669824646592758,16QAM
18.17097721379627,QPSK
20.755917244825334,64QAM
11.492081091795201,QPSK
26.072972061741854,16QAM
17.049574532337765,16QAM
13.185233413426554,16QAM
2.0172190215610986,64QAM
13.94068405335495,16QAM
24.622075224471907,QPSK
18.436230546639464,QPSK
24.96487361187355,64QAM
14.820350117979169,QPSK
3.553851152834455,64QAM
0.4091953750764321,64QAM
9.096586401557737,16QAM
20.939714144933774,QPSK
23.707797118250813,QPSK
8.872585038609882,QPSK
14.869617626497414,16QAM
12.63356713302245,64QAM
12.315683530542836,QPSK
6.9404613960045145,QPSK
4.091133150883751,QPSK
5.900656746936393,QPSK
1.659971614900383,16QAM
5.943922254707311,64QAM
0.2760269287613837,QPSK
18.817752019079347,QPSK
9.491262221630487,64QAM
29.19434134280726,16QAM
5.811511523288936,16QAM
10.374857109287817,16QAM
10.735234759245996,16QAM
0.2535448818738162,QPSK
25.17623859118377,64QAM
0.9598338043297416,64QAM
28.205395041877242,64QAM
26.76223053280862,16QAM
16.065657482578906,16QAM
16.307867247338763,64QAM
19.61333768868469,QPSK
11.611500358046609,16QAM
19.416668501935664,QPSK
1.3430516606546061,64QAM
1.621428820491797,16QAM
13.71691258858633,QPSK
16.488669033181047,16QAM
26.63452921007457,64QAM
3.1398190172368876,64QAM
24.67943781581668,64QAM
6.3014201187620875,QPSK
11.822509455300956,16QAM
9.498073044822387,16QAM
12.004658185961969,16QAM
4.514864942177566,64QAM
15.107102232106648,QPSK
24.04927769494102,64QAM
13.246020311366909,64QAM
14.718407276945973,QPSK
25.46302755843943,64QAM
21.181743439140924,64QAM
14.713632255593541,16QAM
7.73086944567539,QPSK
26.547802405349,QPSK
17.31061205071675,16QAM
6.634428303320802,QPSK
8.07359257914031,16QAM
24.093992668087377,64QAM
1.3243668626236638,QPSK
29.7627656108646,QPSK
3.9105503914437536,64QAM
23.882055761908124,64QAM
11.843259503150486,QPSK
14.766485498624006,QPSK
26.419517323937335,QPSK
12.387335687676398,16QAM
16.124812610197033,QPSK
1.4789898722750983,QPSK
0.07042421602359461,64QAM
7.343996190051777,64QAM
20.41749278756302,16QAM
3.637946800774101,64QAM
3.412858764136483,QPSK
12.328818241077098,QPSK
19.435111158246794,16QAM
21.362159767437916,64QAM
5.353520222951244,64QAM
2.3876444211612737,64QAM
28.211911018366326,16QAM
7.819991476863052,64QAM
25.600394928261714,64QAM
25.904743513884547,64QAM
23.175677752876332,QPSK
5.065008199577102,16QAM
24.65404377762601,QPSK
23.077516777247602,16QAM
17.901689703186513,64QAM
10.116061055068583,QPSK
7.875258127996323,64QAM
3.656676362410769,64QAM
15.292712007026143,16QAM
17.557826265295397,64QAM
10.780169715473617,QPSK
14.260772030426057,16QAM
10.905433721078001,16QAM
19.230181719621037,QPSK
27.0377762338969,64QAM
4.917607861408346,64QAM
11.442264297093702,64QAM
4.22605811852584,64QAM
18.74831311223496,64QAM
21.866115284657873,16QAM
27.957381977923678,16QAM
8.366157787828946,QPSK
28.506336175962904,64QAM
1.897880154620244,64QAM
18.090415900937646,64QAM
1.7139815802998992,QPSK
26.813225632858344,64QAM
15.894271712101624,16QAM
20.080450522883883,64QAM
24.947217777313575,QPSK
4.509318674519063,16QAM
1.1577468581440153,16QAM
26.366434377385566,16QAM
9.447996823767975,64QAM
3.869367237814958,QPSK
14.053837112612596,QPSK
17.949182270880563,64QAM
0.9291181026753037,QPSK
8.246869747712632,16QAM
0.9839962283068804,16QAM
12.61006167586497,QPSK
26.85300087198733,QPSK
29.479572344807075,64QAM
19.111426605108825,64QAM
4.849130813537754,64QAM
27.175481699979173,64QAM
15.487434696001813,64QAM
4.612479363087543,64QAM
27.65180008354984,16QAM
22.72407152169309,QPSK
21.951158181694545,64QAM
21.27542111383214,16QAM
6.01019463289327,QPSK
6.330200751225782,QPSK
20.64878995281765,QPSK
6.591682503311906,64QAM
13.160150904091466,64QAM
23.460054767818242,64QAM
23.518575542935228,QPSK
13.59785317577579,QPSK
23.765698148257353,16QAM
25.158653885941703,16QAM
19.643272538527807,16QAM
6.852775569252605,16QAM
8.220353411566425,QPSK
9.445234662262061,64QAM
3.50412323201856,64QAM
8.194788611098353,64QAM
6.285576729375963,64QAM
13.659862494258064,16QAM
27.25312643616795,QPSK
3.1344095026187424,64QAM
21.60803771842187,QPSK
20.61849013239383,16QAM
2.8726259599007298,16QAM
27.677172147174,64QAM
17.05416606470459,64QAM
10.911765634070527,16QAM
22.6961575048592,16QAM
7.7209637520490215,QPSK
20.80529511138961,16QAM
1.1913362271674166,QPSK
25.182241128278157,16QAM
13.445125410639555,QPSK
19.10078743073825,16QAM
6.63713459420051,16QAM
20.31221137975344,QPSK
23.1672082767983,QPSK
14.196395606531961,64QAM
18.53180772185383,64QAM
13.689777714671957,16QAM
26.822741077735365,16QAM
14.936075415429574,QPSK
25.254261270864568,16QAM
24.040561748107457,64QAM
12.315144640450695,QPSK
6.902534755724251,16QAM
12.18246397679313,QPSK
24.786521273256604,64QAM
6.828976074581771,64QAM
15.73309037573248,64QAM
24.182902438822424,16QAM
10.604324253851363,16QAM
19.266289110080923,16QAM
7.368947221464436,16QAM
3.2783833610447974,16QAM
23.83152675278569,16QAM
2.9690587022612047,64QAM
8.141441852387537,64QAM
25.653282659923203,16QAM
10.394078612360016,64QAM
29.191360485424834,QPSK
29.392030043215794,16QAM
8.048280613606702,QPSK
1.2293466674967135,16QAM
21.151898526161375,16QAM
13.529595079450312,64QAM
3.0225853187872884,QPSK
21.225684569341283,64QAM
0.9352472733576367,16QAM
26.105900714767262,QPSK
4.1595758733991115,16QAM
3.8193563624017504,64QAM
5.270168939057536,16QAM
28.807990754761995,16QAM
20.79508080761538,64QAM
24.0411460639091,16QAM
11.92904957198259,QPSK
10.089381825148667,64QAM
7.034520203495099,16QAM
14.419440849372268,64QAM
16.554862006025054,16QAM
18.953245309582663,64QAM
7.713555119960835,64QAM
28.45962242708972,QPSK
5.092754946214075,64QAM
28.96959524299237,QPSK
0.44568367522511365,64QAM
14.433770754505368,64QAM
10.001035143496884,16QAM
13.473702417907523,16QAM
17.11993736942367,16QAM
13.067674740381271,64QAM
12.445405509047848,64QAM
21.981702462399195,QPSK
20.57628825259394,QPSK
24.998138461075435,QPSK
7.498769437184867,16QAM
18.285855292621907,16QAM
17.555843561785615,QPSK
11.092134326180663,64QAM
14.581726257080428,16QAM
9.413464299171862,16QAM
4.255331928509555,QPSK
6.414036319881985,16QAM
3.1654093920360324,QPSK
20.492087255703723,16QAM
19.821821793274545,64QAM
28.518191147396184,64QAM
21.89035240941724,16QAM
1.5613751626839434,QPSK
26.527355217868624,16QAM
25.880254888371773,QPSK
13.29960962318096,16QAM
17.575891515837647,64QAM
29.282349974175567,64QAM
15.969130915444987,16QAM
27.159654851282692,16QAM
2.4911627343055933,16QAM
5.731556061260486,64QAM
13.222648303239534,64QAM
17.54270425011914,QPSK
24.486835555884007,16QAM
29.647863454295607,16QAM
11.665544894223492,64QAM
1.4224690842025478,16QAM
24.035145098859743,QPSK
18.131421572484243,16QAM
5.95628576604605,64QAM
14.844853698642606,16QAM
22.26930736601173,64QAM
23.112353612059312,QPSK
14.98855235996286,QPSK
9.156435903865773,16QAM
29.212277461154805,16QAM
19.900878328694784,64QAM
12.24712558038896,QPSK
8.413896726139573,QPSK
21.933089490106862,QPSK
7.2655033678130305,QPSK
5.151299669210645,16QAM
15.895016668862109,16QAM
8.699621779324255,64QAM
18.86715434770845,QPSK
3.5381602462270045,16QAM
19.64823313701965,16QAM
8.498895839931066,QPSK
0.007288033035381947,16QAM
3.8080817302252914,64QAM
28.00846133505282,64QAM
26.020639173460733,QPSK
7.0082709610871055,64QAM
23.351157136364737,16QAM
18.25714779521923,64QAM
29.127141343496085,16QAM
11.208169786021774,QPSK
20.44381837551514,QPSK
1.9060716727175575,16QAM
11.887420404492179,16QAM
28.914529835645414,64QAM
16.169426233503618,16QAM
8.636385100045338,QPSK
3.608128893858206,16QAM
21.10585020544591,64QAM
19.345681302891805,64QAM
11.21816140811324,16QAM
28.528240555975028,64QAM
0.6660843896355095,64QAM
9.111715548954773,QPSK
27.632084588987443,16QAM
9.62806314958321,QPSK
7.567585015655112,QPSK
16.02661229793742,64QAM
24.714052497616137,QPSK
3.094402826350832,16QAM
28.290621289372083,16QAM
23.85218643543492,16QAM
5.4375076665465585,QPSK
21.36023883594488,16QAM
11.548761679126715,16QAM
12.06884034228956,QPSK
23.49870277316599,QPSK
28.883544239421965,QPSK
3.7996761854158176,QPSK
12.618907106364581,64QAM
14.428248242529106,QPSK
11.289354508649929,QPSK
10.89567371148675,16QAM
1.5680600268478961,16QAM
20.5661586168787,QPSK
13.08643251360136,QPSK
5.843814079317803,QPSK
24.48100506906205,16QAM
24.07682244454884,16QAM
14.591748842666814,QPSK
8.953519834432816,16QAM
19.14278177389357,16QAM
8.644564073322092,QPSK
7.080237909711361,16QAM
21.9154396207898,QPSK
1.209757191628521,64QAM
2.843054131037819,64QAM
0.2036452207076933,64QAM
4.588295594262784,16QAM
2.069700261313784,64QAM
29.87407103339756,16QAM
8.664299098622688,QPSK
4.4780403800774184,64QAM
7.2298877398775385,16QAM
28.08376714620404,64QAM
15.60480669073187,16QAM
10.944542889235706,16QAM
26.20174373727658,QPSK
11.849708116470975,16QAM
10.050257098730874,16QAM
6.218475676492067,64QAM
11.333904717282344,QPSK
9.500530680507781,16QAM
20.31911877894423,64QAM
8.687481140121813,QPSK
17.315992392676844,16QAM
1.9767649509591811,64QAM
5.738674700895431,QPSK
12.222158148340462,QPSK
28.108477617260863,QPSK
11.317559571470863,QPSK
19.922223635995024,16QAM
7.652616672641944,16QAM
3.811007279196952,QPSK
1.7560980024015038,QPSK
9.16240495628254,16QAM
4.729830803907239,64QAM
5.220313440483726,QPSK
22.8227792516085,16QAM
0.4751421283462265,16QAM
16.734303772063033,64QAM
11.383841417803943,16QAM
15.196499997256417,QPSK
16.884907116438086,16QAM
9.401030833718346,QPSK
8.853265805528558,16QAM
22.002055480047172,QPSK
26.138309643634717,QPSK
5.7774489737558365,16QAM
2.9285628160544688,QPSK
26.93387419176078,16QAM
10.49686390942196,16QAM
16.539521719884426,16QAM
10.786294335600104,QPSK
3.7740700903815396,16QAM
17.67994934843184,64QAM
15.75422555308889,QPSK
6.089806775735917,64QAM
13.556071339568335,64QAM
23.908425120469374,64QAM
17.71278309323674,64QAM
2.9075198120098458,16QAM
16.440644916874053,64QAM
21.082148978687606,QPSK
23.781102173422543,64QAM
18.873527359028003,64QAM
4.579744936223512,64QAM
21.30519799770482,16QAM
20.32025538244549,64QAM
0.7328064882189966,64QAM
12.352430027707296,64QAM
9.988507408871198,QPSK
20.082361927609302,16QAM
6.4840743693276215,16QAM
17.726157689227755,16QAM
27.39617885442517,QPSK
23.93407116625823,64QAM
27.643732086495913,QPSK
29.3551790079807,16QAM
0.320103810184883,16QAM
18.682238291324328,16QAM
12.385181932767193,QPSK
25.79563471005365,16QAM
7.554441060273951,64QAM
29.430884673452283,QPSK
18.41123908631242,64QAM
23.80612206686493,16QAM
2.56798658468305,16QAM
5.503736542765951,QPSK
22.752110191026095,64QAM
0.6595956611797082,QPSK
24.506339576813485,64QAM
0.41847056075734357,16QAM
19.7135651718382,QPSK
10.952817606954175,QPSK
18.344845581575974,64QAM
20.88094220967341,16QAM
10.274256575589126,16QAM
3.2388734433250663,64QAM
2.0893760324479693,64QAM
17.668080676876436,64QAM
15.619660612023345,64QAM
22.266030273633977,64QAM
15.292065300118114,16QAM
12.673373700926373,16QAM
11.942615347086926,QPSK
0.793407077930024,16QAM
10.066716050899714,64QAM
29.280604725734825,16QAM
26.206667286812664,16QAM
9.88134201102653,16QAM
17.633862151991167,QPSK
25.418902366064817,QPSK
13.23823010250206,64QAM
0.5387359125045288,64QAM
2.235313854559202,QPSK
15.311781640461199,16QAM
29.08318127027635,16QAM
20.79628626656603,QPSK
2.127485743157086,64QAM
5.6808262737558834,16QAM
23.1396942965055,64QAM
25.243192798687343,16QAM
18.530837585657725,64QAM
19.332695088894496,16QAM
0.8501235115015393,64QAM
24.855907787445254,64QAM
23.648256245124887,64QAM
7.771054323100415,QPSK
21.26030159896521,64QAM
6.445638192749943,QPSK
1.2099048315453897,QPSK
6.034096277711319,64QAM
5.358866302628985,QPSK
10.132439902045418,QPSK
12.553484915263743,QPSK
15.256166744931237,16QAM
14.302616265249844,64QAM
8.120238178958681,QPSK
0.875120057222234,64QAM
18.153048667114522,QPSK
11.872344895420632,64QAM
8.96016472162649,QPSK
26.008231284915368,16QAM
22.402299233944795,16QAM
25.73296645117327,16QAM
14.849483841373829,QPSK
3.927937563803324,64QAM
20.886643083638173,QPSK
6.182213398115257,16QAM
13.236890072751503,QPSK
1.950023668466655,64QAM
24.759252072689474,16QAM
3.7782192314250174,QPSK
27.09292521147929,64QAM
25.926918067846714,16QAM
13.937482933177382,64QAM
22.33104612911972,64QAM
18.583352214544597,16QAM
24.092269270132345,QPSK
12.954153023577362,QPSK
23.5742545273305,QPSK
13.87370451195444,QPSK
28.228973635283815,64QAM
14.591163024754428,QPSK
13.878578158011885,QPSK
23.552155846905382,64QAM
24.647330752825138,64QAM
16.63467342963512,16QAM
5.393934404852262,64QAM
14.032746928727386,16QAM
29.042175087290353,16QAM
22.589585791175555,QPSK
24.334878116373964,QPSK
0.9847649645772039,QPSK
14.035783879024796,64QAM
19.39863400972666,64QAM
24.900980508842242,QPSK
1.4782096074831441,QPSK
25.57316656925619,64QAM
16.45202810225735,16QAM
5.919419117281798,16QAM
9.517656493491,QPSK
8.457886552546823,QPSK
15.925771028654275,QPSK
1.5505703973339546,16QAM
4.756084754997706,QPSK
24.380791301273472,16QAM
3.978119722404332,64QAM
7.001888083743809,64QAM
13.601118168124719,64QAM
15.513626643399913,QPSK
22.90831438842476,64QAM
13.419972799985633,16QAM
23.695938631066163,16QAM
18.550389211363722,16QAM
3.3929921827146736,QPSK
4.689943151785157,QPSK
13.111011763493124,16QAM
11.906681792671188,16QAM
22.30632808911884,16QAM
17.422114193920557,16QAM
11.64399243006748,64QAM
5.122808503511569,16QAM
6.805113069764854,QPSK
17.26503055407177,QPSK
12.703164146993775,QPSK
15.447825265820162,QPSK
5.12032305906701,QPSK
19.887187570336973,16QAM
25.57616222567901,16QAM
7.738185203607017,64QAM
14.745426774954797,64QAM
29.265819870627052,64QAM
9.99725221652183,16QAM
17.851390347712837,64QAM
2.7058710060073308,16QAM
18.180450074383295,QPSK
2.6889531991385374,16QAM
28.77706305971466,16QAM
21.469879562169343,QPSK
23.644793644071193,QPSK
21.123130823149104,QPSK
17.69187108229397,64QAM
13.497383432565162,64QAM
25.751201392831874,64QAM
28.705070026291892,QPSK
14.971085187122439,64QAM
27.94605147465786,QPSK
17.499987299655526,QPSK
16.151525606892996,QPSK
13.634481988660701,64QAM
6.278632845903596,64QAM
0.11158982454177568,QPSK
7.245186805681838,64QAM
15.291695148106955,16QAM
11.398798567792577,64QAM
13.454556840079015,QPSK
29.419446586921488,QPSK
10.508171120079828,QPSK
13.565488180803237,16QAM
4.005466540584587,QPSK
1.4387319731096293,QPSK
23.26228543777484,64QAM
17.12049525215936,16QAM
22.82114418131685,64QAM
4.495883966596549,QPSK
17.154863135480728,QPSK
7.609274230241266,16QAM
6.841854507000598,QPSK
0.3457804215895577,16QAM
3.9102217070721568,64QAM
9.278043344990861,16QAM
3.5063628177281716,64QAM
29.575753212328124,QPSK
9.25897945571852,64QAM
3.9097184010698447,64QAM
5.972469384838732,64QAM
17.631096850244294,16QAM
1.9213057159436553,64QAM
25.873023904234707,16QAM
28.84499037711442,16QAM
7.402422620021426,16QAM
13.502858057725781,QPSK
0.6640335308849121,QPSK
19.221306741816644,QPSK
12.417781741577667,16QAM
8.10175398304667,QPSK
6.205113318498254,64QAM
19.620692329762814,16QAM
12.486510930969434,QPSK
5.3897786708973605,16QAM
20.67327244460472,QPSK
16.95216849110081,64QAM
25.760161647884885,16QAM
3.524276966294787,QPSK
23.569998058333685,QPSK
20.20550360451777,64QAM
3.4503281048429346,64QAM
20.844621896151622,QPSK
13.246418666394913,QPSK
28.349543566675294,16QAM
4.248340518536979,16QAM
19.28500172447214,QPSK
11.459401363888379,64QAM
28.70444011772633,16QAM
9.899246858708294,QPSK
28.865577284754004,64QAM
27.044575533022474,64QAM
8.11149705931969,QPSK
24.10625330479283,QPSK
29.86812605410518,16QAM
7.57989006513847,QPSK
13.10331507969959,16QAM
15.60542209700279,64QAM
8.84793407411593,16QAM
0.4579451893808928,QPSK
6.6038773259258,16QAM
8.458106530252753,64QAM
13.307991039545614,64QAM
5.133074352402057,QPSK
26.197630700750178,16QAM
21.147333981940083,QPSK
2.5560143267898594,QPSK
19.502773534197942,64QAM
19.609694292168612,16QAM
28.686635209308832,QPSK
0.09062614068483743,64QAM
7.437973494174216,QPSK
27.833744381259464,16QAM
27.96401746194849,QPSK
21.617592581119123,16QAM
22.9728996314262,64QAM
2.744488737889413,64QAM
15.416275043347008,QPSK
6.947489738669982,64QAM
5.436541308408518,QPSK
24.309098973699975,QPSK
4.051144100416423,16QAM
14.059549109891558,QPSK
28.157347187580992,16QAM
5.574961666960276,QPSK
29.339802712147037,16QAM
29.828639572831772,64QAM
16.668514640472086,QPSK
5.104282205314737,16QAM
9.48314663822687,QPSK
12.734784980296055,16QAM
9.279726730746688,16QAM
8.419067396295473,QPSK
29.166891276490727,QPSK
4.6009448224723695,64QAM
21.999837261505867,64QAM
0.012308683175246138,64QAM
17.885480082071304,QPSK
27.478290118621572,64QAM
8.63802282279657,16QAM
5.565779257731576,QPSK
19.550393846352808,16QAM
21.378042218951794,16QAM
20.64091556855944,16QAM
9.579506400641222,QPSK
7.566072064779926,QPSK
28.677563998861327,64QAM
27.698985248097884,64QAM
13.719498296784609,64QAM
25.385815984631204,64QAM
13.56970432902888,16QAM
12.731670542175312,QPSK
4.70288842797884,64QAM
12.792181694759185,16QAM
16.12250815799421,QPSK
0.675129822860594,QPSK
13.323390155262192,QPSK
23.44068655185601,16QAM
20.401381691228096,64QAM
19.05470966591805,QPSK
27.286662853116074,16QAM
0.5409602947569003,QPSK
16.711427585767026,16QAM
23.620465452291214,64QAM
16.24006148103802,64QAM
9.716866577411375,QPSK
4.087516952759335,64QAM
26.626892154485738,64QAM
14.12287177162809,16QAM
26.34345590957104,16QAM
17.57556367299505,QPSK
20.225763498450025,16QAM
24.1278346313535,64QAM
19.77466633800403,16QAM
11.94164522036813,64QAM
15.40900151785953,QPSK
24.091365740276395,64QAM
11.209508891189525,16QAM
11.643643703054913,16QAM
2.8707034817400343,16QAM
27.43753305665243,16QAM
2.731089448363252,QPSK
19.446275323456675,64QAM
12.395834364083932,16QAM
12.168581707663272,64QAM
20.38655509718052,QPSK
2.0128119788963614,64QAM
17.811173488543037,16QAM
23.160953579170645,64QAM
24.846382736597825,16QAM
5.115911681813259,16QAM
26.92257150234521,QPSK
19.684382755423265,QPSK
26.455644024620483,64QAM
14.558421513305948,64QAM
16.26100035291606,16QAM
27.571148310860135,16QAM
26.997286300640152,16QAM
13.444826201070061,16QAM
8.232378949070453,QPSK
11.795113036927924,16QAM
11.632929855892492,QPSK
8.60600624948382,64QAM
8.057388129988997,64QAM
25.831888094391584,QPSK
2.0958576205398503,16QAM
20.328335462987823,64QAM
5.184601543693569,QPSK
10.335176801821897,64QAM
1.8462910240451058,16QAM
8.099209105663862,QPSK
23.052632133517264,64QAM
26.550459736417757,16QAM
6.645814557071011,QPSK
13.906435177767655,QPSK
14.109721438116193,QPSK
26.207259172792025,QPSK
22.88397158627416,64QAM
15.392316551041496,QPSK
20.122416014153202,QPSK
25.420651617281006,QPSK
0.2861686207663483,QPSK
12.086700931501458,QPSK
27.21729501831236,16QAM
22.20939092531854,64QAM
16.28524123002224,16QAM
15.889335811054003,64QAM
10.433102928133133,QPSK
15.615616009245436,64QAM
19.6614959839036,QPSK
12.550891152863793,QPSK
21.42459439176522,16QAM
25.836966817811575,16QAM
4.640545445545835,16QAM
13.546410684522733,64QAM
12.240602738552433,64QAM
20.623944121491842,16QAM
7.496023957737881,16QAM
19.20752744856829,QPSK
26.32467725194464,64QAM
12.54394799380868,QPSK
27.3304709993766,64QAM
29.794912168004352,16QAM
3.182761498438562,64QAM
6.991595639545759,64QAM
28.511392544462797,QPSK
28.749830594441605,16QAM
2.931218261602755,16QAM
0.44995501131410043,16QAM
4.833000697692667,QPSK
29.88038350146745,QPSK
5.399988498320606,QPSK
15.076428201660693,64QAM
25.45253179291533,64QAM
0.6120483206461902,QPSK
18.134669467753785,QPSK
8.31076346608873,16QAM
25.870047493191947,64QAM
8.503834477922375,64QAM
20.602671608457268,16QAM
20.226588973421908,16QAM
6.6448064657892,16QAM
1.0439759960505035,QPSK
12.277487213561919,QPSK
8.67579455897609,QPSK
24.26933248841126,QPSK
24.010925653660358,QPSK
13.710718565778764,64QAM
18.19536675969657,64QAM
18.127785479607756,64QAM
24.814744452828702,16QAM
12.750072423695926,64QAM
8.263400393715273,16QAM
7.951047544216424,64QAM
16.085768378466124,QPSK
13.474446081966377,64QAM
13.203623129548085,QPSK
2.7341201726912168,QPSK
21.55811222070587,64QAM
6.4121006394573214,64QAM
5.908608906261641,QPSK
12.382749608321804,16QAM
6.8333502485340425,16QAM
17.515748019240462,64QAM
11.143900180034144,QPSK
13.467351677783704,16QAM
16.115079648120865,64QAM
6.106065674454145,64QAM
4.672548685965894,QPSK
26.412657086208142,16QAM
13.01171108494263,64QAM
12.362808288976176,16QAM
1.0683645081852444,64QAM
14.939289077621797,64QAM
16.625091648330002,16QAM
16.765226128639995,16QAM
21.21093507968653,QPSK
5.3244550497303536,QPSK
7.566694026918564,QPSK
24.321913956912383,QPSK
28.41511850530182,16QAM
4.07798242101962,QPSK
14.929486635156547,16QAM
6.425287582187606,64QAM
1.8021950506494733,16QAM
9.765100143784062,QPSK
4.310628755526382,16QAM
21.297992203027388,16QAM
16.011762410143334,16QAM
4.315034129709327,16QAM
0.277247652165431,16QAM
24.24471147072638,QPSK
5.2858321849274255,16QAM
18.18649926662298,QPSK
10.107657392302368,64QAM
17.56457814945107,16QAM
9.46960880946972,64QAM
2.6081868207676253,QPSK
6.688500256732608,16QAM
5.641756994372268,64QAM
12.840580573189316,QPSK
19.74851350278472,64QAM
7.914182248390727,16QAM
0.36209805901853853,16QAM
15.568120927942706,16QAM
18.172784680769162,QPSK
28.886114820054292,64QAM
17.684124092797404,QPSK
14.135176781344255,64QAM
17.202048776931115,QPSK
27.837018895860812,16QAM
24.851344368049386,64QAM
9.68936200091424,64QAM
7.1176309097141175,64QAM
7.879008370982209,QPSK
15.13263119145639,16QAM
22.321483536857333,64QAM
15.096576215488863,QPSK
2.033891874843378,64QAM
21.707421013199426,16QAM
24.179103860128617,64QAM
8.684935953591589,16QAM
19.923772178500514,QPSK
12.797757031631802,QPSK
26.673580671823284,16QAM
25.356766744822195,16QAM
15.762959949289268,QPSK
20.745166374407834,16QAM
26.50049103066312,16QAM
14.871510302348266,64QAM
9.397522214664658,QPSK
22.609984137287437,QPSK
6.601987643540753,16QAM
11.655934440181262,16QAM
25.97181711320381,16QAM
21.73267020807945,QPSK
12.114330157424977,64QAM
6.442335072250723,QPSK
10.679051724967096,64QAM
8.52312447682299,16QAM
5.282678638315618,QPSK
22.2999874069697,64QAM
7.562096605505145,QPSK
13.625024105032914,64QAM
11.575783405083271,64QAM
29.462321359068923,QPSK
11.732767324446616,16QAM
2.399474483902644,QPSK
2.694772577162521,16QAM
17.722611640591943,64QAM
17.980906552147967,64QAM
12.56276971447965,QPSK
12.95531076936089,QPSK
1.6179774852261364,16QAM
15.496395311677867,16QAM
15.14218426141055,QPSK
4.4864795567083355,16QAM
3.1151815833278276,16QAM
3.7071747179847145,QPSK
3.030847394737756,QPSK
18.291245866102795,64QAM
5.894479572087558,64QAM
7.542904565623903,QPSK
5.207164324543192,64QAM
28.735059133455092,16QAM
25.63852389455506,QPSK
6.9148451205456265,64QAM
9.82698881766378,QPSK
6.296785269149915,64QAM
14.756278783824712,QPSK
0.5883159742276078,16QAM
20.14104026690387,64QAM
15.69474449452925,QPSK
26.959167849033097,16QAM
4.931780529852424,64QAM
24.12327738183395,64QAM
23.75883043400147,QPSK
3.815435676506608,16QAM
11.956776724323827,QPSK
5.104579234335507,64QAM
7.641615013726467,QPSK
7.897385244916331,QPSK
16.687091820773183,16QAM
12.342327952813966,16QAM
28.43198412018916,64QAM
3.791104258410154,16QAM
29.210764045505965,QPSK
6.919159206427919,64QAM
23.186218091455594,16QAM
10.169097785184642,QPSK
4.292441862519417,QPSK
25.736675557387198,64QAM
9.265826977093896,64QAM
19.765662126805267,16QAM
16.993310552598796,16QAM
14.152689281726229,16QAM
14.874584179456173,16QAM
21.967137422768626,64QAM
2.633187423703217,QPSK
20.045419858737155,QPSK
26.87436304195736,16QAM
1.7336459105959245,64QAM
4.219600177010002,16QAM
21.498958101060943,16QAM
13.118449447338527,64QAM
12.106458624410651,QPSK
4.108999036327075,QPSK
15.203101221533643,16QAM
3.7963593358913172,64QAM
14.298613689316213,QPSK
22.9084589688497,QPSK
7.747930736614905,64QAM
14.42358504539182,64QAM
29.76047908190507,QPSK
20.59951270062112,16QAM
25.240703139155958,16QAM
12.445428196816373,QPSK
23.03582769377566,16QAM
1.215275188239655,16QAM
3.687335476267349,64QAM
6.092117787601864,64QAM
12.058557738456587,64QAM
25.372346349772894,16QAM
10.387981523637915,64QAM
19.638635805463885,64QAM
21.2794288441045,QPSK
17.58547062265024,64QAM
10.717259045104086,QPSK
17.31160025140633,16QAM
10.267967783692386,64QAM
2.5162121565603623,QPSK
29.784119345580432,QPSK
3.815473608975327,QPSK
2.1704515150817203,16QAM
26.355922476214676,64QAM
9.055039826786853,16QAM
19.50890922220523,QPSK
9.870171889866985,16QAM
11.743628123834135,16QAM
7.863389160503895,QPSK
10.291320173790306,64QAM
12.321012017596294,64QAM
21.612482072770288,16QAM
15.346085827043755,64QAM
28.30695651470931,QPSK
1.2564118151632653,64QAM
15.092049678960844,16QAM
17.526743664951542,QPSK
27.605909582228218,QPSK
1.4747557086428276,QPSK
17.20498754805648,16QAM
25.608897855838713,16QAM
7.257831843577097,64QAM
26.288770455718122,16QAM
0.5713022782287547,QPSK
21.97363887401189,16QAM
27.99339663505959,16QAM
19.715929849201867,64QAM
13.170877319413439,QPSK
1.3464304941815408,64QAM
27.60341439967886,64QAM
14.108886680747244,64QAM
0.8699023300784403,QPSK
20.694632139862858,64QAM
14.455117607287745,QPSK
3.730359523272322,64QAM
6.428154279307787,64QAM
1.9347204136753882,QPSK
17.228806191257206,16QAM
18.660884377560276,64QAM
15.172268950663332,16QAM
24.513063990078447,64QAM
25.830264639240408,16QAM
18.4687319004938,16QAM
0.3826943912229164,16QAM
20.856889672432068,16QAM
12.539976507610547,16QAM
16.96672449679161,QPSK
19.472418060566532,16QAM
10.507098429812302,QPSK
27.51295515515383,64QAM
4.019246002493436,QPSK
20.145354218431123,16QAM
0.13078739869741285,QPSK
27.739533162155425,16QAM
3.3751239971427447,QPSK
2.8465269044272388,64QAM
9.990228991567328,16QAM
11.206988581172418,16QAM
6.429002169686359,QPSK
17.55364982781374,QPSK
13.287422941258907,QPSK
1.0252676712326225,QPSK
9.589561867659018,QPSK
24.312987407195116,16QAM
20.69104604585606,64QAM
21.746125607396415,QPSK
20.943507722505707,16QAM
9.329190641491,64QAM
2.9899176623032764,64QAM
8.17401552099288,QPSK
24.95355900555478,16QAM
29.414123933492135,16QAM
14.81541044224684,16QAM
0.2910106476912666,16QAM
4.2013443640268715,16QAM
9.662417259487974,64QAM
17.35756045778849,64QAM
2.252809374159419,64QAM
28.300718961296447,16QAM
10.952510198532021,64QAM
27.37752653774469,64QAM
23.415654082710653,QPSK
22.663118175467435,64QAM
18.20158739346696,QPSK
18.80351451155534,16QAM
19.140097056487445,16QAM
18.861641610767464,16QAM
16.611846941950837,16QAM
29.592420554486665,64QAM
21.968717022770882,QPSK
23.308391651775636,16QAM
26.173884452510226,16QAM
6.469192881775475,QPSK
2.5141247728518232,QPSK
14.486833097957959,QPSK
15.422420868578195,QPSK
24.87545339849753,QPSK
13.31350737847007,64QAM
17.12559076632938,QPSK
15.81212815540375,64QAM
1.1460835127217317,QPSK
18.45644689790742,QPSK
24.84129857322757,16QAM
4.725016442274114,16QAM
17.829952017797872,16QAM
17.80831633339243,16QAM
4.925548921690762,16QAM
3.703907211922081,16QAM
29.401558289294545,QPSK
11.811575089591127,QPSK
6.822651861705879,16QAM
5.139736333631248,16QAM
20.028051407497053,16QAM
18.283358919818365,QPSK
19.306563689622525,16QAM
2.6401808253435677,16QAM
26.80603750495311,QPSK
11.67799190427145,QPSK
9.401082192910739,64QAM
13.870843417432177,16QAM
11.701981972428847,QPSK
25.907310094174377,64QAM
27.877829255936764,QPSK
9.103596493488187,64QAM
25.918074223798644,64QAM
23.445693885992014,16QAM
27.924230170342852,16QAM
7.372509365576635,64QAM
17.308774503629373,16QAM
8.236337542213338,QPSK
24.722834714531228,QPSK
0.15972571713192774,64QAM
16.944574886591884,64QAM
10.17610293815754,QPSK
9.680511212334608,QPSK
19.347189715947508,64QAM
25.54453347941982,QPSK
18.275861741799787,QPSK
25.595189359401676,64QAM
7.937913356430899,16QAM
15.585055642949433,QPSK
13.516096172012281,16QAM
0.34934698509288653,16QAM
16.704364294222202,QPSK
19.845729724385247,16QAM
17.757432132572102,64QAM
22.088396963502646,QPSK
17.140185853592314,QPSK
2.0025076455227078,16QAM
3.493365722541343,QPSK
17.89423732631857,QPSK
8.249375759209205,16QAM
2.3893538710429754,16QAM
12.888082303456404,QPSK
16.629677942509662,QPSK
9.862379650488197,64QAM
21.61301106677334,64QAM
19.31311824303734,QPSK
9.984550832750159,QPSK
22.64617586725682,64QAM
19.460851275991065,16QAM
19.12336136153706,QPSK
16.60283102361204,64QAM
0.34169004265658387,64QAM
20.895215504306673,QPSK
11.281253733274694,QPSK
28.278291304759666,64QAM
24.53954313231616,QPSK
17.630834085939366,16QAM
7.565459454578082,QPSK
6.111521798329997,64QAM
10.211545130326474,64QAM
14.297038307400555,QPSK
8.881965301168414,64QAM
15.447884861774483,16QAM
4.961112765395578,QPSK
29.331384384765,QPSK
3.237736648949816,64QAM
27.958324189631163,16QAM
27.407340342080847,QPSK
15.76081445458494,64QAM
21.747308155082532,QPSK
13.081448939177635,16QAM
18.901037326273144,64QAM
10.21727812263356,QPSK
9.03477059356336,64QAM
17.34689358508541,64QAM
14.94389022551941,16QAM
17.386091074499433,16QAM
8.599817438610689,QPSK
11.008734954509858,64QAM
2.5169388188672794,64QAM
1.5682911681661715,64QAM
7.6037138901904875,QPSK
2.2274057799163725,16QAM
3.113241259042221,16QAM
24.387852161818113,64QAM
1.166210910500679,QPSK
19.76828381804228,64QAM
8.176732464462015,16QAM
26.146370421243795,64QAM
14.549768537324987,64QAM
9.167293779834772,64QAM
15.529168070683037,16QAM
11.458740571358065,QPSK
16.929031940094905,64QAM
3.435986049790447,16QAM
29.909715084376533,64QAM
12.766676330901527,QPSK
10.44691919122106,64QAM
21.306295449487948,QPSK
10.916982194859974,16QAM
24.99822915086273,QPSK
13.628121730812758,QPSK
21.586752397963046,16QAM
3.223596493256596,QPSK
25.383575566653352,QPSK
22.071539603343297,16QAM
6.351503353858971,QPSK
4.358580292373599,QPSK
9.488770461768732,64QAM
29.28211758095713,QPSK
7.704947237011758,QPSK
13.683816268399,QPSK
0.9006067715200894,16QAM
11.916825886986976,QPSK
17.139600462993084,16QAM
28.593738375238953,16QAM
15.502081348201934,QPSK
24.573219785330632,QPSK
16.413829277067016,QPSK
1.223550403065543,QPSK
9.450248255693221,QPSK
17.266485234933096,QPSK
28.51781897793373,QPSK
25.773910792537,16QAM
6.850668425365429,64QAM
6.603294900574905,16QAM
6.035189013417023,QPSK
27.674966889075094,64QAM
25.57998459305162,64QAM
23.246502967588462,QPSK
11.782053426726828,QPSK
15.131421128963003,16QAM
13.929952343854584,64QAM
7.601943226781179,64QAM
15.150841384463009,QPSK
0.9148964355826339,QPSK
3.954311204923775,64QAM
26.597687885068392,64QAM
22.5503930109427,QPSK
12.686052271772612,QPSK
15.514510868516316,QPSK
11.099966578799323,16QAM
22.223396014820175,16QAM
23.52561537696239,QPSK
22.898555706094772,16QAM
21.67835174503349,64QAM
6.135130160783875,64QAM
10.139099377214363,QPSK
14.095363049510247,64QAM
9.923789742829669,64QAM
22.64820600474987,64QAM
9.88060572749864,64QAM
4.146962603560115,64QAM
11.971213561449122,16QAM
29.39743298347141,16QAM
6.776442388007276,QPSK
18.36475976829687,64QAM
12.98919149519119,16QAM
2.130737029479799,16QAM
14.636298179941784,16QAM
21.064929859449375,64QAM
15.396599274834562,16QAM
26.16318191239743,QPSK
8.66811049972748,QPSK
2.587475139118948,64QAM
28.096968349740184,QPSK
11.34589048584657,16QAM
17.292166543609,64QAM
23.76009378390588,QPSK
9.729409916267418,64QAM
21.484936145328334,16QAM
4.062565494534841,QPSK
8.738812416165159,16QAM
4.3413190840955975,QPSK
24.336916752040736,64QAM
6.679477056803561,QPSK
21.522106662156308,QPSK
28.29895191736958,QPSK
15.833166272066311,64QAM
16.20087576782063,QPSK
13.831007042934361,16QAM
9.776704301809282,64QAM
14.269650927747513,64QAM
18.084225968002784,16QAM
29.57974716511978,64QAM
28.132936779546725,QPSK
25.864588748793654,64QAM
26.67391607114575,16QAM
14.035475498761288,64QAM
19.723329815323943,16QAM
26.852001688086425,64QAM
11.788522949740592,16QAM
28.852874350364065,64QAM
12.47358186207549,QPSK
18.03247996179647,16QAM
21.294141398171156,16QAM
28.51776039227815,64QAM
7.338488221567982,64QAM
22.383929347159267,64QAM
15.624467584322465,QPSK
8.056714218619232,64QAM
23.298205193891718,16QAM
16.566668405215395,64QAM
19.829214619490273,QPSK
9.687032057337031,64QAM
14.43821855482815,64QAM
18.520627529642013,16QAM
12.14732442809532,64QAM
5.95117619543104,QPSK
28.84921476945912,64QAM
15.344026201278522,64QAM
22.017611108631016,16QAM
12.331415806681743,64QAM
10.65395292077149,16QAM
12.21492895401375,16QAM
12.275899313569493,64QAM
16.325403478258607,16QAM
16.304096099440894,16QAM
14.91461447648615,64QAM
4.043573547523143,64QAM
14.882264355015934,QPSK
5.073117012619544,QPSK
3.784073588872955,16QAM
27.979371520235034,16QAM
18.148500394431128,64QAM
19.78470174373753,QPSK
12.053810110000914,QPSK
27.269426757445927,64QAM
19.137914687389966,64QAM
23.075096085707624,64QAM
11.056874070831416,64QAM
28.800356424573764,QPSK
24.61383870474945,64QAM
25.61845389043631,64QAM
5.1658280227726285,QPSK
8.128896236136585,64QAM
8.568797990507312,QPSK
8.127276697406135,QPSK
25.662244863128638,64QAM
0.9565438562577633,64QAM
2.282999669423229,16QAM
8.217446118897112,16QAM
5.996189239483309,QPSK
6.955788416485451,QPSK
23.938295677599,16QAM
16.893797816761406,QPSK
0.1731198387890398,16QAM
12.879682971125858,64QAM
12.236547805510767,64QAM
3.418358083336306,64QAM
20.284253658043713,QPSK
21.06291565138473,64QAM
21.62679657156293,QPSK
21.854128366757763,64QAM
0.001584807968904034,QPSK
28.617624115401664,QPSK
24.426263011639893,16QAM
27.119450897678558,16QAM
0.46929885922302406,16QAM
28.015763873572183,QPSK
24.293655860643142,16QAM
25.116574288760958,16QAM
2.798621541659055,16QAM
22.16334086755793,QPSK
28.79750068926273,QPSK
20.356420242544818,16QAM
17.116842138738193,16QAM
28.36889033246991,QPSK
13.28811365203308,QPSK
17.97880698931436,16QAM
14.290148804830986,16QAM
27.985386640808976,16QAM
2.282541802965218,QPSK
15.033591024760446,16QAM
20.60857324156315,QPSK
23.757196152667106,64QAM
17.49055942332409,16QAM
27.26753232364362,64QAM
28.25974340651615,QPSK
1.9295766958075056,64QAM
12.07111618624123,16QAM
0.7037706516346331,64QAM
9.882499721233287,64QAM
16.106046539118065,64QAM
27.323847915298465,QPSK
25.396629673962085,16QAM
3.8249918001595717,QPSK
2.790911242226871,64QAM
17.67802016270001,64QAM
15.96353917376348,QPSK
7.991329242900715,QPSK
26.983592536615056,64QAM
27.820992283846603,16QAM
12.07834315020488,QPSK
26.709076713405608,64QAM
11.51846682788918,64QAM
22.104504954891006,16QAM
14.278266526431725,64QAM
3.67749469521549,QPSK
27.838026037110644,64QAM
13.622897801326099,64QAM
22.03461120967211,64QAM
11.015214432938764,64QAM
0.5664263572870398,16QAM
3.0159107607550775,QPSK
14.886584384697732,64QAM
20.698930713790872,QPSK
10.042059797378371,16QAM
20.86465377532951,QPSK
20.959067682958683,16QAM
21.118077219834927,QPSK
14.775655620615252,QPSK
27.44658450364512,64QAM
14.675895539418468,QPSK
13.507955804899145,64QAM
5.98142457031881,64QAM
9.229652620690095,QPSK
1.2700347755491004,64QAM
19.006058808485108,QPSK
7.456072317812787,64QAM
9.124657634563953,64QAM
23.124435649929637,16QAM
9.816635494843617,16QAM
7.265876760394265,QPSK
5.071732474011172,64QAM
23.245752065458678,16QAM
3.891187739700807,16QAM
13.612612807510606,16QAM
15.207903482315832,64QAM
20.621697380571437,QPSK
18.998504469989864,64QAM
24.321620188355244,64QAM
1.3425430177871445,16QAM
8.893221743381917,64QAM
8.404023563261392,64QAM
4.380507167763247,16QAM
8.675347615693294,16QAM
9.292959424287103,64QAM
15.656533857824348,16QAM
19.91113436778768,QPSK
11.433015408354422,QPSK
21.584106939401437,QPSK
10.0849601573874,QPSK
8.70851031944281,QPSK
16.23564167571073,16QAM
0.7114908091737182,16QAM
2.3936737090200113,QPSK
12.539086307595811,QPSK
28.287381341752695,QPSK
21.64535339530271,16QAM
2.6437970850167325,16QAM
25.389540383426212,64QAM
21.96902311824543,64QAM
18.328395771079595,64QAM
24.608788818275322,64QAM
12.123295432288714,16QAM
6.6450315256155825,16QAM
15.36070167326278,16QAM
16.465252667804215,16QAM
16.14979116029736,QPSK
16.95221374440316,64QAM
28.461147547175425,16QAM
27.06736869288694,16QAM
26.271511096768183,64QAM
24.042504327258815,16QAM
28.30284321795856,QPSK
2.9548392503820975,16QAM
7.9536978433721846,64QAM
14.851678369637547,QPSK
25.396034793702157,QPSK
15.154971345681975,64QAM
22.44104218024766,64QAM
4.168797157467487,QPSK
7.572414389296806,16QAM
21.953282851130172,64QAM
4.9420202666317214,QPSK
10.540678039647803,64QAM
7.945987734407143,16QAM
10.495850826674355,16QAM
21.24972147233911,QPSK
11.03541543428403,16QAM
16.657899678238206,16QAM
2.997956311632289,16QAM
24.150530797038833,64QAM
11.096658769443746,QPSK
19.456024771000273,QPSK
21.76168804985498,QPSK
6.289827663351012,16QAM
26.5402495486005,64QAM
18.486727548208588,QPSK
12.861754252544443,64QAM
5.470055507346586,QPSK
28.2690281370362,16QAM
22.652046123948754,QPSK
6.240736881997466,QPSK
10.131323241726735,16QAM
24.290227742642198,16QAM
20.87032989646017,QPSK
22.97352878147173,64QAM
13.236033066387972,16QAM
21.494287879265006,QPSK
11.594811685917412,16QAM
6.337887508145893,64QAM
18.9803110452408,QPSK
29.280417767963826,QPSK
9.318029141859888,64QAM
13.829087766376189,64QAM
20.22004113209561,QPSK
16.245188463674637,64QAM
25.302833871271478,64QAM
22.852281194085478,QPSK
1.7489161158707112,16QAM
29.952637017713222,64QAM
22.572073611584017,16QAM
25.917099488823396,16QAM
19.535931362860392,16QAM
25.688553841402868,64QAM
3.371489247861282,QPSK
10.432135066779468,QPSK
26.29262830813478,QPSK
6.049656338006767,QPSK
2.347262957400682,QPSK
23.64356819835657,QPSK
25.064584669298885,16QAM
4.879566545697019,16QAM
25.630379483481462,16QAM
20.603033867915087,64QAM
15.602480496497517,64QAM
24.90750578344155,64QAM
12.577477479568973,QPSK
5.819818686701916,16QAM
8.54558029831841,64QAM
15.154920548799444,16QAM
15.939923780195272,QPSK
24.16742479323701,16QAM
23.740581709570034,QPSK
17.440996716137246,64QAM
23.42356450096429,QPSK
5.7532037488101295,QPSK
1.5019358127988303,16QAM
26.209014679041005,QPSK
2.266634812883087,64QAM
7.400652892319918,64QAM
20.859568488731536,QPSK
12.283438128819274,16QAM
26.289419097465263,64QAM
8.939393839868085,64QAM
0.35614040008077885,QPSK
9.019669216822324,QPSK
17.34225147554495,64QAM
11.2781512620988,QPSK
16.046182672762658,QPSK
26.29794356505056,64QAM
27.374551626911057,16QAM
7.979221939623363,16QAM
13.864214198097022,64QAM
16.474320457243536,QPSK
28.47337370664741,64QAM
29.95851957493154,64QAM
7.0622174652458,QPSK
21.809396140374464,16QAM
11.340931866995854,16QAM
0.24324590658639678,QPSK
0.27757567307707065,64QAM
13.816980226867672,QPSK
14.65004739013004,64QAM
0.6770908972032796,QPSK
20.607822503229073,QPSK
8.820101657848593,16QAM
16.79679304607848,16QAM
9.027572194962563,QPSK
5.014029446079215,QPSK
12.215212157966258,16QAM
6.968200943715023,64QAM
16.04402930757504,16QAM
5.964855908594399,64QAM
15.252179299338811,16QAM
4.721355446066027,16QAM
20.12924128457355,64QAM
22.61813053324272,QPSK
3.3118270274980133,16QAM
14.034072361120176,16QAM
2.1261510196462075,16QAM
17.94547336626007,QPSK
7.932128937889361,16QAM
15.828733705161236,QPSK
15.523830281528735,16QAM
27.730630385814013,64QAM
16.472496677061688,16QAM
17.489954391549468,16QAM
12.04959377293141,QPSK
28.472388095484504,QPSK
23.31557728318829,QPSK
8.562158709085248,64QAM
25.32628757328696,64QAM
12.9718908055527,QPSK
24.86001430600782,64QAM
24.686642048805062,QPSK
5.666105602885631,64QAM
21.034233941507306,QPSK
8.719289079195933,QPSK
8.924780099780046,64QAM
8.890442306417421,16QAM
21.767047426798445,QPSK
6.894781253776082,QPSK
0.027175057382706758,16QAM
21.457105604478993,QPSK
5.135542315053758,QPSK
3.1344718592350396,64QAM
7.1254836178218035,16QAM
11.39701566968112,QPSK
14.277189824196022,QPSK
1.3371012213789246,16QAM
29.117199978820814,16QAM
21.481891602586742,64QAM
9.695821959730084,64QAM
9.56091771856192,64QAM
13.45627648105378,QPSK
18.78734468289099,16QAM
4.391191997669033,64QAM
5.66789441294857,16QAM
25.783037485006528,QPSK
7.687647716672177,QPSK
11.405849939255326,16QAM
26.13815552850351,16QAM
19.894434881994677,64QAM
10.25135638025065,16QAM
20.510986371738625,64QAM
0.5904964614424113,16QAM
22.069279800340958,16QAM
14.610481215487184,16QAM
24.395464418533837,QPSK
28.63912956019405,QPSK
27.77365648483705,QPSK
27.277951303660224,64QAM
15.365098678016615,64QAM
10.804263424168141,QPSK
13.951059741920183,QPSK
20.696880099400822,16QAM
26.519933306135602,16QAM
6.209589090003586,64QAM
27.54579475385109,64QAM
24.455406959096674,16QAM
29.36568045534704,64QAM
26.407553198450614,QPSK
8.398119890757199,16QAM
3.178677340321431,16QAM
3.367232159747658,64QAM
8.736699557348283,16QAM
18.42551171953618,16QAM
24.129609782915175,QPSK
26.977509209446943,16QAM
18.712601531076984,16QAM
0.16893938244161188,16QAM
5.589503295556005,16QAM
2.9917861156010384,QPSK
10.8997342670703,16QAM
15.040529809012376,QPSK
1.3019153573568254,QPSK
10.45433927386966,QPSK
5.375390238759677,64QAM
19.412104987766217,64QAM
13.9281710797302,16QAM
14.859529408017263,QPSK
12.830753641003833,64QAM
28.68059131459701,16QAM
6.442053753646897,64QAM
15.49992779531623,QPSK
22.08052105096008,16QAM
16.705332394036876,QPSK
27.870626571504033,QPSK
11.339050669238524,64QAM
13.91027417319534,16QAM
2.655669456441853,16QAM
18.269973331557853,16QAM
8.646359053443181,64QAM
4.809271185467066,16QAM
16.33593878713524,64QAM
15.969307901397318,16QAM
2.2761492367214267,64QAM
20.946463604834182,16QAM
18.713165719525588,64QAM
5.670518482394916,QPSK
14.083045864621315,QPSK
21.6096874943568,QPSK
15.883072216238295,16QAM
11.864672285507107,64QAM
9.670153742428308,QPSK
18.31181599932161,16QAM
28.173260949307217,64QAM
20.1523452143245,QPSK
2.242377109089465,QPSK
13.820549204464013,16QAM
26.72472394531883,64QAM
2.8338727740326064,16QAM
29.6662713641263,QPSK
28.47208180936264,16QAM
2.348234421896276,16QAM
28.00239961348665,QPSK
10.893977707783867,QPSK
25.341275012275876,64QAM
12.551500131398146,64QAM
13.225653381075476,QPSK
19.027292729326277,QPSK
23.2343225782795,64QAM
1.013674528447459,16QAM
17.79467986581403,QPSK
5.60198982292113,QPSK
10.378485535896088,16QAM
10.439059984656495,64QAM
14.07181020663461,64QAM
10.024092356285202,16QAM
3.2208335535200328,QPSK
4.368862155763543,16QAM
1.0031395668329302,QPSK
14.107472559862629,64QAM
28.633430845589658,QPSK
3.470256709443497,QPSK
28.387934790092462,QPSK
22.000845441962806,QPSK
19.124964088024896,QPSK
19.35833265970689,64QAM
24.801829451888462,16QAM
3.207595931394641,64QAM
15.142629706966252,QPSK
20.912734147822757,16QAM
17.60461335220691,QPSK
24.98337213069884,64QAM
2.1681512703405446,64QAM
20.72103118497498,QPSK
16.02083191154153,QPSK
11.374825919398303,16QAM
10.208249467020925,16QAM
18.624978983225787,QPSK
26.729861239327946,16QAM
14.885277783033459,QPSK
24.741694922307605,QPSK
12.064691455319025,QPSK
3.0718338837952963,64QAM
1.8451720937591565,QPSK
1.5400311397103272,QPSK
11.404504258730098,QPSK
10.117132525075261,16QAM
21.538110708677085,QPSK
22.284645047545975,64QAM
1.5256190650121948,64QAM
6.633697886670449,QPSK
8.22785550476699,QPSK
16.428359524284282,QPSK
4.335456717208508,64QAM
4.018236582000011,16QAM
28.31366667623874,16QAM
24.126087218933428,QPSK
5.419647062735109,16QAM
12.19703423716473,64QAM
10.668659977726966,QPSK
23.73012222196222,16QAM
15.306387494343662,QPSK
3.8354921098040107,QPSK
22.169761894687316,64QAM
11.906639346747568,64QAM
7.8877274289644115,16QAM
11.264958660621605,64QAM
14.932696908206891,QPSK
10.293465492510283,64QAM
7.257173177752735,16QAM
11.95506086411941,16QAM
0.5751873224969473,16QAM
23.174935382889416,64QAM
5.128346807027574,64QAM
1.3171384089191174,64QAM
19.610960787152376,64QAM
23.218083864710167,64QAM
24.414873947785296,16QAM
14.805275479817999,16QAM
6.1610455406995595,64QAM
22.116830317494802,QPSK
20.991392314630115,16QAM
7.388122023095197,QPSK
27.10223267588379,QPSK
3.13114374248487,16QAM
29.48064718773977,QPSK
25.80743432932394,QPSK
20.636959364372256,16QAM
28.162496648394985,16QAM
21.669335049711233,64QAM
5.713709910901378,16QAM
13.264684143384352,QPSK
2.145090729949061,16QAM
11.689722668643462,64QAM
22.24809059211626,16QAM
11.593300527924521,QPSK
9.908825264044022,16QAM
17.860671675309355,QPSK
26.16613586996685,16QAM
1.4274957763833729,64QAM
11.564113040992062,64QAM
4.747222254457881,16QAM
20.86062752195609,QPSK
3.1717368129340464,64QAM
19.944232757407335,QPSK
8.58542612393722,16QAM
5.967504412116741,64QAM
28.09057673474956,64QAM
0.555737302378676,QPSK
13.133318156687068,64QAM
0.6488097738538134,QPSK
14.50779144312987,QPSK
15.031421333832547,16QAM
9.64987414184241,QPSK
3.96485332575071,64QAM
11.29162613203426,QPSK
20.167888197976982,64QAM
23.471874259333774,QPSK
15.92251807164427,16QAM
17.69503183319267,16QAM
6.01849113373958,QPSK
8.619909996829483,QPSK
4.856868301570753,QPSK
7.478860500138341,16QAM
6.746603406765953,QPSK
15.583463591737129,QPSK
16.880662673721883,64QAM
28.348422624645135,16QAM
5.867119413045692,16QAM
19.25027130484488,QPSK
24.517778069625685,QPSK
16.807243913491575,64QAM
7.650109575032271,QPSK
7.876506900600006,16QAM
1.1775915921299973,64QAM
9.16332679645445,16QAM
22.338110370101404,QPSK
1.4255327162133113,64QAM
6.578858475144919,16QAM
21.18697495595346,16QAM
23.4795468846863,16QAM
13.659552301857852,QPSK
20.942230154359464,QPSK
11.63856505964676,QPSK
4.797397350723825,QPSK
11.944484805687196,16QAM
17.399034606094286,64QAM
28.441598455586707,QPSK
2.0625285626603196,64QAM
15.221822815348817,16QAM
9.867593346321732,QPSK
15.249350828300836,16QAM
0.7192634212959503,QPSK
9.39076064104744,QPSK
24.59604442581015,64QAM
16.618252015639126,16QAM
13.517474784483522,16QAM
8.565752151460188,16QAM
8.941275683740677,64QAM
11.493043007717533,64QAM
25.06712129893681,16QAM
29.016396204248053,16QAM
13.159661440511236,QPSK
11.800585162432855,QPSK
25.396523274595886,64QAM
12.807159619089107,QPSK
16.560545168869535,16QAM
6.928249937962333,16QAM
22.305076073372256,QPSK
15.959649548123455,QPSK
24.27103650721025,64QAM
23.421981900860093,QPSK
6.450143048100857,64QAM
21.469066516732873,QPSK
24.00163223854114,QPSK
10.383217223471853,QPSK
5.178273387068236,QPSK
0.0789646673876454,16QAM
13.527109592794446,16QAM
10.572981946165248,16QAM
16.647295014762268,QPSK
5.641232777663573,64QAM
25.789966429994255,QPSK
7.73265646884329,16QAM
6.7928881526295,64QAM
14.421421694530679,64QAM
14.965530712328228,16QAM
6.452556863552785,QPSK
8.155821801777472,64QAM
5.091157174657348,64QAM
21.553805349695004,16QAM
23.102670937622456,64QAM
13.869854923778478,64QAM
21.422610680550523,64QAM
22.078061758123365,QPSK
4.148265830334258,QPSK
28.9853407450361,16QAM
24.63095841289293,QPSK
6.134503835874705,64QAM
5.584951072382108,QPSK
3.7698343673874826,64QAM
4.151356876257552,64QAM
22.444853970860883,QPSK
14.089627708548706,QPSK
23.488025182196015,QPSK
22.387646830506164,QPSK
18.138381405156647,16QAM
20.590998197360385,QPSK
0.5506717313742537,16QAM
9.353329404150658,64QAM
19.134665377782305,16QAM
0.280348604587326,64QAM
0.9893083104778022,16QAM
25.556639474111496,16QAM
20.520745850762154,64QAM
7.961091993610319,16QAM
20.63888520356127,64QAM
23.7737000741779,QPSK
9.203828493303037,64QAM
1.0811213249756235,16QAM
27.983373740632036,QPSK
10.355395148868915,16QAM
3.1944528985411913,QPSK
14.755706141794422,64QAM
23.054033869924016,QPSK
6.649419438526775,QPSK
8.0847015040009,QPSK
7.281449603957495,16QAM
29.750191584950343,QPSK
5.922112011916276,64QAM
17.26560650898372,64QAM
27.75793924970893,64QAM
4.406897066333377,QPSK
29.125625936031007,64QAM
28.42431703186874,16QAM
26.537159611747878,64QAM
6.436695639900067,QPSK
19.0216516803295,64QAM
22.826744188837203,QPSK
29.58083784589289,QPSK
5.412714662441113,64QAM
22.980776985578892,16QAM
10.16403509781339,16QAM
5.26879396704007,64QAM
12.641308236415648,QPSK
23.815077364458492,64QAM
13.945494111121565,QPSK
16.125693006091456,QPSK
29.854782306003635,QPSK
11.97327898672278,16QAM
18.462022641277194,16QAM
10.957326048461155,64QAM
11.783569389861148,16QAM
20.869222603362243,QPSK
28.136609282846504,QPSK
16.270768514769642,64QAM
23.051997868463395,QPSK
2.676196764508915,64QAM
6.334741122957809,64QAM
15.063949227585972,QPSK
0.6003517088632437,16QAM
7.585649362876764,QPSK
15.522038694748984,QPSK
0.44883594768902135,64QAM
7.936388586781251,16QAM
15.420924584276085,64QAM
17.19447743943737,QPSK
27.772550791659164,64QAM
19.360368697518236,64QAM
12.442074075899813,QPSK
27.910535313992035,64QAM
23.54648950163383,QPSK
6.000267633382428,64QAM
3.9252708404645933,16QAM
20.27434907228199,QPSK
16.796494967309513,16QAM
23.69020841378267,64QAM
22.164151502360593,16QAM
18.756346015725452,16QAM
29.591465148866767,16QAM
16.00769190331226,64QAM
3.393172695051595,QPSK
24.84820694447965,64QAM
7.555600870371269,64QAM
23.319064444317547,64QAM
28.713212880001542,QPSK
20.903865418930238,64QAM
17.88090482849403,64QAM
13.811585270251218,QPSK
10.932295979862097,QPSK
10.590142529155088,QPSK
19.09118117128772,16QAM
22.538193508132377,QPSK
20.35551208453243,16QAM
5.952303035806882,16QAM
14.819615404304736,64QAM
23.74920216549189,16QAM
14.271122345671687,64QAM
16.098698392064815,16QAM
23.134081445124664,QPSK
19.837959187952745,64QAM
12.280347626471778,16QAM
26.86238133582657,64QAM
4.877012059904358,QPSK
29.865493457709743,16QAM
3.5655773542871163,16QAM
0.44849913312716705,QPSK
26.700567034462942,16QAM
7.348605250978682,16QAM
21.890988823401628,64QAM
24.33046124796208,16QAM
25.769591730963505,QPSK
29.747827069925002,16QAM
8.821191301199972,64QAM
21.307300257817772,16QAM
3.4619957484248465,64QAM
12.204278740705481,16QAM
25.43915079937771,64QAM
11.02974138177325,64QAM
17.73286141606842,16QAM
15.113203311739023,QPSK
19.37854593336135,QPSK
29.186831681630846,16QAM
1.6720657950420637,16QAM
17.21884552504889,16QAM
25.89086337750854,16QAM
14.441481352452826,16QAM
2.3558155782471846,QPSK
16.816180572503125,64QAM
9.962216724714613,64QAM
4.648253560138077,QPSK
25.471035398504192,QPSK
15.647985389733648,64QAM
27.998292371372,QPSK
24.180495138092073,16QAM
20.78915381321002,QPSK
0.15076510095935802,QPSK
12.834703699147498,QPSK
5.924588449560969,QPSK
27.323937331466034,64QAM
5.237519540290808,64QAM
8.581801549778564,64QAM
15.505103032034974,64QAM
7.900908569942377,16QAM
6.295940318373635,16QAM
17.972979753082573,64QAM
2.6678856826507156,64QAM
1.7450327616277417,64QAM
11.167358855582142,QPSK
21.61993363523587,16QAM
16.64420274821844,16QAM
12.686294054003366,QPSK
16.972546926737472,QPSK
10.963544539598209,QPSK
28.084390062963386,16QAM
1.6471467273232299,QPSK
20.201744370895057,QPSK
26.738479944832516,QPSK
24.116541262057602,64QAM
5.521231044643402,QPSK
8.877790469408652,64QAM
21.511438161213142,16QAM
2.528116775422966,16QAM
24.355850994977523,16QAM
21.56720833814371,64QAM
21.888199477060276,QPSK
3.007241108027742,16QAM
21.532816344486925,QPSK
20.3945437565991,64QAM
24.927674724655517,16QAM
1.247878687694085,QPSK
0.6933200540337658,QPSK
11.190212996356822,16QAM
4.463648515474587,QPSK
16.751534327106658,64QAM
27.520467045202466,16QAM
11.744391910020472,16QAM
25.348511318178126,16QAM
0.007226235535994219,16QAM
5.055439303775526,64QAM
0.9127061896225686,64QAM
9.844415415452058,QPSK
27.245687870895086,64QAM
2.9085637079696323,QPSK
18.19229330231401,QPSK
13.544878173583326,16QAM
28.154046370974374,QPSK
3.6755742761128154,16QAM
6.360835515066868,QPSK
0.8862590583447982,64QAM
13.018057488941214,16QAM
8.33498698693963,QPSK
26.097178016709627,64QAM
18.14822439593265,64QAM
18.422722139271052,16QAM
15.957320906439072,16QAM
2.75551011687603,16QAM
13.350560511760657,QPSK
29.985155691255496,16QAM
25.056878725380443,64QAM
26.80377162501348,64QAM
24.696790777394984,16QAM
3.0912508029294807,16QAM
6.823447621943989,64QAM
0.09364954069228881,QPSK
9.105303746343344,64QAM
3.258222070394777,64QAM
14.18380035904749,64QAM
20.313824657217058,16QAM
26.235158851142312,QPSK
22.476514952726944,QPSK
28.157567873355156,16QAM
1.6169487118136638,64QAM
0.3653950624962432,16QAM
19.84014341508638,16QAM
8.680572306667386,QPSK
7.605030483173194,QPSK
9.926612630813828,16QAM
8.093881736770925,16QAM
15.343092189047617,QPSK
13.204453416723975,QPSK
15.37285654129969,64QAM
20.181408345013086,16QAM
11.613915269134448,64QAM
7.539230614264704,64QAM
4.986016104262364,64QAM
10.484223585978766,QPSK
22.254194257385162,64QAM
22.701147303344086,QPSK
20.00716160052631,QPSK
7.020845259206237,QPSK
17.642587375640932,16QAM
17.12068984730544,64QAM
14.527985943291764,QPSK
16.499369591515926,16QAM
14.753718978710042,16QAM
16.963690982223245,16QAM
21.465178638633862,QPSK
3.288845832103192,QPSK
22.48877256447071,QPSK
4.076584503827826,16QAM
1.998839952311241,QPSK
29.282390586644027,64QAM
28.709753066113244,QPSK
1.8130963482169216,QPSK
13.297603244248865,64QAM
5.587348148993242,QPSK
14.560346914032543,QPSK
24.90531728998762,QPSK
28.518353242286707,QPSK
19.027579603546123,16QAM
10.61717001635451,QPSK
18.099766969337953,64QAM
9.36003918325351,64QAM
27.29470922496181,16QAM
26.11201389317511,QPSK
16.74695250838983,64QAM
9.743967461410817,16QAM
8.80169026748935,QPSK
1.0025398411517839,16QAM
24.474625530758857,QPSK
13.511496391170239,16QAM
9.753987852007933,16QAM
14.133310649932616,64QAM
24.56213971363956,64QAM
3.7384262312256356,16QAM
25.72967964725482,QPSK
26.92526505325062,QPSK
28.401237451016645,QPSK
11.924639772678834,QPSK
6.514212121130156,QPSK
11.209224554000954,64QAM
9.987362886942098,16QAM
5.284617375085801,64QAM
18.218000103044638,QPSK
14.298724815258867,16QAM
25.97102976972011,QPSK
0.9632874144617476,QPSK
19.31603782665379,16QAM
22.888466355346832,QPSK
22.78459707564921,64QAM
26.582219012865753,64QAM
21.871012284884824,64QAM
27.83430184943089,QPSK
9.979697994626743,64QAM
15.096282502546291,QPSK
0.42238989848672026,QPSK
0.20872761909873638,64QAM
7.2037986135455965,64QAM
3.024215914172558,QPSK
7.806341038072608,QPSK
5.311298835851922,QPSK
0.8556007451594472,QPSK
27.279124392181483,64QAM
0.24669394166674574,QPSK
22.08246433011256,QPSK
4.564436607585495,QPSK
27.366888659988,QPSK
26.783878187696573,QPSK
19.61703439107772,16QAM
20.167024494018154,16QAM
0.1601742590906563,16QAM
29.54614698340806,64QAM
26.33497810727443,QPSK
26.85318677190276,64QAM
19.777336111526157,QPSK
10.343607859636096,16QAM
26.809459472714423,QPSK
8.745507844535771,64QAM
16.881346300266085,64QAM
2.991929170316472,QPSK
27.658668903982505,64QAM
4.2231137331364,16QAM
6.7469041719122185,QPSK
16.74402474384645,16QAM
22.922790006389448,16QAM
18.58053917808897,64QAM
6.964017384004685,QPSK
0.028291275824710027,16QAM
22.714517409223177,16QAM
29.55621977733281,QPSK
24.297393609182713,64QAM
13.80619854469846,16QAM
27.113017841973196,QPSK
12.295430193550501,QPSK
15.748022527304027,16QAM
14.313893021870497,16QAM
13.428716179965749,16QAM
23.255723078817173,64QAM
15.80306721808476,64QAM
9.501513660756482,QPSK
7.74474502975435,QPSK
1.1324195090230016,16QAM
17.49585485649138,QPSK
6.898842462031026,64QAM
4.444017660491493,QPSK
19.61489891483033,QPSK
20.436277734646467,16QAM
22.56464676772998,16QAM
15.107306890157744,64QAM
26.8216381561166,QPSK
28.090282601946836,QPSK
24.221128193774682,QPSK
19.06780446024562,16QAM
9.11162860773566,64QAM
29.488347648606634,QPSK
8.22408501575815,QPSK
6.079707659712932,QPSK
13.264623413597484,QPSK
1.7052171213716538,64QAM
29.354833940153725,64QAM
17.653006692492745,64QAM
16.708562749925257,16QAM
19.673888396991597,QPSK
14.9107094333162,QPSK
0.9619055128362475,QPSK
18.369338665211902,QPSK
21.48521630869292,64QAM
12.502471818721595,16QAM
22.718867162135787,16QAM
6.810038980152618,QPSK
6.638297731985521,64QAM
4.842509630627219,16QAM
11.159842793674855,16QAM
25.410361061672507,QPSK
24.83736186447193,16QAM
11.484726238905115,QPSK
17.6735620794071,64QAM
21.62448949424747,QPSK
7.236203238840689,16QAM
5.044232576842412,QPSK
29.16287979636933,QPSK
18.526719396288556,QPSK
29.442471655009918,QPSK
10.132679613966873,QPSK
21.090950999223946,QPSK
6.678109096237131,16QAM
7.836005138217388,QPSK
15.35706363808872,16QAM
9.588543765242136,QPSK
5.028646915217534,64QAM
7.88642105967978,QPSK
1.0724518339759392,16QAM
21.132708644324598,16QAM
14.763499712575848,64QAM
2.827291992135769,QPSK
5.150819793854736,64QAM
3.07603614337932,QPSK
18.377784248276296,QPSK
2.826310908374814,16QAM
22.628469991056484,64QAM
0.6153275796117352,64QAM
7.481273639876763,16QAM
26.720000276757215,16QAM
21.55593954366738,64QAM
2.1890499877706313,16QAM
24.633783134555394,QPSK
14.791053646206144,64QAM
25.403490815064877,64QAM
18.022193233511803,16QAM
20.45499096098576,QPSK
29.805046811871243,64QAM
6.970066377720546,64QAM
18.71836724284165,QPSK
13.80964170172195,16QAM
1.183558587680743,16QAM
0.434119245085951,16QAM
3.5768573345357604,16QAM
19.472752216156444,QPSK
17.014892637401765,QPSK
16.60288683491182,64QAM
0.9557028758478026,64QAM
14.079089890800212,QPSK
27.738684535275855,64QAM
11.927756079319398,QPSK
18.74767409365369,16QAM
23.394560268694306,QPSK
23.517758374256626,QPSK
15.57840247185814,64QAM
25.73855836207009,QPSK
11.74134280091241,16QAM
26.66079644354395,16QAM
7.206814991866359,64QAM
8.40649220971713,64QAM
1.593618725970033,QPSK
23.867455096268486,64QAM
12.511657086981167,16QAM
6.873498417341971,64QAM
6.95370832849739,64QAM
27.041998236876996,16QAM
25.017498013831105,QPSK
16.6059265607155,QPSK
18.483324012471634,64QAM
14.22976711650873,16QAM
11.749996286364265,16QAM
27.464306436549943,16QAM
3.768381105609062,QPSK
12.553403691486839,16QAM
10.33685723963626,16QAM
14.944521607534451,QPSK
13.728956236355252,16QAM
15.566685949532443,QPSK
4.1975693168098225,64QAM
15.394245045398312,64QAM
7.272564416616326,64QAM
5.529940469645737,64QAM
1.9450265635857367,64QAM
22.879576762684227,QPSK
12.8232576256968,QPSK
18.79931049935275,QPSK
21.8278002991423,16QAM
20.379499959406605,64QAM
14.115021572690468,16QAM
11.636955868551894,16QAM
11.278797289219911,16QAM
19.20146390790169,64QAM
14.843830648256201,16QAM
25.47396743965532,64QAM
26.241059529801362,64QAM
5.116811340195554,64QAM
4.087009546371769,16QAM
18.912027781079985,64QAM
9.036772441868383,64QAM
0.5571215629529658,QPSK
26.659280080888653,16QAM
6.807023017314248,QPSK
27.87841955057427,QPSK
21.52303352634761,16QAM
22.87960469734453,QPSK
6.0438448737948125,64QAM
7.0258327685043875,QPSK
15.638032614721972,QPSK
5.162995579495865,64QAM
9.162950780490968,QPSK
9.643874338434134,64QAM
4.7888979975829225,16QAM
6.155485001854823,QPSK
23.656555260247696,16QAM
5.015875636418051,QPSK
0.8537217553176746,64QAM
18.880648278868154,QPSK
29.2794935817735,16QAM
9.936414438693642,64QAM
3.559671095887569,64QAM
17.111619761025924,16QAM
27.190626332869385,16QAM
23.521853394854364,QPSK
18.67547605238148,QPSK
9.45169489822798,64QAM
16.2564051982866,16QAM
2.737345239127661,16QAM
20.3683627284201,QPSK
21.752880566929527,QPSK
28.950948687297565,64QAM
7.811920762352149,16QAM
0.5536925712906793,16QAM
16.36825393281452,16QAM
21.203715131904435,16QAM
23.71222427648964,QPSK
5.812167990744318,QPSK
7.85258607111071,QPSK
15.37772775801889,64QAM
9.918024299100056,16QAM
25.81534459762335,QPSK
14.212804612161609,16QAM
23.98735932306009,QPSK
17.418592814470614,64QAM
23.19270424851336,QPSK
9.980189595909716,64QAM
24.942498657909336,16QAM
8.237169466530647,QPSK
16.382964240098723,QPSK
6.420213395216226,QPSK
14.2657956487858,16QAM
9.545256285261095,64QAM
8.001102919116427,64QAM
29.009550540841126,QPSK
4.8022231646019184,16QAM
23.61977512372186,64QAM
29.52494878449645,64QAM
0.5970445122023349,64QAM
20.97082242126285,64QAM
7.5873541666886135,64QAM
1.2146347298491333,QPSK
12.086687368698923,QPSK
28.05653430512625,QPSK
0.3529528310099306,64QAM
17.636570757893452,64QAM
15.04189435785973,64QAM
26.201524931131424,QPSK
2.52005143561877,64QAM
20.44578089659951,QPSK
20.40329095299832,64QAM
20.072400505868497,QPSK
28.270034848051107,16QAM
24.692625870206413,64QAM
1.2591817873051803,64QAM
14.132485521135395,QPSK
11.938591686040004,64QAM
9.304416632724061,QPSK
13.540101754622919,QPSK
11.525825547779323,16QAM
12.97001699635996,16QAM
29.377855968259276,64QAM
2.658989242487423,64QAM
27.666926095161894,QPSK
14.4071014041308,QPSK
18.712267364986236,QPSK
24.905488998530817,QPSK
10.813890874477666,64QAM
12.912657242639007,16QAM
12.285554408361419,64QAM
11.241930676072796,64QAM
27.76587964940685,64QAM
24.867896735790364,16QAM
3.269999695889283,64QAM
3.2437005743128813,16QAM
12.836085445589735,QPSK
2.9597213019842714,64QAM
18.57279285813359,QPSK
4.310748217852018,QPSK
15.671197919004031,QPSK
0.21659841011153258,64QAM
9.497890452379401,QPSK
20.315721710179663,64QAM
14.521168206835453,QPSK
29.348084579969644,64QAM
26.223113881986325,64QAM
10.772123371294537,64QAM
1.364596244168238,QPSK
25.368789003450566,64QAM
27.33702930944014,QPSK
24.618821802571105,16QAM
3.838498227592946,QPSK
29.93745403236863,QPSK
7.757526646583215,64QAM
21.726147384251103,QPSK
27.241046290071647,16QAM
7.070613429921283,64QAM
27.247756640311984,QPSK
9.284447375846009,QPSK
29.292396671521683,64QAM
8.437800611414238,64QAM
28.603074742735053,QPSK
1.6063395267802472,QPSK
21.27816035009439,64QAM
15.96333401511011,64QAM
14.336312313681919,16QAM
6.704829427675199,16QAM
21.16787369329476,16QAM
5.724284743389213,64QAM
16.585253879543046,64QAM
7.597360891207524,64QAM
28.668641393440684,QPSK
0.8589358150695847,64QAM
5.991848403337096,QPSK
7.269318191623432,64QAM
12.422034773034493,64QAM
6.981907256101606,QPSK
14.740472708063558,64QAM
26.17396569775617,64QAM
21.361902642275123,64QAM
17.39885941605333,16QAM
2.6700953394803895,64QAM
20.819763251678268,QPSK
4.992428529328196,QPSK
23.59102157885094,QPSK
7.501702755304596,64QAM
12.511461849627027,QPSK
10.514106069537837,16QAM
25.764417440245705,QPSK
3.796333761402244,64QAM
16.96934647154366,16QAM
4.261848283291867,QPSK
21.1438750839656,16QAM
27.152343833834436,QPSK
13.038229616017603,64QAM
14.642767807949276,16QAM
27.822685094482868,QPSK
15.629741659480715,QPSK
14.627953141486827,16QAM
17.349873081129125,16QAM
20.676892090888558,16QAM
3.2065012526109413,16QAM
24.633315832245483,QPSK
13.065150823597778,QPSK
2.1704552969245663,QPSK
23.585480075946393,64QAM
11.308499150588162,16QAM
3.011024852851618,QPSK
19.013371186297515,16QAM
26.40394060300925,16QAM
26.63260528241959,QPSK
28.729904244269196,16QAM
26.03116379300064,16QAM
0.06422758036425669,16QAM
11.407234992401706,16QAM
24.55627739716509,16QAM
10.987590179954227,QPSK
18.046455191391185,QPSK
18.18950842123596,16QAM
10.950759121164692,16QAM
27.13421781843863,16QAM
15.096850361583527,64QAM
13.943526178125024,16QAM
29.925412369856875,64QAM
14.8050109221785,64QAM
5.351947557857431,64QAM
15.39208268590314,QPSK
24.4205020655979,64QAM
23.305809806948442,16QAM
23.65745295325413,16QAM
21.24071351993735,QPSK
7.626534872000646,QPSK
25.862522575206942,16QAM
26.803303961287952,QPSK
5.824580898556472,QPSK
3.9136690965418177,64QAM
29.268149057673362,64QAM
26.049718909511036,QPSK
26.7970844162984,16QAM
26.591291538731856,64QAM
16.25060472101185,16QAM
19.39205209997399,QPSK
16.36088556400925,16QAM
1.536190475709872,16QAM
22.36509256058318,16QAM
15.15996100007641,16QAM
19.431272243706893,QPSK
15.079194149266058,QPSK
14.754339669673678,64QAM
5.153673284333005,64QAM
8.361411454234469,64QAM
4.765580758318674,64QAM
5.869988868760273,16QAM
29.189321412609146,64QAM
4.593403373165953,64QAM
8.07811272915623,16QAM
17.71768973215755,QPSK
18.305357287099255,64QAM
4.6192238923148725,QPSK
23.81152277355637,64QAM
23.556086037384752,QPSK
7.1195311261167324,64QAM
8.659989080263813,QPSK
28.139635963784908,QPSK
24.770143379384344,64QAM
20.933910991875713,QPSK
2.466996645318016,64QAM
12.547922427077271,64QAM
16.779056162304812,16QAM
5.622338639513308,64QAM
13.446797463246735,64QAM
18.0307763246607,64QAM
9.821300403461976,64QAM
23.428344568514614,16QAM
25.213487449164163,16QAM
9.708284083022123,16QAM
25.159714634773714,16QAM
3.1072969830904507,QPSK
25.13187295867969,64QAM
4.582512950028498,16QAM
2.4878145752917815,64QAM
19.253262133230336,16QAM
14.15812097265883,64QAM
27.236718012384983,QPSK
10.895675882725476,16QAM
8.61456790312886,QPSK
15.02204718432595,QPSK
13.678385573059838,64QAM
10.332841386515648,16QAM
20.812238960949855,QPSK
22.78685501741725,64QAM
25.5895190709041,64QAM
29.185698141310287,64QAM
7.999685763975134,QPSK
21.482804474698845,64QAM
11.827747064872357,64QAM
20.312459158533244,64QAM
14.27945071047661,QPSK
29.813193083037948,64QAM
21.867064073722496,QPSK
28.574739013029735,64QAM
25.049086484435573,QPSK
27.087030334901133,QPSK
24.432575916440246,16QAM
13.774773911277341,16QAM
7.553653600406531,16QAM
11.109605263515666,QPSK
0.6070869791985134,64QAM
15.719795023940016,64QAM
15.15173400811226,QPSK
15.757513944914646,64QAM
29.220936749161915,QPSK
27.34362010364518,64QAM
4.85138334990324,QPSK
11.066475646676675,16QAM
12.718685383897858,16QAM
10.815987535549432,64QAM
23.954878908117394,64QAM
15.721130096027608,64QAM
17.162994509148753,64QAM
25.590406769637767,16QAM
24.17784460246076,16QAM
3.9663456846089904,QPSK
21.41743752250903,64QAM
13.063083867061065,16QAM
8.839467091875013,QPSK
1.5005646270655904,QPSK
14.617486810363529,QPSK
10.663100421735942,16QAM
7.545391190292024,QPSK
20.840151887908725,64QAM
23.08456161946761,QPSK
7.343685570882744,QPSK
1.4834231003804177,16QAM
25.46258101695705,QPSK
0.29879223612909955,16QAM
28.11337481764416,16QAM
18.828596219481177,64QAM
9.65539905603961,QPSK
7.394337287302086,64QAM
0.2701699279342573,64QAM
7.064142510326315,QPSK
4.131849045514233,QPSK
18.36498662169437,16QAM
4.996367657814039,QPSK
15.858895126098579,16QAM
17.703492670334125,64QAM
8.941250950407436,64QAM
1.0519484705615612,16QAM
1.117616418425883,QPSK
0.7904199658175282,QPSK
22.17374001409639,16QAM
9.540291144428943,64QAM
23.88900557902991,16QAM
12.951984715285475,QPSK
13.589943024898915,QPSK
15.386478075287211,16QAM
21.390943691253117,QPSK
8.205085974891212,64QAM
3.647620486005807,16QAM
16.681720055743845,64QAM
9.809328697282178,64QAM
13.274739410041121,16QAM
19.408401250119162,16QAM
14.823772234238119,QPSK
18.608364513025286,QPSK
16.326000063408834,16QAM
22.193891158082973,16QAM
21.1780985313486,QPSK
16.025696754258576,QPSK
20.367090625791207,QPSK
26.206788068178383,16QAM
12.968138633645058,16QAM
12.38289218246381,QPSK
22.927368625571404,64QAM
17.47661511125982,64QAM
2.1302034066776567,QPSK
26.76336047073244,16QAM
0.9234930671292041,16QAM
22.451890686292295,64QAM
22.763824281129388,QPSK
28.593332558457913,64QAM
1.6240322520696227,64QAM
17.905705823534728,QPSK
12.835217118811588,64QAM
9.91898864578626,16QAM
2.709556808972191,64QAM
16.879623590139275,QPSK
14.37122177023841,16QAM
3.136633744530728,16QAM
18.374685212912503,64QAM
22.138593607588152,16QAM
23.018349031609446,QPSK
27.161195647872823,64QAM
12.284122256663316,16QAM
28.59218305866411,QPSK
25.96288215248058,64QAM
8.89504713071817,QPSK
4.778491120483754,16QAM
13.061681883840402,64QAM
12.056961238678998,64QAM
17.271579159936127,16QAM
17.50158696983244,QPSK
22.49960953139926,16QAM
15.296698446168305,64QAM
3.1446792282229663,64QAM
25.748740066593182,16QAM
9.292937495555613,QPSK
29.13892380919776,16QAM
3.5358032603931044,QPSK
28.747535166975098,QPSK
2.7303542064755093,64QAM
6.931084138411784,QPSK
1.3973982625962478,64QAM
21.153394399169848,QPSK
25.508962097153752,QPSK
13.022132454479413,64QAM
27.85566225127289,QPSK
17.70897215266799,16QAM
18.900214063395698,QPSK
25.362576051023098,64QAM
8.904006151555167,64QAM
10.627971639828774,16QAM
27.17855757583933,QPSK
27.028904881162916,16QAM
29.294483286026125,QPSK
27.055149493250134,16QAM
3.8211610810008265,64QAM
24.711728584109622,64QAM
12.295154343287821,16QAM
29.724040678378138,QPSK
14.168428929864032,QPSK
16.615082475066618,64QAM
15.893247457703957,QPSK
9.652110895748333,16QAM
2.2506626667875453,16QAM
26.869536912057555,QPSK
24.080274375788605,64QAM
4.185803416790078,64QAM
23.303048140502185,64QAM
18.7753999815183,64QAM
12.27431363752867,64QAM
7.620634472866882,16QAM
25.791863505066974,QPSK
21.00564777882159,16QAM
16.432197284074107,64QAM
18.287056016953922,64QAM
2.7319854624654294,QPSK
14.217592827335757,QPSK
5.81100878357106,QPSK
6.251510370264761,16QAM
19.839118868606,QPSK
27.337684555028645,16QAM
12.112698314350396,64QAM
6.232478190365711,16QAM
19.462408117099628,QPSK
26.13561139050953,16QAM
22.449564033674726,16QAM
26.062716916097614,16QAM
16.09664013032398,QPSK
22.556287331075726,16QAM
4.201936780768094,QPSK
10.448238460895745,16QAM
11.686474934445673,16QAM
15.338872387381038,16QAM
27.87229080770471,QPSK
26.22889680666523,QPSK
4.035764768675536,QPSK
5.183689556473896,64QAM
10.72921648766734,QPSK
8.722315976720218,16QAM
18.44312859468787,64QAM
27.083281432936346,QPSK
28.868746250177605,QPSK
19.608088576056794,64QAM
25.1447760420326,64QAM
15.756066006923913,QPSK
6.249808405801192,64QAM
15.740652362804322,16QAM
16.652478043129534,16QAM
22.2737269264067,16QAM
6.596489691220473,QPSK
11.049311462601953,16QAM
10.92082407643699,64QAM
28.783187872234947,16QAM
13.318348809801568,64QAM
22.652819018944395,16QAM
22.524341441233172,64QAM
7.966325544097241,16QAM
17.156090681151962,16QAM
26.82908679955944,16QAM
14.255931583708483,64QAM
28.35352522027638,64QAM
6.433746879724848,16QAM
2.224773173220922,64QAM
26.74361619434248,64QAM
25.4304359388665,QPSK
29.77769627801534,16QAM
20.38180464337278,64QAM
28.100637800014486,64QAM
24.808470752523323,64QAM
25.332789993602606,64QAM
17.074247113628047,QPSK
11.470937937501326,64QAM
28.036742176298453,64QAM
12.963515268476835,QPSK
16.16458101749007,16QAM
13.383429213755631,16QAM
16.944549418805913,QPSK
14.115152369769815,16QAM
1.4390267573842763,16QAM
26.461445580230958,QPSK
13.331814567473094,64QAM
17.66830945522046,QPSK
4.175634082739611,QPSK
0.10163543947917408,QPSK
7.358702809309289,QPSK
21.137580964000506,QPSK
2.9758359033863577,64QAM
27.266623211594034,16QAM
6.450677080685537,QPSK
6.137808428753274,64QAM
5.445238848644865,QPSK
0.4194513891409424,64QAM
23.15416405434704,16QAM
26.251035937357756,64QAM
18.424881078485967,64QAM
5.645999450395869,16QAM
8.558339908226392,16QAM
14.277800920948899,64QAM
28.630378548699024,QPSK
7.420541154532284,QPSK
21.94937711759664,16QAM
13.183446698787609,QPSK
8.935420450800654,16QAM
13.677478110663412,64QAM
2.136201526236976,64QAM
23.960621127910873,QPSK
7.299057839489014,16QAM
21.762363695789112,QPSK
2.0504511434458417,QPSK
28.652956684970583,64QAM
5.790449562170958,QPSK
26.482262286212414,64QAM
24.284196288463033,16QAM
29.035797722442478,QPSK
14.336719828372487,64QAM
21.821918815378545,QPSK
11.121319711133522,16QAM
5.531047140590815,QPSK
13.292277988003464,QPSK
4.972470461653646,64QAM
29.461338683591517,16QAM
2.887394734221491,16QAM
17.67635170357861,16QAM
18.793915657621678,QPSK
16.142386286221626,64QAM
19.865576571355007,QPSK
3.485423250356728,QPSK
16.650555726158732,QPSK
8.616377133820846,16QAM
28.2052818990317,64QAM
22.86214960319177,16QAM
29.175434464792282,QPSK
1.1266820922056864,QPSK
8.55399525542126,64QAM
5.862677599150469,16QAM
0.334637619354915,QPSK
7.269771907389643,QPSK
20.363279505612866,64QAM
6.932667664037057,QPSK
15.270103364478548,16QAM
26.63454344894996,16QAM
20.812737610472258,QPSK
11.838872097180959,QPSK
11.174068167363249,QPSK
13.672074420254543,64QAM
5.311243231797191,64QAM
19.02002302247964,16QAM
10.924584573138166,16QAM
25.57096047786131,QPSK
22.69657980173449,QPSK
18.315394922764803,QPSK
10.926066679485482,64QAM
6.297954950204532,64QAM
23.284555923168686,QPSK
14.592272969732596,QPSK
6.742501145320725,16QAM
5.8552384512001865,64QAM
4.9620271350407705,QPSK
23.31483588616785,64QAM
6.869615559009351,QPSK
15.799267905755926,QPSK
13.546390829191694,16QAM
17.388326976848518,16QAM
26.31464701113583,16QAM
26.03242170245192,QPSK
13.53228215474579,16QAM
0.46098752204169924,QPSK
12.793314171429095,64QAM
18.185806122724212,64QAM
16.732942772941854,QPSK
19.540083174006167,16QAM
4.622271974192504,16QAM
19.396052963421976,64QAM
5.479548562313167,QPSK
22.51571942090247,QPSK
10.1726283978804,QPSK
21.296863001443608,64QAM
1.4359679671832126,64QAM
12.235800767727401,16QAM
21.151035667899983,QPSK
6.806115489944824,QPSK
23.858611343916678,QPSK
18.92339199314796,QPSK
17.62685316449395,64QAM
10.606465626130113,16QAM
14.473544111433528,64QAM
17.920479029335592,16QAM
14.173863417446714,QPSK
20.949399718216803,QPSK
13.010907993208786,QPSK
6.068195452260911,QPSK
6.418013484031418,QPSK
0.17411306528823278,64QAM
9.028731466760174,16QAM
22.467529214355586,64QAM
23.824881265128287,QPSK
6.074026262872501,16QAM
28.77131990614223,16QAM
15.072083804403801,QPSK
27.50936247055508,16QAM
21.202958455848933,64QAM
21.673002690672394,64QAM
2.5513086391821336,64QAM
6.5997338069079206,64QAM
0.26444499883417905,16QAM
21.483829214302126,64QAM
10.3331486528553,16QAM
23.599575482290405,QPSK
10.168086598110788,64QAM
24.58001256896583,QPSK
3.9209476124493903,64QAM
5.201194702725246,QPSK
10.226296187518095,QPSK
12.2546216664682,QPSK
10.461084325289352,QPSK
22.909410975696595,QPSK
2.908541778801441,16QAM
10.536510589154641,16QAM
25.11719998546378,64QAM
2.0039123178651597,16QAM
28.270305230140725,QPSK
29.589505268160387,16QAM
2.6570452147524026,16QAM
8.73817566767211,QPSK
11.172019981060684,16QAM
23.29174105958178,QPSK
17.877804363502015,16QAM
19.33097101477702,QPSK
22.72529468455518,64QAM
3.5393699831107717,16QAM
24.99628370730787,64QAM
21.168594125404322,QPSK
17.320251755891107,QPSK
26.6920600434917,64QAM
21.009190616514214,QPSK
6.050998878930763,QPSK
12.892361432270002,QPSK
14.821286008071999,QPSK
1.6565288025121694,QPSK
28.639125400801674,QPSK
3.8573178239063544,QPSK
20.923838016801806,QPSK
15.186931082726405,64QAM
0.7689674965326776,16QAM
27.74242427593085,QPSK
25.555104264567994,64QAM
15.727737837115065,QPSK
6.868270084183358,16QAM
3.6486867204028273,QPSK
10.901774382963797,64QAM
7.662848431382715,64QAM
15.200736030188962,16QAM
28.99227888370287,QPSK
17.248604796889243,64QAM
26.697931676702936,16QAM
19.526365124873315,16QAM
14.257395797616013,QPSK
25.63822688200114,64QAM
14.141043305189925,QPSK
26.05884511531083,QPSK
8.74730308727296,QPSK
3.8643922128896433,64QAM
25.65943393088815,16QAM
17.622454913780004,QPSK
26.672771947468803,QPSK
28.134816209771497,64QAM
1.6088517111434752,QPSK
15.02907905576605,16QAM
11.248936472235878,QPSK
18.775751912103516,16QAM
23.807735916069706,QPSK
8.417706479231068,QPSK
16.70395153119515,QPSK
21.261857397146986,16QAM
4.0329324850720205,QPSK
24.422007178538006,QPSK
18.183287995589193,QPSK
28.486123113409555,16QAM
10.185867573920799,QPSK
3.2443782701159596,64QAM
15.19503603110776,16QAM
2.5743231512831652,64QAM
29.085795699720205,QPSK
1.1605487477157461,16QAM
22.60511703321924,16QAM
15.75307194426732,QPSK
11.058619574948661,64QAM
1.9752649352596396,16QAM
18.665007725208234,16QAM
17.556609881728658,16QAM
8.426498192027992,16QAM
27.306651042309362,16QAM
9.123300220285106,QPSK
13.491762317763184,16QAM
16.312873677559672,64QAM
3.006956345288583,16QAM
27.96485157640897,QPSK
11.236084573531233,QPSK
2.423376416230308,64QAM
11.6187352102599,16QAM
18.00607641277742,64QAM
15.409580154639887,64QAM
20.83625922111822,64QAM
1.664518262037319,64QAM
8.536218308161684,16QAM
24.576917305203068,QPSK
2.3968106337408255,QPSK
25.664578640878727,16QAM
2.7568827623131877,64QAM
25.033626446750887,16QAM
10.8236520323618,64QAM
18.366271897716473,64QAM
4.586613469439945,16QAM
1.9850616517554254,16QAM
6.478146120604053,64QAM
3.8356145372608665,64QAM
9.372176930388953,64QAM
15.431497395330606,64QAM
17.662783906950285,16QAM
23.696043221392287,QPSK
19.68719679745076,QPSK
18.262749753886588,64QAM
12.35346082457324,QPSK
14.21425304880416,QPSK
12.435624881705433,QPSK
25.264980901841493,QPSK
6.900013576451995,QPSK
0.17162794625893874,QPSK
19.53959691678718,64QAM
6.073865509164942,64QAM
26.70345408929428,64QAM
25.771389891199682,16QAM
2.3018211578461765,QPSK
3.1916521624223204,QPSK
14.85514776739999,16QAM
18.27667988308064,QPSK
8.247250124467222,64QAM
21.503931500981118,64QAM
17.847480627566146,16QAM
9.74472329245664,64QAM
0.7611446412694678,16QAM
22.50450843895553,64QAM
6.442609974752481,QPSK
25.034212303878853,64QAM
12.608707801627656,16QAM
17.312323278952963,QPSK
26.188461912270057,16QAM
25.908690027598603,QPSK
11.145587257307199,QPSK
6.266666781445293,64QAM
23.25438233185784,64QAM
12.992406108063935,QPSK
5.761259806770123,64QAM
27.132760269514506,64QAM
5.943125827232621,16QAM
0.7742150457369323,64QAM
0.608399213022599,QPSK
18.66946069362793,64QAM
19.85025182152591,QPSK
9.331251151709518,QPSK
9.600329677411901,16QAM
10.184817451798283,QPSK
20.40475640276636,QPSK
1.7440137308048576,16QAM
27.87349058073977,QPSK
6.675631325323393,16QAM
29.990196157262766,QPSK
5.145680813615609,64QAM
23.146393719371325,16QAM
6.702376347888751,16QAM
2.425404049297619,QPSK
26.247999730519467,16QAM
25.762537775726756,QPSK
12.107111773488041,16QAM
21.071884276212806,16QAM
16.711977980517513,64QAM
25.588683410212465,QPSK
9.451679079559632,64QAM
15.710171999969555,16QAM
14.561171136136513,QPSK
10.617174787705762,64QAM
26.74365193669117,16QAM
4.976337739876064,64QAM
4.485259185620885,16QAM
17.30728605968254,16QAM
19.724826899548262,QPSK
5.838577629736955,QPSK
11.721523267638723,QPSK
28.396915289362312,16QAM
7.39852268072022,64QAM
20.050821063521823,QPSK
22.204481810927724,QPSK
13.443860983954787,QPSK
28.12577960278749,QPSK
22.099702056563714,16QAM
13.737737395826935,64QAM
17.08005605328282,16QAM
20.77840330275302,16QAM
17.765705412876546,16QAM
26.360927514782276,QPSK
10.706659868412036,64QAM
8.996572201674148,16QAM
6.41516668485793,16QAM
1.133489041937854,16QAM
1.29041893140166,QPSK
26.101655793278486,QPSK
20.35179439217722,16QAM
19.81597246309458,QPSK
18.43928456804658,64QAM
25.476574340823145,QPSK
14.408007769968824,16QAM
26.11232485674901,64QAM
10.783350785467174,QPSK
27.801225130172718,16QAM
20.959709402437202,64QAM
7.715314080732818,64QAM
16.922547650658753,64QAM
15.990916844647668,QPSK
4.136964651910019,64QAM
17.737287172518425,QPSK
9.443568711508739,16QAM
1.570463004288073,QPSK
28.459684731196944,QPSK
19.244711071928634,16QAM
26.30756795612541,QPSK
20.281680150397595,QPSK
10.709510764203388,16QAM
15.380642169864343,64QAM
20.27240281041531,16QAM
28.807569756043126,64QAM
7.610083773650894,QPSK
26.24931175872353,16QAM
27.722334158828083,64QAM
20.112465439768698,QPSK
27.937998822040136,QPSK
11.936357624321055,QPSK
28.590485281213283,64QAM
21.083486314979247,64QAM
1.260173022564357,64QAM
27.206184954571583,QPSK
14.534184270995777,64QAM
13.809809543334985,16QAM
16.993998179389028,64QAM
4.481536403136838,64QAM
14.07498145702196,QPSK
24.93381650153237,16QAM
0.4644737741254601,16QAM
8.18751480973114,16QAM
0.0736375933153266,64QAM
12.471339274495449,QPSK
21.84946531481204,64QAM
23.963154873438857,QPSK
28.3556928338102,16QAM
18.255138389123594,64QAM
7.6388059995868645,QPSK
27.724438474100968,64QAM
23.259472616411283,QPSK
17.232854490094336,16QAM
20.86920647156808,64QAM
27.729490650222875,16QAM
21.37182085418765,64QAM
11.05123522754202,64QAM
21.3908460686729,QPSK
1.208344882061636,QPSK
11.592466854917436,QPSK
12.189690955367379,16QAM
5.0051470326250405,16QAM
0.6925644165531053,64QAM
4.001437099132285,QPSK
19.63864487391165,16QAM
24.068664490910628,64QAM
29.646104781809225,16QAM
10.390905093254828,64QAM
17.981376667833054,QPSK
28.114349004453658,64QAM
5.0112534401445785,64QAM
21.52936759028228,QPSK
22.649361994474894,QPSK
2.6692660760801514,64QAM
25.83748155549195,16QAM
24.393151413325317,QPSK
1.0020901973230334,64QAM
2.732532446401544,QPSK
1.4738068167555696,QPSK
10.042305953980867,16QAM
15.278669720397785,QPSK
15.970431838638865,64QAM
8.03000279308328,64QAM
27.347906596808226,QPSK
11.047883696157395,QPSK
1.366504678960575,16QAM
9.006813346241591,16QAM
15.933282676324666,16QAM
12.24665467764696,64QAM
8.215275572977776,16QAM
3.9396974929295228,64QAM
24.574935002886892,16QAM
29.884357263725757,64QAM
9.886264005716463,QPSK
11.448631325298118,64QAM
18.54112574030871,QPSK
21.55324424206624,64QAM
11.760886044107737,64QAM
27.147885509454458,QPSK
16.800119676867553,64QAM
13.51170229217793,64QAM
19.400182594797155,16QAM
28.584115447475195,QPSK
23.836568832651164,QPSK
1.2003939160537302,16QAM
9.96929732219879,16QAM
14.11634054853668,QPSK
9.435527166273157,QPSK
21.005626824913694,QPSK
24.78807449587743,16QAM
21.940352855558146,16QAM
29.679998604848258,64QAM
8.176429436790873,16QAM
26.249684850732645,64QAM
22.998679955234586,64QAM
10.865362726744383,16QAM
22.02373630970906,16QAM
3.122278692547409,16QAM
23.68000447021657,16QAM
15.969918077613078,QPSK
8.768705181277594,16QAM
19.673319053525404,64QAM
19.24859996143227,64QAM
6.284586681587991,QPSK
0.9119224443457841,QPSK
13.008677607050217,16QAM
17.085356080332637,QPSK
26.29815835111795,16QAM
27.84650386942783,16QAM
15.864156544702992,QPSK
22.614104513056347,QPSK
13.179098169839907,64QAM
22.38246469718679,QPSK
6.1440457481750075,QPSK
11.131942044105942,QPSK
19.026839964408445,64QAM
0.5447389682123649,16QAM
21.67383931016862,64QAM
25.066065038045004,QPSK
11.974249832818543,QPSK
13.43827251531493,QPSK
25.53846636649593,16QAM
23.269639059781003,64QAM
8.64448467100125,64QAM
9.719283196846169,16QAM
20.3663469717179,64QAM
16.895942773444837,16QAM
4.866887132894908,16QAM
9.297897276874993,64QAM
26.999498306359623,64QAM
20.645233101667902,16QAM
29.579229530565584,64QAM
23.01037589942308,16QAM
28.259232964307706,64QAM
6.485657216114262,64QAM
23.144546244507772,64QAM
0.6065256044339229,64QAM
20.12280065134602,64QAM
14.078468343607241,QPSK
10.402802157602059,QPSK
25.872130568792674,64QAM
25.62803077972592,64QAM
0.6690511469593075,64QAM
18.28515367348293,16QAM
11.034966729628692,QPSK
12.469830045013474,16QAM
24.96122217656328,QPSK
9.295193145830348,QPSK
28.291464319128604,64QAM
5.3890147911642226,64QAM
19.881672701045332,16QAM
20.16315201041294,16QAM
7.565854842837546,64QAM
9.74251826901606,64QAM
25.043954777398213,QPSK
22.854157648648574,QPSK
9.872876409442787,64QAM
16.018696408048015,QPSK
1.8504088875928637,16QAM
6.262376471958877,QPSK
14.574616765811973,64QAM
2.579212058376348,QPSK
25.299970646758123,64QAM
21.540186303229437,QPSK
28.309010119454843,16QAM
20.804007178920816,16QAM
28.212041167865568,64QAM
16.635376670728952,64QAM
18.006558331859083,64QAM
29.309131638787825,QPSK
19.26387440592781,QPSK
0.923597065822398,QPSK
21.7140832989157,16QAM
27.16406076412247,64QAM
23.8674074938298,QPSK
17.514998178762678,16QAM
20.13910539280549,64QAM
29.705753677550153,16QAM
2.7198626552801497,64QAM
20.017344858997184,QPSK
8.501930837117815,16QAM
19.2027118975851,16QAM
18.228707276518165,16QAM
4.603704963244862,64QAM
6.202399372207175,64QAM
18.648887341296405,16QAM
3.8468984191132236,64QAM
7.955426253909685,16QAM
25.05736643214007,QPSK
9.81274518004916,16QAM
14.641804688089888,16QAM
28.234210054375207,64QAM
6.814472665108388,64QAM
11.688780520740313,64QAM
18.193733266306367,QPSK
22.660167885119165,QPSK
27.049601601381152,QPSK
27.464189627205453,64QAM
23.29920223117869,16QAM
6.849925097799313,16QAM
0.7442799012769741,16QAM
11.513217910668715,64QAM
4.246465529634699,64QAM
21.311629423148943,QPSK
19.833917604771504,64QAM
1.3191492486436451,16QAM
25.097813373928535,QPSK
7.462297988735468,QPSK
12.966812264731267,64QAM
20.038012063672273,QPSK
12.882563605567599,QPSK
13.238634083998303,64QAM
1.9688398600722112,QPSK
12.043306477800114,16QAM
22.945436796599505,64QAM
27.455290115597933,16QAM
12.404914111901153,16QAM
12.707574806372365,16QAM
21.078813189709564,16QAM
28.283160033158296,QPSK
8.011828207180807,QPSK
13.204326196138105,64QAM
23.879197306569033,64QAM
18.290807081221157,16QAM
3.3175903189186418,16QAM
18.831982066867972,64QAM
5.602388537919807,64QAM
15.306478022352124,64QAM
15.873098029813153,64QAM
26.286100866749546,16QAM
13.874828220373145,64QAM
8.383272667076827,QPSK
6.928990446480947,16QAM
26.227556300530082,QPSK
5.130325632546851,64QAM
12.776056826494312,QPSK
5.61519344780841,64QAM
23.19912120343126,QPSK
14.23117919923857,16QAM
10.534310716704361,QPSK
10.832989218794005,16QAM
25.56642620168938,QPSK
16.613218628833142,QPSK
21.53603553393791,16QAM
26.911155487520535,16QAM
27.052250281219262,64QAM
9.855271630135894,16QAM
28.57353789439156,16QAM
0.7462764604381633,64QAM
11.30506683048497,16QAM
26.873965725265247,16QAM
8.239106394509488,QPSK
8.192443509639551,64QAM
9.078668552456662,64QAM
18.369401545407666,QPSK
13.149983268430613,64QAM
21.802045090600277,QPSK
26.847319276939974,16QAM
20.22598124828582,64QAM
6.134001605927265,16QAM
27.980457070815067,64QAM
7.934786200424355,16QAM
4.496828859844744,64QAM
2.699018365828827,64QAM
16.90151221998497,16QAM
3.412873874419554,QPSK
4.163276523378922,64QAM
9.0009144178649,QPSK
8.449590290533916,QPSK
18.12718530996427,QPSK
24.502358384180447,QPSK
22.840489686086773,QPSK
7.874533641494303,QPSK
7.359314939579398,64QAM
28.97374590320903,QPSK
0.24708724775880375,64QAM
26.391615991806475,64QAM
5.991855573672149,64QAM
28.418529692693035,16QAM
10.269218544825591,QPSK
13.21055321679757,16QAM
21.21361841833143,QPSK
17.63007154419781,16QAM
9.538179891204685,64QAM
16.614927476034705,16QAM
21.921206530886586,64QAM
1.2700483770747628,16QAM
0.3359791576711235,QPSK
13.74200817218674,QPSK
3.9550985341054257,16QAM
19.93032874394143,16QAM
6.4215736868230255,QPSK
12.985533203870128,16QAM
5.930128106228069,16QAM
16.454507572473734,QPSK
3.481603781537067,64QAM
0.6932055836244078,QPSK
1.5339491432009156,QPSK
28.627753245459296,16QAM
4.268586558328074,QPSK
21.254347594105056,QPSK
2.0377861266847876,16QAM
3.244810567055465,16QAM
15.26628754228004,64QAM
13.946127904630309,QPSK
28.54740928319609,64QAM
28.34506359062212,64QAM
23.388259276273953,64QAM
18.063054903820493,64QAM
13.64880952179033,QPSK
10.685356029852631,QPSK
28.41262640926666,QPSK
18.087264342740568,64QAM
17.372175830579835,16QAM
6.957033653067446,QPSK
1.400934536553392,64QAM
28.35565739278633,64QAM
9.412057765339618,64QAM
13.277670699733761,64QAM
3.439198307571205,64QAM
25.10772989727876,64QAM
0.8289549856779188,QPSK
25.019722862972895,16QAM
4.208550383639004,QPSK
26.596923378934562,QPSK
21.89317912008472,64QAM
4.940107875219153,QPSK
16.974539785784042,16QAM
9.379689430656583,16QAM
5.346992967347504,64QAM
25.77546598233325,16QAM
12.105682995216881,64QAM
11.956311430961474,16QAM
5.0966002441986005,16QAM
11.49197028257336,QPSK
26.148505389865505,16QAM
10.893861314689078,64QAM
28.548106874993643,16QAM
28.389266976251623,16QAM
4.346959779220381,QPSK
5.319337605679346,64QAM
25.880222109956673,64QAM
11.782827567741576,64QAM
0.1312194684902801,QPSK
8.21615459116113,16QAM
17.9288697958668,64QAM
23.97797897879904,16QAM
4.001658512797786,16QAM
3.31624093250206,16QAM
27.66277960716995,QPSK
22.53445103467748,16QAM
17.693388023342354,QPSK
23.075603699877842,QPSK
12.865630839199154,QPSK
22.753672419273798,64QAM
11.154089738236072,QPSK
7.322837174778071,64QAM
21.87040263878906,QPSK
12.59016876471805,QPSK
29.441313129785847,QPSK
10.48455546924303,QPSK
27.651822615931977,16QAM
27.988876457012385,16QAM
7.255588411942384,QPSK
23.9466354476404,16QAM
12.992235154336955,64QAM
27.525741816910443,16QAM
13.503728179057164,16QAM
22.329111520120982,16QAM
14.009022274913935,QPSK
6.834022671385686,64QAM
5.9805038683405884,QPSK
12.762935827690367,64QAM
22.66483971042645,QPSK
18.152144555423003,16QAM
20.6588786970163,64QAM
8.469790521958274,16QAM
14.443060378728166,64QAM
1.33185794907981,64QAM
24.52597247874362,QPSK
29.69676486719624,QPSK
12.206371878740127,16QAM
0.3289095939463005,16QAM
5.093779186528421,64QAM
19.575806332512567,64QAM
18.362379546115775,QPSK
23.635941587566318,QPSK
7.616520328832045,QPSK
22.908957466414023,QPSK
20.639520645710093,QPSK
9.684434931415298,64QAM
16.36464444170886,64QAM
4.418214254949802,16QAM
13.576935103067479,64QAM
26.43592018666923,QPSK
12.635741394761723,64QAM
25.18700119426266,64QAM
17.70760095779083,64QAM
5.756301393070703,16QAM
17.433187340936893,16QAM
15.179499874711905,64QAM
11.95924005589152,64QAM
3.58891318548211,QPSK
12.501259915416895,16QAM
2.1828712871888136,QPSK
2.9630715419625373,QPSK
12.47749598798148,64QAM
9.16144445905391,64QAM
27.766329775866705,64QAM
11.271174161408116,QPSK
22.735743662163003,QPSK
15.907425790987283,QPSK
21.122570059270064,64QAM
7.803479490461975,64QAM
28.25714918514987,64QAM
15.90265490743272,QPSK
24.93972213855749,QPSK
10.951370804283405,16QAM
3.006340471515736,64QAM
20.211349431625464,QPSK
0.23278945012273455,16QAM
14.258789296965249,QPSK
5.784057079993778,QPSK
18.821265133060866,64QAM
29.382596194135566,16QAM
13.932087189619379,QPSK
24.52494769577,16QAM
15.23352560853363,16QAM
14.875200933120723,64QAM
27.912704795363336,16QAM
26.698976062400444,64QAM
23.57401395563923,64QAM
8.887672599503523,64QAM
16.350252471718218,16QAM
6.71691699917055,QPSK
13.317500941396194,64QAM
14.526391972793718,QPSK
24.949201205079927,16QAM
26.880850959749793,QPSK
12.438601871894337,QPSK
0.5311333521971162,64QAM
25.85321519368064,64QAM
5.228360355040821,64QAM
18.656458916711806,16QAM
0.7491270130239358,QPSK
11.985194257816929,16QAM
29.578809063460493,16QAM
3.020808033114093,16QAM
12.710794559989269,16QAM
9.214498505698565,64QAM
27.15264370164793,QPSK
26.080203237220655,64QAM
7.130962809186865,64QAM
2.435633611512935,16QAM
18.814151821833526,64QAM
10.091061356511293,QPSK
20.162531718181892,16QAM
0.9635926820344343,64QAM
4.001977055324683,16QAM
20.5911669831793,QPSK
6.3711196590749335,16QAM
25.727630272872048,64QAM
1.757726631304063,64QAM
6.464459483567238,QPSK
29.95680745455206,QPSK
12.99228307760378,16QAM
21.088969906339305,64QAM
5.47989146571041,QPSK
18.29606204956613,QPSK
21.783182051082555,64QAM
9.434299075995316,QPSK
24.866913359276335,QPSK
18.102527354168497,64QAM
11.673690288450906,QPSK
16.729271800294757,64QAM
17.302825423077728,64QAM
4.966058780815981,16QAM
12.081971096008985,64QAM
10.302917640584793,QPSK
12.027081677373783,16QAM
22.83331765455774,16QAM
14.47615222400018,QPSK
28.20948459717793,16QAM
8.810292400753086,QPSK
12.47110734854787,16QAM
23.60870431437124,QPSK
16.38073779962251,64QAM
16.41084439273343,64QAM
1.6002048901555055,16QAM
11.957989881553674,16QAM
8.122011972651975,64QAM
29.98005368493346,QPSK
9.250652118969308,16QAM
26.534896043815905,64QAM
20.287012051214322,16QAM
10.227492275762714,64QAM
16.30603135122371,64QAM
25.216076398475813,64QAM
26.501048940927355,QPSK
4.811816250184356,16QAM
10.18719423624509,QPSK
10.056695406407151,QPSK
1.2613438822783407,64QAM
17.947132795556897,QPSK
25.64460158976564,16QAM
11.447231634765533,16QAM
22.20107834952531,64QAM
18.831012408022197,64QAM
11.269462064790025,16QAM
4.231793984768912,16QAM
21.27971558327902,64QAM
25.636955068237214,QPSK
20.575634772044758,16QAM
0.536354521044542,64QAM
6.4869868317297374,64QAM
2.0843995465059573,16QAM
17.111582987286802,64QAM
22.694330365212373,16QAM
3.317375612059783,64QAM
25.15013461780156,64QAM
16.665269351864495,QPSK
20.699070364251746,64QAM
29.142055458259385,16QAM
2.51042964743092,16QAM
27.036720689333677,QPSK
3.783080879622279,16QAM
11.788764199100468,64QAM
25.543160889933432,QPSK
27.187627102136044,16QAM
15.19115020635436,64QAM
17.823139148262754,QPSK
21.244420037956715,64QAM
24.982760053581426,16QAM
3.645335086129985,16QAM
24.30207924687683,16QAM
14.438284515348503,16QAM
13.51870275324507,QPSK
12.716992559909947,16QAM
15.276347557381278,QPSK
28.351516601838107,QPSK
16.44611318376455,64QAM
28.595326147894177,16QAM
5.408703918469218,64QAM
21.724079364978994,64QAM
24.367186158262417,64QAM
20.373864940045856,64QAM
18.207668406796213,64QAM
16.944383432585468,16QAM
25.827914477360878,64QAM
24.649397914935,QPSK
3.668661635417986,QPSK
25.457629710926344,16QAM
12.422058583213275,QPSK
7.610904899874323,64QAM
26.093057040417776,QPSK
12.960743989012249,64QAM
24.2509407053045,16QAM
7.902108358675335,QPSK
0.11787964266653406,QPSK
14.863775787088331,QPSK
3.006847699286528,16QAM
22.63127866574729,16QAM
8.28225408208231,QPSK
13.309369398104362,16QAM
2.611006952746627,64QAM
8.59977745341758,16QAM
23.44470729775716,QPSK
4.547637357069584,64QAM
19.414786833808723,QPSK
27.522775584135037,QPSK
20.39510279273161,QPSK
24.330650678766805,16QAM
3.269148879117474,QPSK
7.521954780061634,64QAM
26.83616556721773,64QAM
21.453168408542677,64QAM
19.186614791319336,QPSK
19.913002083651,64QAM
12.426016629139303,64QAM
1.3366989485295966,64QAM
23.53324626212187,64QAM
20.361397086460617,16QAM
14.18413392338174,QPSK
26.992788461047724,QPSK
10.084789949552967,64QAM
8.829652326937078,QPSK
26.183889752383283,64QAM
23.909629642769563,64QAM
15.449394319450342,64QAM
3.922042183735499,QPSK
6.452144143951574,16QAM
19.6868397122642,QPSK
11.55123713521235,QPSK
25.094195749979136,16QAM
28.498650279966125,QPSK
24.16910775824755,16QAM
11.326362689866714,64QAM
23.660592876942722,16QAM
10.543250204120504,64QAM
5.013002632969017,16QAM
1.0017961459757219,64QAM
11.5715013828306,QPSK
27.106779110918456,16QAM
7.169597632670294,QPSK
6.19539494789352,64QAM
29.09462355723121,16QAM
0.7501233855177636,16QAM
23.57346451181263,16QAM
9.64109867222611,QPSK
1.12463870608978,64QAM
27.53407620628751,QPSK
4.1892699062875085,16QAM
16.553378511770863,64QAM
8.221626222886433,64QAM
1.955784065540731,QPSK
1.4976745699013727,QPSK
3.4667009650901637,16QAM
2.1410104166814015,16QAM
22.81674346559769,16QAM
14.566986068502874,16QAM
10.28676274046939,64QAM
12.551067303960215,16QAM
27.8684020671787,16QAM
27.322554382144418,16QAM
21.470294403677308,QPSK
26.54047132265063,QPSK
9.589440827628744,QPSK
11.433279780248485,16QAM
18.411365455626843,64QAM
18.708778418917927,16QAM
14.450995140370228,QPSK
12.019735453138598,QPSK
29.585409348260853,16QAM
24.63370878353173,64QAM
13.049405936641357,64QAM
21.818774317187053,64QAM
8.086850797573785,QPSK
3.0050797871198967,QPSK
10.57293076658222,64QAM
12.089184003701826,16QAM
0.49611373682012405,64QAM
24.443760049076882,16QAM
10.775802071675445,QPSK
17.41254497340441,QPSK
2.2188956181286787,QPSK
5.2499048625175195,64QAM
26.6908117598268,64QAM
18.260625836484024,QPSK
28.508521505114565,QPSK
29.962501031739507,QPSK
11.155803459992832,64QAM
8.964091922498238,64QAM
25.7506816547729,QPSK
29.958342811123625,64QAM
18.88923702697372,64QAM
23.85422167534567,64QAM
23.452375764458235,64QAM
10.66019124658641,QPSK
17.228111407712618,QPSK
24.991708237926407,64QAM
20.643416287831663,QPSK
0.6349144194611478,QPSK
10.101170066926006,QPSK
4.33427089783816,16QAM
6.989166362341173,QPSK
27.16468432473977,QPSK
1.1067986673230445,64QAM
6.594021358857712,64QAM
9.287080567146944,16QAM
18.506522158991846,16QAM
16.023050702575965,QPSK
6.548084485601583,QPSK
4.927232016694633,64QAM
7.103941037883565,QPSK
15.075888801049667,QPSK
8.135333571336103,QPSK
28.428075048231666,QPSK
13.915956642865426,QPSK
1.763880496339112,QPSK
21.877992175099003,QPSK
9.865358646269689,QPSK
19.604667961747428,64QAM
8.38783111569696,16QAM
17.122312251999595,QPSK
23.16457514422394,64QAM
27.840262253236617,QPSK
7.833814332992311,QPSK
10.045708529969435,16QAM
13.92799260857819,64QAM
27.815245132079667,QPSK
27.041605704319714,16QAM
2.696348403019141,16QAM
3.9578947726143254,QPSK
14.865275319919148,QPSK
3.198578184162705,64QAM
10.367426200460924,64QAM
4.45156134652433,QPSK
19.081210653956575,QPSK
28.48486295217485,16QAM
29.902013108831444,64QAM
11.257233974907445,QPSK
17.97037911343837,QPSK
25.688029605722438,64QAM
3.5238621838915196,QPSK
20.68693233155895,16QAM
12.265309851752047,16QAM
6.184384808404922,QPSK
12.082608562423259,64QAM
2.2788086089475055,16QAM
20.862214457679173,64QAM
7.582280062453592,64QAM
9.34216935134634,64QAM
3.632438947243882,16QAM
25.939773416696752,16QAM
14.803328378482158,QPSK
17.16440633359201,64QAM
17.08298049284564,16QAM
12.314793436240253,16QAM
5.775897463144184,QPSK
22.353982454952,16QAM
3.81168796073023,16QAM
3.116213708364315,16QAM
21.304351127895103,QPSK
6.265110613559514,QPSK
9.20318254058497,64QAM
14.256824010052206,16QAM
13.480539501886387,QPSK
21.257373751949977,QPSK
18.70295380330083,QPSK
19.331884868455973,64QAM
21.42162991966372,64QAM
8.77838182270396,64QAM
9.669999354014209,64QAM
13.139932436866623,64QAM
9.223865191005782,16QAM
29.548136069125903,16QAM
24.42155779264289,QPSK
4.939640647680887,64QAM
0.16782467645608534,64QAM
1.2834980474180357,QPSK
7.321903531287758,16QAM
3.4287385751056965,64QAM
16.000143446777162,64QAM
25.739856681820758,64QAM
22.10250662739682,16QAM
6.4682718924657125,16QAM
11.978977680773577,64QAM
15.236826285938328,64QAM
24.306175485100066,QPSK
25.173648093184944,QPSK
27.29154935723328,16QAM
15.277357515086255,QPSK
20.82824239307589,64QAM
3.354011137018115,16QAM
16.958668798619463,QPSK
7.460754284134054,16QAM
12.951506550798333,64QAM
19.02151524920158,QPSK
7.709578135613433,QPSK
1.5655517339028324,QPSK
0.3070156922627254,64QAM
0.6647860663356464,16QAM
0.25049212541308985,QPSK
3.3106516967362642,16QAM
7.184661437103896,16QAM
6.636645425468975,16QAM
29.603897825396903,64QAM
9.180183156268297,64QAM
3.8226235007819733,QPSK
16.366876325032738,QPSK
25.73872366192525,16QAM
20.341811303630255,16QAM
8.88246267406351,16QAM
16.848484793743648,64QAM
21.445679226012274,64QAM
21.84313477103227,QPSK
19.996153658930666,16QAM
26.12431274326854,16QAM
26.10316375032313,64QAM
17.3680967822101,QPSK
12.89569107333637,16QAM
19.247108866952995,16QAM
24.546360041113893,QPSK
0.16956314523554172,16QAM
29.759910270445534,64QAM
5.486813169875977,QPSK
14.107469569799285,16QAM
26.160892045286,16QAM
6.751211971325981,64QAM
14.303856717011495,64QAM
3.9774654054353755,64QAM
11.852289761645778,16QAM
5.3140636437900755,16QAM
10.90883246313471,16QAM
11.20392650378166,QPSK
29.79512368794998,64QAM
29.844390879113167,QPSK
3.4435883598183725,64QAM
21.779063379850417,16QAM
1.5523643900730344,QPSK
0.9057604601156588,QPSK
3.1600168273489295,64QAM
28.96456971023802,QPSK
28.225906436840923,QPSK
5.817834608420414,16QAM
4.850170066611346,64QAM
7.216052595478411,QPSK
15.466409822254265,16QAM
17.091138961062295,QPSK
6.647802913183421,16QAM
22.698683642698356,QPSK
9.286595082079522,16QAM
27.66393976588231,16QAM
19.70168119370192,64QAM
13.090535829108351,16QAM
23.69736005108536,QPSK
24.537438781399942,16QAM
8.714448168268309,16QAM
10.19143631508253,QPSK
28.078654611858102,QPSK
4.942231150898158,16QAM
1.264512508888026,QPSK
13.621659678286475,16QAM
24.036297007308868,16QAM
23.150043189322375,16QAM
27.585918867384976,QPSK
15.996019931071206,64QAM
3.0019401469959996,64QAM
17.660669230080483,16QAM
23.351868430596348,16QAM
2.799843608094792,QPSK
5.1797220329276925,64QAM
0.36871983467012703,64QAM
17.80957738340431,64QAM
26.602031758377134,QPSK
20.119899480062983,QPSK
29.461202627729463,QPSK
1.8910095749928468,16QAM
27.090032554544887,QPSK
24.42204862160042,16QAM
9.427245614985148,16QAM
29.205796555117555,16QAM
8.638132445142451,16QAM
26.679141714846555,QPSK
26.42245731222568,QPSK
22.729728498089173,64QAM
16.904114214385555,64QAM
3.600082488506642,16QAM
15.959152034894949,64QAM
10.703887669648037,64QAM
23.766510994660553,64QAM
22.743876194905347,16QAM
27.318375221178158,64QAM
0.44490487295123615,QPSK
24.27309650469138,16QAM
28.153861593740064,QPSK
23.679013473244503,16QAM
3.9058337961110015,QPSK
2.438373145226632,64QAM
0.6253571942310243,16QAM
18.86235677484213,QPSK
18.890179555796617,16QAM
29.607411426546367,QPSK
11.941295223122872,64QAM
9.957188546924902,16QAM
18.732747815531773,16QAM
24.76826017522782,QPSK
28.103218485690057,QPSK
24.093724985371157,64QAM
12.800219418474143,QPSK
19.047427059361926,QPSK
25.68897980148351,QPSK
14.718290649352184,64QAM
6.500599311161781,64QAM
5.091703192436189,16QAM
0.004732337341701864,64QAM
21.54713984943853,QPSK
3.332916265379715,16QAM
7.315172990878213,64QAM
8.9362899456838,64QAM
16.81139580410305,QPSK
11.938718318873077,QPSK
20.240219760694853,64QAM
1.6691597798610813,16QAM
3.7181758279331834,QPSK
14.976345105998002,64QAM
10.108943635404895,64QAM
8.874400882540792,QPSK
2.0108423711256815,16QAM
26.871575242440045,16QAM
20.754557583751524,16QAM
3.648544704589481,QPSK
1.9513787321142184,QPSK
29.24617600293729,QPSK
20.435176513185144,16QAM
12.523682132812246,16QAM
21.051931222673545,QPSK
22.689953594404773,QPSK
23.39886607166338,QPSK
14.336319169591729,16QAM
12.89648274374544,64QAM
0.3308425280670102,64QAM
27.79671345425514,16QAM
18.099236351668292,QPSK
6.094618115699043,QPSK
27.5881025826431,QPSK
27.44795705310889,QPSK
29.675524930982878,16QAM
26.221696894169366,64QAM
29.93353163460194,64QAM
7.340585643698177,16QAM
25.267487555977024,QPSK
24.690849263872934,64QAM
6.928210776622013,16QAM
2.9531264700297233,QPSK
29.38261541032799,64QAM
8.88073654561831,16QAM
26.126753714034184,64QAM
0.12381464023811684,64QAM
0.6307442165880661,16QAM
13.976139260891053,16QAM
7.161440518051907,64QAM
20.69523850307893,64QAM
16.96692976703863,16QAM
2.3245739235147433,QPSK
4.878848889471512,QPSK
11.641478101752428,QPSK
5.568121918662995,QPSK
23.766670417317858,16QAM
12.4821070665984,QPSK
2.802956005274978,64QAM
14.530287068163744,QPSK
2.7251454318424253,16QAM
3.8681191625945157,QPSK
7.188294960846159,QPSK
25.785831157424692,16QAM
27.738375969989157,QPSK
24.787731879962074,16QAM
10.022316522535418,QPSK
8.17339323326495,16QAM
16.474670723707174,QPSK
21.65559481599337,64QAM
29.801183644805246,64QAM
3.9471213563677865,16QAM
1.478759970714133,16QAM
20.83067666985813,16QAM
24.966773505117168,64QAM
25.390463395992697,16QAM
20.35390647231482,QPSK
28.62047412357561,16QAM
15.330142906337606,16QAM
27.414443950086376,QPSK
29.03436410974569,QPSK
25.41472371009323,64QAM
9.292756897758618,QPSK
5.8864695351088585,QPSK
16.443601949454553,16QAM
13.590442511405653,64QAM
26.33275026578199,QPSK
3.0009501320146112,64QAM
7.732201839345558,QPSK
22.553968335561258,64QAM
2.849599349319364,QPSK
9.622932420651006,16QAM
11.614661821619494,64QAM
18.6778138968807,64QAM
4.743979371580938,QPSK
25.818134710491286,64QAM
13.426267063988227,QPSK
27.510651356416695,64QAM
14.036097409017948,64QAM
8.251207768222,16QAM
4.254864860630247,16QAM
0.1123528413385444,64QAM
15.964724549545068,16QAM
3.2147009078077025,64QAM
11.751832908935347,QPSK
17.678152837112602,64QAM
8.270576907081008,64QAM
5.256728770983457,16QAM
23.24164867828025,16QAM
28.403735168448616,QPSK
3.01321253585898,QPSK
4.667709731550236,QPSK
28.80037971758156,64QAM
1.1335266543673883,QPSK
29.328970096514166,QPSK
0.13933449254966312,16QAM
26.21005966953994,16QAM
9.219755429632485,QPSK
28.157665745318894,QPSK
9.508358659067564,64QAM
19.62918964602168,64QAM
2.400977092978099,16QAM
7.26989434361217,QPSK
23.210380394377523,QPSK
15.860575610364592,QPSK
27.839071853611344,QPSK
12.862542250240628,QPSK
26.094370974417693,64QAM
13.468663124347126,64QAM
29.377448361059557,QPSK
28.7950314419663,64QAM
9.87410116668241,64QAM
26.577710112504096,QPSK
25.428341226469477,64QAM
6.320411919826885,QPSK
18.72871202349809,64QAM
2.180469467694446,QPSK
25.10132161750385,QPSK
5.2363765051048965,64QAM
2.1244410415729353,64QAM
12.006572866164335,16QAM
17.307664157989304,QPSK
25.64750875679313,QPSK
29.227275765652095,QPSK
13.18477537709591,QPSK
1.8134076895581064,64QAM
22.47346737077612,64QAM
16.955197686718122,16QAM
13.436740345333893,QPSK
9.27806636376569,16QAM
15.07195583530607,16QAM
10.160388133710928,16QAM
22.71035603242081,16QAM
16.31681089477923,16QAM
26.30543322462336,64QAM
16.306317439483262,64QAM
7.147872400197901,16QAM
25.532756466964337,64QAM
16.71657134790132,64QAM
6.205231144306838,16QAM
18.705234298686662,64QAM
10.731502948272826,64QAM
25.332168368761973,QPSK
13.598992159396285,16QAM
21.7932407432225,QPSK
2.8660862290871147,QPSK
11.880730389070385,16QAM
29.49724309417196,QPSK
24.25380868431445,QPSK
4.798224071007859,64QAM
8.332921484317652,QPSK
9.894474265690832,16QAM
19.51096681486337,64QAM
22.709842784689666,64QAM
22.485798264237292,64QAM
15.296221689192084,16QAM
24.324616135144538,16QAM
13.112342482724252,16QAM
3.716416958866857,QPSK
16.933255249614398,QPSK
28.5690415380332,64QAM
23.78980954177534,64QAM
17.36101943076727,16QAM
19.404169810472908,16QAM
27.91686081106718,QPSK
12.850283833048815,QPSK
9.94182416827912,16QAM
29.31724695001347,16QAM
25.903294005310002,QPSK
9.691307538558071,64QAM
13.913417920827683,64QAM
12.452343870233971,QPSK
4.472870360143018,QPSK
28.73457971439777,64QAM
12.129372936592764,QPSK
26.25987247913724,64QAM
5.680686830419952,64QAM
16.436124319116594,QPSK
0.7188415537280946,16QAM
22.926614515269257,16QAM
17.427416947388352,16QAM
18.76768750409258,16QAM
1.5516264766396037,16QAM
6.331149906258462,16QAM
2.2299261706074045,16QAM
8.667429474114353,QPSK
18.82317023046453,QPSK
16.985579529521257,16QAM
18.36449464840171,QPSK
16.47753814133683,64QAM
8.19086387027578,16QAM
7.335224920332757,64QAM
4.111790506097438,QPSK
25.47212624710476,16QAM
18.494380756237334,64QAM
5.595330375121793,QPSK
5.316281394637185,16QAM
26.1910680457841,16QAM
22.28192591289958,64QAM
19.78197239716114,64QAM
12.205923226178994,64QAM
7.859266928355526,QPSK
29.38352289338471,64QAM
23.917187250684005,64QAM
9.053376694088294,64QAM
25.42694388835484,16QAM
22.767958458440447,64QAM
8.91241649633995,64QAM
12.79658562724919,QPSK
5.578603361730799,QPSK
3.3315733313432805,64QAM
21.682860985190903,QPSK
8.025355720615998,QPSK
24.60178097238761,QPSK
29.86826134543278,16QAM
2.2985944178894604,64QAM
14.191053752511008,64QAM
24.06187677932409,64QAM
23.668526896237005,QPSK
22.799914749929055,QPSK
10.469848059057329,QPSK
13.615597670551569,16QAM
17.849050720244108,QPSK
29.218217507197714,16QAM
9.826418128154787,64QAM
27.694316631505732,QPSK
8.080707545414823,16QAM
29.672233964211138,16QAM
20.10791060482775,QPSK
13.905344410756529,16QAM
18.401712841908147,QPSK
8.175935071206204,16QAM
8.225215725343999,64QAM
3.406636315304815,64QAM
3.421508931161963,64QAM
10.43015224406734,QPSK
22.88566433689115,64QAM
18.239135027944876,64QAM
3.077536809930624,64QAM
25.56709574927733,QPSK
18.04102880970199,16QAM
28.82566730354339,QPSK
20.105564022336225,QPSK
5.25524591112543,64QAM
14.213500869234668,16QAM
19.454927926416126,64QAM
0.8479410314993308,64QAM
0.44730792464423685,QPSK
3.8820900179570375,QPSK
7.549933051364123,QPSK
12.886473705620267,64QAM
14.623214212793652,16QAM
4.140828268136904,16QAM
20.201747373474923,64QAM
17.884141850896043,16QAM
8.833922965234805,64QAM
0.40979650305876025,16QAM
2.3294374605987223,64QAM
11.750843265325182,16QAM
4.619230534970518,QPSK
11.304588184439124,QPSK
18.845478135310653,QPSK
16.417122836378507,QPSK
6.935276494121827,64QAM
10.314674737762573,16QAM
18.42093595345952,64QAM
25.82565084130346,QPSK
22.596403162166318,16QAM
16.602000805002447,64QAM
10.868789949494586,QPSK
10.951538326254163,16QAM
26.382519307931883,16QAM
1.177307281216392,QPSK
29.639479332607827,QPSK
19.931262325546868,16QAM
20.434130972171715,QPSK
1.1399351191422646,64QAM
18.165878246738167,QPSK
14.54334180271341,QPSK
3.17336720682201,QPSK
8.337660323080772,16QAM
26.709433686409536,16QAM
16.49965247597859,QPSK
12.402497255217263,16QAM
2.1804646752243286,QPSK
21.42364582206917,64QAM
21.085524701880978,16QAM
18.421308209176907,QPSK
15.307879386619476,16QAM
13.013532066221181,64QAM
17.79813278963977,64QAM
7.001863551852201,QPSK
28.237771925329433,16QAM
17.663835875406885,64QAM
9.335773330631296,16QAM
13.490395526554718,QPSK
24.17054366630677,64QAM
4.848481821908923,64QAM
8.785068673807812,16QAM
20.38524068209666,64QAM
9.464676194466717,QPSK
23.775050455843978,QPSK
3.913604615320825,64QAM
22.880585113638254,QPSK
2.0505514455169873,64QAM
0.37777838002484354,64QAM
26.946705564964862,64QAM
17.440176507968957,64QAM
10.554806912604345,16QAM
6.9778391089155125,64QAM
18.506573497824483,QPSK
15.270065506102146,16QAM
29.747933265899555,QPSK
29.49647959961237,64QAM
19.05073698424829,QPSK
13.286115183176715,16QAM
14.734229074039863,QPSK
20.474371987105858,16QAM
3.047236327061441,64QAM
9.850562214321545,64QAM
2.258167230108116,QPSK
2.2008227855075866,QPSK
5.875177256827012,64QAM
14.557597637796807,64QAM
23.54322963488368,QPSK
14.564876734976176,64QAM
10.064298316826093,16QAM
2.470589710102744,16QAM
16.50886569549389,QPSK
8.138057594495303,QPSK
18.448025337514423,64QAM
29.31563217397255,64QAM
3.339429644326505,16QAM
6.363761961658198,QPSK
14.192836142981243,QPSK
29.058414460377886,QPSK
23.15429328809987,QPSK
26.946875794884903,16QAM
10.011445454273787,16QAM
29.761154213357838,QPSK
3.084984481924722,16QAM
1.589187181383025,QPSK
25.668078811620845,16QAM
27.817946106209586,64QAM
2.7175607263830526,16QAM
3.402822802375245,QPSK
0.9952247326732144,64QAM
3.135226879281723,QPSK
6.282594504008427,64QAM
29.10229856730003,64QAM
20.035806667190414,16QAM
23.356590765556263,16QAM
23.284182110745665,64QAM
16.052212493376437,64QAM
23.924669331390515,64QAM
17.87422597169909,QPSK
9.436382928100729,16QAM
16.833303263052024,QPSK
16.005257584035405,16QAM
24.70359161277962,QPSK
29.45181652144977,16QAM
12.331276962627916,64QAM
22.90172035324079,64QAM
2.992890121144006,16QAM
23.304941083448657,64QAM
11.142507359796964,64QAM
1.1817048866906,QPSK
10.897385356865318,16QAM
18.319282527649342,64QAM
3.577505030443997,16QAM
27.721034772907636,QPSK
2.3301723981851574,16QAM
27.900201594994986,QPSK
21.214125538070594,QPSK
9.891365262426108,QPSK
11.722510431272797,64QAM
22.224280941982325,QPSK
18.04413302643622,16QAM
20.149287643648357,16QAM
11.6749384954044,64QAM
14.634404454227969,64QAM
29.696024521136803,QPSK
6.417686114991531,QPSK
12.535685595663942,QPSK
8.75469562721902,64QAM
22.953345313195495,64QAM
22.92037876997162,16QAM
8.773363829921877,QPSK
2.4417094989894874,QPSK
0.34298030016612135,16QAM
12.823515997274566,16QAM
12.310127830073126,16QAM
29.65169635919589,16QAM
14.094062270930388,QPSK
7.692551087262619,64QAM
26.736883230944024,QPSK
14.732038489607355,16QAM
17.975269056317334,64QAM
2.8700613128463806,QPSK
11.487492219893221,16QAM
28.326710234213603,64QAM
17.685161525262764,64QAM
10.33505565427385,64QAM
18.770015418947793,QPSK
27.312332687343485,16QAM
8.219718014177701,QPSK
15.153501554120233,QPSK
28.76071961735266,QPSK
5.17188429895358,64QAM
21.589917767901348,16QAM
18.43443024608947,QPSK
20.390253934219047,16QAM
10.53658892002709,64QAM
9.416381204512948,QPSK
20.526290117651115,16QAM
6.46629855313636,64QAM
12.589642345770153,QPSK
5.64523938158754,QPSK
0.24914523369989228,16QAM
29.101720801142083,16QAM
12.95108935969257,QPSK
29.08048843259476,QPSK
4.209705593034783,64QAM
17.62100338372458,64QAM
6.029220983737188,QPSK
23.702223808898243,16QAM
23.511089662829256,16QAM
3.378214471179354,QPSK
27.361933586291673,64QAM
5.838889416096738,QPSK
18.38932024768081,16QAM
29.569008602631122,QPSK
26.471896042990913,QPSK
28.69691785683507,64QAM
10.277963136543583,16QAM
3.167269266583901,16QAM
5.650406198683503,QPSK
15.014846852298415,16QAM
23.796890348199664,16QAM
4.504609325516257,16QAM
19.791945967822713,16QAM
9.707328121185355,64QAM
10.236062171764605,64QAM
19.85753190473779,64QAM
14.009982585996607,64QAM
24.360998790779817,64QAM
4.677555289884811,16QAM
23.698448093011155,QPSK
1.927057441722626,QPSK
5.82161640736815,64QAM
19.684491435094962,16QAM
25.647769695332137,64QAM
7.580388832180471,QPSK
9.815748174867387,16QAM
16.1136224486022,16QAM
6.34718419467907,16QAM
24.33468784762517,QPSK
23.209099350172824,QPSK
4.358751358973448,64QAM
13.914891954498964,64QAM
23.244832999638643,QPSK
10.119885933102443,64QAM
18.99320468153195,QPSK
1.5063936437271819,16QAM
18.260662815879538,64QAM
4.57958940001821,QPSK
24.91749975343354,QPSK
10.663483907414355,QPSK
8.446615881845872,64QAM
25.22666930134455,64QAM
1.5043206921543062,16QAM
11.898263980030343,64QAM
11.100106217250941,64QAM
8.544011227486525,64QAM
27.35262996004431,16QAM
22.52785180550167,16QAM
1.9176949257581632,16QAM
21.440623483048622,64QAM
15.818973993863818,QPSK
27.026036832047378,64QAM
9.388368520450754,16QAM
17.224859988287488,64QAM
15.02265824222958,64QAM
14.686827186828172,QPSK
13.683161985516378,QPSK
6.168884265968439,64QAM
22.671297674771782,16QAM
13.54008098217866,64QAM
28.755488250078173,64QAM
7.824252815783289,64QAM
20.482315188811235,16QAM
28.221512389173252,16QAM
19.903749690482776,16QAM
26.13818722852184,16QAM
24.824428792710183,16QAM
10.803531464670115,64QAM
18.003718198184895,16QAM
4.687840194340668,64QAM
16.065776480867985,64QAM
6.912659154430116,64QAM
22.31210444857337,QPSK
15.841752656763738,16QAM
12.336820878949815,16QAM
8.063912885009326,64QAM
29.960954455238607,QPSK
2.1513156265479805,16QAM
1.3068204171726006,64QAM
6.517722014815936,QPSK
29.13217375883459,64QAM
29.377145049599534,QPSK
19.64783204316408,64QAM
26.40320001619214,16QAM
6.418851925223862,64QAM
29.161262825298707,64QAM
4.2835455041869395,QPSK
3.033755645449748,QPSK
3.366346177418187,16QAM
17.19383769817694,64QAM
23.42923202154157,QPSK
11.000015336238993,16QAM
29.336879633583795,16QAM
13.032604143549884,QPSK
4.5134565231964885,QPSK
13.9790024455841,64QAM
20.371114962673197,16QAM
24.96677341513136,QPSK
13.763048698697787,16QAM
17.808204781475023,64QAM
8.020341364765601,QPSK
19.37749579216542,16QAM
29.579158318510313,QPSK
1.4716071776338158,64QAM
26.595920121155032,64QAM
16.868475083025682,64QAM
7.562959786868998,64QAM
28.646691300277737,QPSK
14.500629091766967,QPSK
9.95070755020157,16QAM
5.444928848125235,16QAM
7.333566307699862,QPSK
24.985471247743277,QPSK
18.432300279514976,16QAM
27.39736858464948,QPSK
6.9590535647335745,64QAM
3.6341572154670443,64QAM
0.18262592926770016,64QAM
15.235861128479813,16QAM
29.949207911459645,QPSK
20.84895806455917,16QAM
9.251837758954382,16QAM
26.30575749078515,QPSK
23.451667979638792,16QAM
0.46245498229617765,64QAM
24.505814416230674,QPSK
9.01580271715488,64QAM
4.490203937508033,64QAM
6.789925192112237,QPSK
14.05739413125417,64QAM
12.746037812040331,64QAM
8.666618981226803,64QAM
5.166549666210981,QPSK
22.86692368926508,QPSK
29.703293512047512,QPSK
23.333747412590714,16QAM
8.878109030146236,64QAM
7.344268842364001,16QAM
6.529976281978147,16QAM
4.1008522346710885,64QAM
16.539916490769038,QPSK
18.162011158600325,16QAM
21.165079819894117,QPSK
20.40640112801004,QPSK
8.769999338501474,64QAM
9.909330161905396,16QAM
20.445436063270137,16QAM
10.48342922350885,QPSK
6.378695688579391,64QAM
11.230084610902187,16QAM
8.16252472733933,QPSK
2.649381636557334,QPSK
24.904167068299607,QPSK
25.59334167471109,64QAM
6.592509005006384,64QAM
1.9431659857560524,QPSK
22.164823120535385,QPSK
6.3458587759024105,64QAM
11.803064683105807,QPSK
1.9240575671214977,QPSK
6.788087542753055,64QAM
23.787068349889072,QPSK
24.131893407456054,QPSK
6.212544746631313,QPSK
10.077415353200687,64QAM
4.027152572812307,64QAM
2.2251789085476714,64QAM
29.765151433452285,16QAM
19.667818537345177,16QAM
16.262895275949564,16QAM
22.964955012158985,16QAM
25.202314790631725,64QAM
24.201443041341825,QPSK
0.4961834786962982,64QAM
5.604236945714955,16QAM
19.647159063534932,64QAM
11.272780434118888,QPSK
29.47447953183321,16QAM
19.96214377914762,QPSK
28.696467261876194,QPSK
6.043394449373815,QPSK
25.918710843450693,16QAM
9.64056917445676,64QAM
29.686944247134203,16QAM
4.730660162194419,16QAM
15.490194565149798,64QAM
23.785336015113657,64QAM
12.979274418121076,64QAM
14.0425218056294,64QAM
29.59067386517223,QPSK
12.7592445090346,16QAM
18.122163017971907,16QAM
1.636189820254521,16QAM
25.2663024063078,64QAM
19.445041469386304,16QAM
12.120603085884406,QPSK
0.48508619863559255,16QAM
17.750064617805116,16QAM
0.3797348545248658,QPSK
0.03610841727053726,QPSK
18.48295686448064,16QAM
5.670512020036628,64QAM
5.756626491542859,64QAM
19.59814697498231,16QAM
1.6109156381812284,16QAM
9.40216684423669,16QAM
4.482957064260572,16QAM
17.405291093896015,64QAM
19.852954641821874,16QAM
21.634075607971305,QPSK
7.656936507556963,64QAM
2.67749254909752,64QAM
2.360509708256935,QPSK
12.784546453521713,16QAM
28.37533227188145,16QAM
6.531871027410738,16QAM
7.70224804024648,16QAM
3.026664063175768,16QAM
18.16710821681791,QPSK
20.396186218415245,16QAM
19.2879362448228,QPSK
25.833907291343436,QPSK
14.592775050782151,QPSK
4.033711223011933,16QAM
8.682153921132379,16QAM
19.872899202640554,64QAM
18.393659212246796,64QAM
15.930093892288875,QPSK
20.488932560660615,64QAM
19.12172551119898,QPSK
26.43974668394855,64QAM
17.5804913243489,16QAM
23.358040761016696,16QAM
7.461214678994036,QPSK
20.34547753767204,QPSK
27.06582355148027,16QAM
11.571969836994997,16QAM
23.3731256201594,16QAM
21.74367903586306,64QAM
1.7857859061546744,64QAM
17.44524928872217,64QAM
3.9056804760240715,64QAM
29.019575166917736,QPSK
24.342225081019684,QPSK
3.2917140374136036,64QAM
3.6525599294303523,QPSK
17.834215647378567,64QAM
10.346675225195499,64QAM
1.0471757721932784,16QAM
16.249245234991594,64QAM
11.635352990575408,QPSK
3.0322947711522796,64QAM
24.05761176767948,16QAM
27.45230295836418,QPSK
22.6978180204239,16QAM
24.67266930048832,64QAM
6.494717017983521,64QAM
7.90718852755803,64QAM
6.255826208975632,64QAM
22.95190294096692,QPSK
28.437512368034913,64QAM
21.505116202017078,16QAM
26.44400294638668,QPSK
19.160972846495177,QPSK
11.629797016763971,QPSK
12.772848447909155,16QAM
2.2596429650221452,16QAM
0.9437158573807825,16QAM
20.86426812567232,16QAM
13.152866760335419,64QAM
16.566452041638886,64QAM
16.72983742867249,16QAM
8.321274399999043,16QAM
14.27677532488472,64QAM
14.122806650031068,64QAM
11.65281663683571,16QAM
24.620261502032115,QPSK
13.534920110627876,QPSK
18.109335735179634,16QAM
26.86560361142478,QPSK
25.987008685767673,64QAM
26.712666113374954,QPSK
8.10014989395042,16QAM
1.049474649241885,QPSK
7.832003996859877,QPSK
8.36122036862126,QPSK
27.28080980174904,64QAM
19.47728198513912,64QAM
2.4511187880668626,64QAM
4.061357880333034,16QAM
4.670283766259262,QPSK
18.912652445067696,64QAM
22.062420765210092,64QAM
25.789317316961885,QPSK
28.219096524187293,16QAM
6.051136721593253,QPSK
9.293174541721472,16QAM
7.2096864223449195,QPSK
10.762847023984133,64QAM
27.439953222712482,64QAM
17.253377008180845,64QAM
22.14575691973497,16QAM
14.70357708380346,QPSK
0.8657374000837359,16QAM
1.9258645799344298,64QAM
16.137690938036574,16QAM
21.56367104460077,16QAM
6.459915825861945,16QAM
21.65728721976912,QPSK
24.319973204505374,16QAM
12.356924350863336,16QAM
22.39257698532315,16QAM
12.120898509853797,64QAM
20.3505188836506,64QAM
22.91991147958629,QPSK
29.757798549243326,64QAM
10.361899861907883,QPSK
12.331223417238345,64QAM
4.968601782305139,QPSK
6.122191752054206,QPSK
20.801850077951332,QPSK
27.51136770463428,64QAM
11.838148549837216,16QAM
5.395333405066237,64QAM
8.552984981489821,16QAM
13.65155114424416,64QAM
8.719509880961052,16QAM
7.007372493655987,64QAM
22.079534662712387,QPSK
0.23534763721869578,QPSK
16.176915820094493,QPSK
23.813004210892615,16QAM
7.986848589524046,16QAM
18.09874531836052,QPSK
20.067003168558532,16QAM
19.6507408921527,QPSK
13.375489025961532,64QAM
10.397339636273376,16QAM
25.077722190834404,16QAM
22.75337870999593,64QAM
9.637655202417376,16QAM
3.0905758332661826,16QAM
2.1542263633640757,16QAM
2.828279336968081,64QAM
17.486080835761285,QPSK
1.5498652748696906,QPSK
10.107806248921152,64QAM
22.59599105742688,64QAM
8.830444995461344,64QAM
22.899242315403896,QPSK
22.36401114621166,64QAM
7.37481397899649,QPSK
21.864665402782364,64QAM
22.433299148163023,16QAM
11.923617770010805,QPSK
6.312614512245547,QPSK
15.638124206756073,64QAM
27.64192764000589,16QAM
19.18850197296186,QPSK
5.187674928817836,64QAM
20.482707742005598,16QAM
12.816090818455038,QPSK
17.74586392066119,64QAM
22.021921050693237,16QAM
15.448420545433345,QPSK
24.41951923719926,QPSK
21.664667379498834,16QAM
18.45220020055532,64QAM
4.523784474970545,64QAM
25.078473327347048,16QAM
28.077167559594482,QPSK
4.108953714278845,16QAM
14.647233883002917,16QAM
7.766662259115135,16QAM
22.635699222766938,QPSK
21.648889080141,16QAM
4.226553617111961,16QAM
26.310818137849115,QPSK
5.429191919340068,QPSK
23.917770769443223,16QAM
13.709410788840145,64QAM
9.848168806744537,16QAM
4.747177880226405,QPSK
5.028427684398881,QPSK
19.85671664102701,QPSK
16.512911638413616,64QAM
3.662562649536981,QPSK
3.3809358131497556,64QAM
2.1693172431837437,QPSK
22.313020421206325,QPSK
21.356462556878675,16QAM
1.7529297256372545,64QAM
16.808102267909188,16QAM
2.540284657280697,64QAM
27.112373118268252,QPSK
27.213522575403974,QPSK
20.946989694393903,64QAM
27.785667643183498,16QAM
24.343590912410715,64QAM
24.85615727781148,64QAM
17.091235517097996,64QAM
9.181775946485276,QPSK
6.5339734534926475,64QAM
9.816000661167875,QPSK
18.85486290267186,16QAM
5.179696074971968,QPSK
7.7592070991196485,16QAM
14.041825883863932,16QAM
6.991502955738467,16QAM
17.65931009148185,QPSK
27.695280853689894,64QAM
22.442680971093793,QPSK
19.99279842446739,16QAM
17.481644279513365,64QAM
14.638437277711947,QPSK
5.596915789039791,16QAM
26.841313662805966,16QAM
7.45608006038509,64QAM
2.7392663273448226,QPSK
22.500455376860856,64QAM
5.2684660299349915,64QAM
11.15687998623528,64QAM
0.8485478487293918,64QAM
4.112038276213442,QPSK
5.196108922797363,64QAM
1.6323038325053385,16QAM
19.699708698685356,16QAM
25.110233874093517,16QAM
11.19946219097823,64QAM
26.237294301546022,16QAM
6.400397236803795,QPSK
9.761712706837184,64QAM
4.522109790935051,64QAM
18.61677586256996,64QAM
12.596087726109205,QPSK
18.39850040525696,64QAM
22.850247161825507,64QAM
16.371090480988453,16QAM
18.828910647053636,16QAM
28.05750943182999,64QAM
8.971929288265294,QPSK
10.774918159018593,16QAM
21.531100851280108,64QAM
18.3391655116616,16QAM
5.355987136191445,16QAM
11.284419300314706,QPSK
14.035140393741449,64QAM
12.58169513905168,16QAM
5.3482442496612235,64QAM
27.732902753527867,QPSK
22.869562850819275,QPSK
14.440674963235567,16QAM
20.401830849205098,QPSK
26.918480164065656,16QAM
4.085224270847137,64QAM
7.51119152120933,16QAM
16.281037417699352,16QAM
23.970311140570757,QPSK
1.0876468632458214,64QAM
29.520544505890815,64QAM
13.647198086471914,16QAM
10.77693421865169,64QAM
8.781733135193155,64QAM
5.230701229526149,16QAM
23.747217267900837,16QAM
28.662424942382895,64QAM
12.409342645361946,16QAM
28.572620842603687,QPSK
24.713928463051026,64QAM
14.431533824289549,16QAM
20.220785373783983,64QAM
13.049525375113888,64QAM
16.761702246376572,QPSK
1.7413901105551144,QPSK
20.887904259015993,64QAM
1.5847393345241012,QPSK
24.512548407589485,16QAM
24.748407883816725,64QAM
7.112318626686438,QPSK
9.709883431074008,64QAM
14.4393113567488,64QAM
17.899887207974444,16QAM
8.620609852259902,16QAM
17.77459213895775,16QAM
8.933612196878967,QPSK
1.6647216321318203,QPSK
0.07582649495726845,QPSK
3.034531737552858,16QAM
23.767521004920546,64QAM
28.842939371500115,16QAM
12.808985978436578,QPSK
15.380518603498283,QPSK
4.405445072202784,QPSK
16.53094058040471,16QAM
4.339647060209305,QPSK
18.3364299359649,16QAM
27.997760027425617,64QAM
5.870956179091188,16QAM
22.93691154171306,QPSK
0.7050726845497213,64QAM
11.26491723964863,QPSK
3.3224552349152714,64QAM
10.574263247870983,QPSK
5.206107589166505,16QAM
11.199149703686622,QPSK
12.525684183225911,16QAM
9.01773368342755,16QAM
19.698658484193874,64QAM
27.56556153776729,16QAM
12.017861223158171,16QAM
5.770294694250643,16QAM
8.1216827458795,64QAM
25.62002470489107,QPSK
17.14919169810444,QPSK
13.650330969208719,16QAM
4.489101645267802,16QAM
13.491819249713458,QPSK
8.3547601007216,16QAM
28.294893835600476,QPSK
26.52210328247194,64QAM
2.51707625484594,16QAM
15.499604677837286,16QAM
6.751750365440162,QPSK
12.323312685728718,QPSK
26.305439947543693,64QAM
15.825435596656344,16QAM
10.026458801122795,QPSK
6.236650623149912,64QAM
24.009745782194678,QPSK
18.735540460930416,QPSK
14.041963812786936,64QAM
6.524530615889342,64QAM
10.02739122471394,64QAM
28.795302802155554,64QAM
15.60269812817503,64QAM
12.020978437297588,64QAM
15.642661270449716,16QAM
23.36965517698826,64QAM
10.203268095086063,16QAM
5.361183627978265,QPSK
17.548083550171434,QPSK
19.956123104432017,64QAM
21.381540088756488,QPSK
26.45962772298389,64QAM
11.135223620673392,64QAM
2.2606468868667537,16QAM
28.750457508928267,QPSK
13.050357823124255,64QAM
18.69772529019394,QPSK
19.98915969384877,16QAM
16.395411261036106,QPSK
6.157725892088103,16QAM
22.654291503484245,16QAM
24.11255922912245,16QAM
16.589267580523195,64QAM
14.656834817545247,64QAM
3.4181454938395595,QPSK
2.5185498449935153,64QAM
10.186945366905862,64QAM
9.325384665521797,QPSK
28.609693528898138,16QAM
23.50868227330289,16QAM
19.797728857771798,QPSK
15.529442670528152,64QAM
5.02102592179954,QPSK
29.353700165528515,QPSK
11.251220947206301,64QAM
3.207768073417344,QPSK
14.813966871472383,64QAM
26.219940348392498,64QAM
26.618730053319883,QPSK
0.3289774816934177,16QAM
26.58887234254199,64QAM
8.144526524995756,16QAM
1.1691709190526922,64QAM
25.43370811088623,16QAM
25.916002679646247,QPSK
17.8869323952705,64QAM
17.233012718890752,QPSK
24.39360817864258,QPSK
23.589286581308393,QPSK
26.703164203281123,64QAM
16.582423427901105,QPSK
29.02941278198426,QPSK
29.884404928000155,64QAM
3.4963382999589774,QPSK
25.486312786623664,64QAM
14.994667732457671,QPSK
11.626990148994963,16QAM
18.39216929648145,QPSK
1.6789667178602108,16QAM
15.193833563012397,64QAM
26.1267171008,16QAM
6.403845484169064,64QAM
12.791696843082754,QPSK
28.184426631446264,16QAM
12.856915134170919,QPSK
10.75102896997195,16QAM
13.216099443701347,64QAM
15.58358299552669,64QAM
18.959740323944064,64QAM
24.020784027501932,64QAM
13.563066172929428,QPSK
24.52442805270421,QPSK
16.011619840562417,QPSK
10.15441531103933,QPSK
19.738524843582425,QPSK
21.53166764230474,64QAM
16.741469268884625,QPSK
1.6984491940417024,QPSK
5.096486254824747,QPSK
8.558931626706846,64QAM
8.478768178544794,64QAM
20.20262400740612,64QAM
0.5504598502089775,64QAM
22.670453311485595,QPSK
7.960274244207995,QPSK
9.300655386483072,16QAM
15.837294838317728,QPSK
6.477768028168725,64QAM
26.534139407265826,64QAM
2.561063379796958,QPSK
13.331470869031946,16QAM
25.4826680836467,64QAM
18.475316832637073,16QAM
8.769885475279004,64QAM
12.622806233293822,64QAM
21.200831410275438,QPSK
29.19782230091698,64QAM
26.794161551383006,16QAM
10.272984251471303,16QAM
29.945936378635725,QPSK
0.10513990593174816,64QAM
0.8288926742524527,16QAM
24.715215455135816,QPSK
5.98388060499156,16QAM
1.8230780518872258,QPSK
7.114442197095067,16QAM
12.783004619425807,64QAM
21.916988113002144,16QAM
18.730065796536167,16QAM
7.128636526812613,QPSK
15.098113443017532,QPSK
27.786423161957064,QPSK
24.450233309512733,16QAM
9.695693544953802,QPSK
29.467936840670887,64QAM
21.25861201305393,QPSK
1.8734806700034534,QPSK
1.0548213986591604,64QAM
5.0522384703009,QPSK
21.835676041504403,QPSK
5.512167775272837,16QAM
15.344603076265006,16QAM
2.797803605424952,QPSK
27.626584734905855,64QAM
10.318818407507028,QPSK
27.243961696818925,QPSK
28.34626925731633,QPSK
0.18385941941042372,16QAM
13.924055615961962,64QAM
0.7396816712067866,64QAM
27.260782989087176,64QAM
15.552226342037276,16QAM
2.2483203809549046,16QAM
3.308301848297006,QPSK
11.505270734782172,16QAM
28.207025786186684,QPSK
20.787274547042426,16QAM
26.02856598567397,QPSK
10.993699390199389,16QAM
1.2964109864999496,64QAM
29.229529116132422,QPSK
0.5151897198710864,16QAM
28.42954959243267,16QAM
11.06032271547434,QPSK
0.30271215065644563,16QAM
20.67471695173525,64QAM
29.416209120940625,QPSK
28.968771685127777,QPSK
4.8281103360725535,QPSK
5.437434181984649,QPSK
16.966167438589803,QPSK
19.11914479284973,64QAM
22.182537409975968,QPSK
5.431510814164425,64QAM
28.770212602933036,64QAM
19.162177688677136,64QAM
25.411407566116644,QPSK
16.201971458525154,64QAM
12.428305427696477,QPSK
29.31548719784988,64QAM
17.463641124595082,QPSK
26.006207483975366,16QAM
28.598771890988697,16QAM
20.260638810259778,64QAM
16.468160355560247,16QAM
0.10532552731951861,64QAM
1.2005892221701797,64QAM
6.02553648153349,64QAM
5.580252955679858,16QAM
7.64276385599536,64QAM
9.148039130929824,16QAM
10.801964806521848,16QAM
12.616130702066297,QPSK
2.96599015368044,16QAM
1.2708579585834612,QPSK
20.218333472190704,64QAM
16.120044745292333,64QAM
13.32432606660359,QPSK
19.03319823505057,64QAM
24.830382216106216,QPSK
12.830787273486138,QPSK
19.233583951559382,64QAM
28.60716671505476,QPSK
25.188734875846823,QPSK
12.780024315072284,QPSK
19.34150513444229,64QAM
5.312127657478193,64QAM
16.815665546852696,64QAM
29.439848734153284,64QAM
15.549453456075668,64QAM
27.82914897570442,16QAM
12.22004761509782,16QAM
29.965344815538934,QPSK
17.376601056826736,16QAM
1.2680698270780366,64QAM
17.602643900741644,64QAM
8.237180870387899,64QAM
0.9744396610768413,QPSK
24.6255991408399,QPSK
8.271889109422677,QPSK
23.896456621394954,QPSK
8.646527488676009,QPSK
5.829790616213229,QPSK
29.218067223132824,16QAM
10.849359832650586,64QAM
18.041286343294814,16QAM
18.299444784434147,QPSK
16.814204465205055,64QAM
27.44087230563644,64QAM
20.233232141006056,64QAM
12.111990123147905,16QAM
25.87141153572822,64QAM
5.431886973478932,QPSK
16.327102728312525,QPSK
28.516511158312692,16QAM
18.761928896412382,16QAM
24.509053514246286,QPSK
19.606821766355786,16QAM
25.18112590613671,64QAM
28.334636395357307,16QAM
8.187651825982105,64QAM
5.089832437701566,64QAM
14.519722509976198,64QAM
21.055872804726476,64QAM
6.815737595466484,64QAM
0.12304351290501225,QPSK
10.28805347510116,QPSK
29.065780064033653,QPSK
20.8490238181754,64QAM
12.039763318236718,16QAM
5.77728292040521,16QAM
10.68269021264241,64QAM
5.095182999037439,16QAM
3.1891746393885425,64QAM
27.202271177176616,16QAM
29.929510151264207,64QAM
4.923433187873709,16QAM
1.6356767663483918,16QAM
9.89193321438637,QPSK
13.849775422842459,16QAM
6.144637412275634,16QAM
9.042747353956754,64QAM
6.0261220707497305,16QAM
23.22781705297354,16QAM
21.377338297417822,16QAM
19.048545472829453,16QAM
11.616535712376143,16QAM
27.271228239427078,QPSK
29.0859762460506,16QAM
5.20917937876236,64QAM
6.690379242356341,64QAM
15.76893084001109,16QAM
2.7375170784673584,16QAM
13.093451964693385,16QAM
17.453737943331305,QPSK
15.662207134119994,64QAM
9.927257492340782,QPSK
16.273374182316203,QPSK
28.764028627765434,16QAM
6.1805221287412815,16QAM
19.64494075182011,64QAM
1.3019008246815555,16QAM
1.992492134443048,64QAM
16.554846726707552,QPSK
3.148175409838484,64QAM
0.67040365280572,64QAM
5.1453899294406655,64QAM
16.945475129987233,QPSK
21.100228635567973,QPSK
6.0743569242414,16QAM
20.047783116245235,16QAM
5.47428993297688,64QAM
18.403722798937714,64QAM
12.358790396873966,QPSK
19.613985280008503,QPSK
29.851582574377417,QPSK
28.13450895697686,64QAM
0.12845273508310884,64QAM
26.563162930869172,QPSK
1.9947238552429958,64QAM
28.59139758479535,QPSK
8.454770372990541,16QAM
11.461044912338128,QPSK
2.7491461552718355,64QAM
3.368182749867288,64QAM
21.80221695687959,64QAM
28.32996707244875,64QAM
18.322454848629285,QPSK
21.47550046580433,QPSK
22.859092337914603,16QAM
7.884428236588251,QPSK
1.3568889276064477,16QAM
0.05618231757505754,QPSK
10.51947848862056,QPSK
7.243926845976483,64QAM
1.8695317514755694,16QAM
5.385848774810002,64QAM
3.734966948038434,64QAM
27.44635141852111,QPSK
4.208016403775067,QPSK
16.129453919630375,16QAM
17.793178653364937,16QAM
16.30468373125901,QPSK
2.971693026479639,16QAM
9.563950852516536,QPSK
1.538109973894598,QPSK
11.870097422889481,QPSK
5.65796793814776,16QAM
16.848975998531394,64QAM
20.784251815473016,16QAM
15.963595806141194,64QAM
13.027100898341873,16QAM
11.620002625700772,64QAM
25.250753042910112,64QAM
6.5810419519581025,16QAM
22.026550185866064,16QAM
22.72446974220357,64QAM
12.576000218122035,QPSK
8.91901797676918,64QAM
14.116244581379258,64QAM
2.796417776780955,QPSK
1.3779009668726994,64QAM
3.3480959835567536,QPSK
5.614350943866785,QPSK
15.12530461014129,16QAM
25.474099084833664,64QAM
7.06926995999061,64QAM
28.054860322403343,QPSK
28.6472372680501,64QAM
28.767138145356157,QPSK
25.126882040289715,64QAM
10.914751223931617,64QAM
2.1805173300786915,QPSK
17.064561952994847,QPSK
16.760443318117012,64QAM
25.499273013287866,64QAM
29.879731528383154,QPSK
15.244719196804427,16QAM
10.356120931193528,16QAM
5.57705134668801,64QAM
0.14399474452112204,64QAM
15.273410774666376,64QAM
16.66556000107787,QPSK
24.748154394521922,64QAM
15.137309036784018,64QAM
27.494050459981697,64QAM
18.842504297143066,16QAM
25.210087146632496,64QAM
4.449052044232413,64QAM
25.660083909069442,QPSK
20.25431563331545,16QAM
5.106990973149916,QPSK
5.692906744380326,64QAM
27.79501857132664,64QAM
0.9664608135111863,64QAM
13.876048298871183,64QAM
9.404258698023046,64QAM
19.952323199952843,QPSK
25.188881627069758,64QAM
10.811343646697086,64QAM
12.807062619685116,16QAM
29.457533535042426,16QAM
23.517495290376083,64QAM
26.91612392795374,64QAM
13.162866619548891,64QAM
7.022286119523456,64QAM
12.355903961593551,64QAM
21.482757534945407,64QAM
3.2829121450793797,QPSK
8.114073168495265,QPSK
1.3990770138477115,QPSK
12.970432150143946,16QAM
24.8233720793884,64QAM
0.739910648940324,16QAM
20.25970580421498,16QAM
27.97487623541219,16QAM
7.107835845335469,QPSK
20.809045221829443,64QAM
29.25305703300601,64QAM
28.868341804573895,16QAM
7.047875790874299,QPSK
3.009931596362061,16QAM
4.448476136877479,16QAM
21.061070054464263,64QAM
21.772766263598267,QPSK
20.22709684884597,64QAM
10.082351632267143,16QAM
5.093308192743664,64QAM
17.422832758567594,16QAM
14.510413372735995,QPSK
21.865024413669104,64QAM
13.240802360568644,64QAM
10.159190840594052,64QAM
8.804357320770432,64QAM
6.344109601492396,64QAM
7.9723912855998424,QPSK
2.8449131653230406,QPSK
10.405710327866686,64QAM
1.097094370888746,16QAM
5.592415414989804,16QAM
22.403113338582873,64QAM
9.76406966029868,64QAM
20.047110509320316,QPSK
21.50652526791832,QPSK
17.435560281963404,64QAM
28.760932240961953,64QAM
0.6431959986933977,16QAM
22.159579517644264,QPSK
28.76359931821224,64QAM
25.86815188058818,QPSK
5.036780754150399,64QAM
9.804609187551963,64QAM
5.173555196293962,64QAM
18.039250914441123,64QAM
21.36563945938477,16QAM
9.512213080891746,64QAM
16.185197219528863,16QAM
20.72761710213585,16QAM
12.64019449833145,64QAM
25.62046591366378,QPSK
23.146498058634513,QPSK
1.9399663155171198,64QAM
18.63375897272487,64QAM
7.059766528792489,64QAM
16.72554794001826,QPSK
28.706653278988988,QPSK
26.371860136567506,64QAM
12.135492093453951,QPSK
8.745415750330602,16QAM
7.03217233224777,QPSK
15.975446092695602,QPSK
3.42745359774169,64QAM
16.47825024384746,16QAM
0.04000918472376047,64QAM
9.715488922375345,QPSK
6.598029414917438,16QAM
29.136563698823462,64QAM
21.817269587099368,QPSK
10.489601413867131,16QAM
2.7853525959186154,64QAM
15.50401784071872,16QAM
6.403436439781269,QPSK
16.092886376950734,64QAM
25.060870625366775,QPSK
18.47377656304156,16QAM
19.013652586350066,QPSK
16.230908671884343,16QAM
27.817968978942275,64QAM
27.9570805326181,QPSK
15.381696032206566,64QAM
9.172784614305133,64QAM
13.787610176383318,64QAM
5.596737365868471,64QAM
19.09032945954268,QPSK
15.002770073466996,QPSK
3.0990143343983965,64QAM
5.929433433588461,64QAM
14.388958685985804,16QAM
26.62766972156575,64QAM
16.99172161893292,16QAM
20.446050006254126,16QAM
10.170856492317291,64QAM
17.142341791327027,QPSK
13.421394679142022,16QAM
19.77389737869482,QPSK
1.517266982370311,64QAM
14.799006487168775,64QAM
8.879778754319009,64QAM
9.785551838337277,64QAM
28.827522946741844,16QAM
5.480844381341483,16QAM
9.337357577357908,QPSK
15.296777271926153,QPSK
25.89080844448871,16QAM
12.500102496191113,64QAM
22.315958426645132,QPSK
25.69122294644407,16QAM
9.300490674655467,QPSK
11.782505506161298,16QAM
10.696686710650688,64QAM
24.98567425853763,16QAM
1.3304058586080347,QPSK
9.2526326648604,16QAM
20.382256727853896,QPSK
16.96330498696028,QPSK
13.08868077881083,QPSK
16.198446816641532,64QAM
5.9275375748495485,64QAM
12.921498648240311,16QAM
15.051089525290472,16QAM
27.03567365863805,QPSK
7.82505488411929,64QAM
26.034855064947976,16QAM
19.32724202477946,16QAM
0.6102249320280295,64QAM
21.738940106981808,QPSK
1.0665563264716527,16QAM
29.92143380441439,QPSK
26.179100630735935,64QAM
8.92031242620137,64QAM
7.722336905901162,16QAM
11.443232463168266,16QAM
10.68500895943329,64QAM
11.170134551561432,QPSK
9.548296383584413,QPSK
18.634002205449942,64QAM
4.927909911618719,16QAM
25.379438773380397,64QAM
24.37207452093946,16QAM
14.294496235658112,QPSK
25.58189895835643,16QAM
7.414352100908799,QPSK
0.5269636711190084,64QAM
18.57623775089469,16QAM
13.737282208941462,QPSK
17.01493638887612,16QAM
26.980182270552092,QPSK
29.097767206978304,QPSK
19.03359419266809,64QAM
22.921667695573152,64QAM
2.514253004614928,16QAM
4.821467546745168,QPSK
21.9961441485893,64QAM
12.940963691640059,16QAM
13.378958112132171,64QAM
9.258230449063099,16QAM
18.220691504332315,64QAM
5.554951362486078,64QAM
18.807488379416867,QPSK
5.21396571405719,QPSK
1.914781041291408,64QAM
9.910730660971831,QPSK
6.93421026029543,64QAM
26.66974915668997,16QAM
1.648603616058798,64QAM
5.298410777223685,64QAM
16.461588167491485,16QAM
14.43201572542421,16QAM
1.3755605512410463,QPSK
0.21757284045433423,16QAM
29.642038258834496,QPSK
19.765041010765145,64QAM
10.962183927046706,16QAM
14.112967429897239,64QAM
7.996503613628608,QPSK
10.346213510796293,16QAM
19.47133401804642,QPSK
26.48435396602112,QPSK
5.5239006924355465,16QAM
25.21084516155956,16QAM
3.646698885548072,QPSK
6.449766707651737,16QAM
1.1152586414893795,QPSK
4.2243558627899835,64QAM
27.519094363921518,64QAM
13.783162398551358,16QAM
2.3299758533506063,16QAM
28.79180514116884,64QAM
26.369769232759502,QPSK
22.64047562604424,QPSK
28.004183758426734,QPSK
6.603882625072925,16QAM
25.09107879030259,QPSK
20.699735890629185,16QAM
26.092777487030652,16QAM
23.907346972278894,16QAM
10.39485189530475,64QAM
23.231956110517668,QPSK
7.873689089546709,16QAM
9.857764890841645,QPSK
3.2371715166892843,64QAM
28.052298479414063,QPSK
8.730100902008447,64QAM
15.618673955143555,16QAM
11.73998509398578,16QAM
28.797843617505045,64QAM
10.051475128154472,16QAM
23.35637464268067,QPSK
25.6624846389354,QPSK
13.068194924428978,64QAM
11.345154433587938,QPSK
22.432374627978838,16QAM
27.386879409187024,16QAM
22.647951992167147,16QAM
6.813790967755969,QPSK
26.64923242313116,16QAM
11.627450023104993,QPSK
17.28688235333803,64QAM
24.943068578781332,16QAM
5.651843022014766,64QAM
23.535304070326593,QPSK
17.884883937320325,QPSK
26.80024925482825,64QAM
5.159112055306289,16QAM
12.620467111227853,16QAM
24.98529278600512,16QAM
0.5769511037028052,64QAM
3.3660410029692853,QPSK
29.71695638270204,64QAM
8.411825357710516,QPSK
29.2662958117186,16QAM
5.4759465302602175,16QAM
10.83283329022007,QPSK
22.58608333510712,16QAM
19.733352217145356,64QAM
17.433671997871667,QPSK
15.896975274150227,16QAM
25.30321330994221,16QAM
7.048456885001782,16QAM
13.274127809805552,16QAM
4.663568764693719,QPSK
17.878247871921133,QPSK
7.516332728139606,16QAM
10.015261930301575,64QAM
14.137521498705844,64QAM
0.8031175710938354,64QAM
2.7581380776251296,64QAM
20.57787662124659,QPSK
12.869099421525217,QPSK
25.943706659996863,64QAM
20.840160109325982,QPSK
0.24302824941967338,64QAM
18.501369923014046,16QAM
2.8117459817914927,16QAM
23.427995393714827,64QAM
29.74523064835506,QPSK
15.935963827245345,64QAM
20.483385005823912,QPSK
7.119424826842547,16QAM
13.127932312613806,QPSK
25.68285996709151,64QAM
5.022688432387536,16QAM
7.966068168412863,16QAM
13.363010258580905,QPSK
21.367466755320418,16QAM
11.276518643870215,16QAM
27.831968393490115,QPSK
2.833711538061575,16QAM
11.124125926345425,64QAM
21.268623702852658,QPSK
6.779602969844774,QPSK
19.692394026890188,QPSK
4.926508746820378,QPSK
1.6794085458505914,64QAM
3.630471502459466,QPSK
27.89954349402404,64QAM
16.55252648818654,QPSK
23.89037326438947,QPSK
9.979635027151536,16QAM
17.7797594365634,16QAM
14.848564011149747,64QAM
28.37213878206882,16QAM
22.42723908162331,QPSK
21.91627894489737,64QAM
1.390598083028386,16QAM
16.490090070110732,QPSK
14.009743617054445,16QAM
27.835267998185834,16QAM
7.720259645685967,16QAM
8.095003598732829,16QAM
12.340387466445012,QPSK
7.301091402191281,16QAM
3.875517534262485,64QAM
25.722445399524023,64QAM
16.748295732117477,16QAM
25.840881568697004,64QAM
24.934042962110876,16QAM
8.461270643690133,QPSK
16.43212332972822,QPSK
2.4965310822021136,64QAM
27.45755652092275,64QAM
12.127881451954593,16QAM
11.81028551667064,16QAM
9.082661118538596,16QAM
13.819912341321114,QPSK
7.552781596363442,16QAM
11.245568183904137,QPSK
23.998411457546457,64QAM
25.027665107555155,QPSK
9.125474328855484,64QAM
14.070432916583638,QPSK
26.214593288401566,QPSK
1.580199954890914,16QAM
26.67434885987356,64QAM
6.57553036956995,QPSK
20.356177326431276,QPSK
17.476550891538007,64QAM
16.588222445677562,QPSK
25.78080674258464,64QAM
3.047164309339838,64QAM
10.410840759769082,64QAM
16.14758239034297,QPSK
24.338665618381192,QPSK
6.493292502350146,16QAM
24.08789524122829,64QAM
11.989154474818072,QPSK
5.667415693010862,QPSK
22.76959321330448,64QAM
2.7269670442364347,64QAM
15.443021222263289,64QAM
1.9162735158566524,16QAM
10.692535654733627,16QAM
18.03230397019178,16QAM
16.683466244616394,64QAM
12.139662537139996,QPSK
12.87143981916347,64QAM
6.803086600522996,QPSK
13.676477652723086,16QAM
28.597645671625028,16QAM
25.51358753351371,16QAM
4.356986072290314,QPSK
0.893423619627628,QPSK
28.005729381498917,64QAM
15.80249249642243,64QAM
16.13513469447923,64QAM
23.42153987119567,16QAM
9.440669216139796,64QAM
14.457227065080065,16QAM
29.05988739440213,QPSK
20.164460607972213,16QAM
4.612350959873578,16QAM
3.996802439530599,16QAM
6.1279427499901615,QPSK
23.001350232621526,QPSK
8.861310115218481,64QAM
0.6416654002523936,64QAM
28.325230905169857,64QAM
5.09140249184732,QPSK
0.28674558444205744,QPSK
7.113948071499689,QPSK
7.050863613544011,QPSK
12.660157525371691,QPSK
27.611694945001105,16QAM
26.375547533372938,64QAM
13.706836649472837,16QAM
12.326997149754195,64QAM
16.65027259424554,16QAM
7.303620359152973,QPSK
1.565549758990885,64QAM
28.1767240851362,16QAM
5.6009695463151825,64QAM
5.952021877371491,QPSK
14.173809865618429,QPSK
14.748400345209921,64QAM
0.5530262910222583,64QAM
4.438642163219121,QPSK
11.344644556822253,QPSK
20.511920805316173,QPSK
6.852553704958075,16QAM
12.69043338725288,64QAM
16.720351941494005,QPSK
26.65777483869876,64QAM
9.782115069813699,16QAM
4.0067479759045055,16QAM
14.678166776928247,QPSK
22.401648050521864,64QAM
3.2957927115820027,16QAM
12.740504750908812,64QAM
0.5335542378745028,64QAM
1.006775449417534,QPSK
14.488600896499968,16QAM
8.945918944527882,16QAM
25.353218970162363,16QAM
18.064629183793627,64QAM
13.617988852289711,16QAM
12.23806113162889,16QAM
14.917364405686898,64QAM
1.2131649363798402,16QAM
26.7838006926198,16QAM
29.94909467201875,64QAM
5.44461374576096,16QAM
3.611488943238592,QPSK
4.307323903457857,64QAM
19.830811747031014,16QAM
19.843225153523242,QPSK
25.43772486835233,64QAM
22.5547916527876,16QAM
13.490690201080191,64QAM
18.385660846959563,QPSK
20.648540111040237,64QAM
15.382094108556755,16QAM
14.2695295335491,QPSK
19.352923369279598,64QAM
16.724236469269613,16QAM
19.31826916007731,16QAM
18.385643218900917,QPSK
21.57589681540964,QPSK
19.284105263486282,64QAM
15.592274593118018,16QAM
20.453904338531597,QPSK
13.484458955562841,16QAM
7.250136779178032,64QAM
0.042546604017463796,QPSK
16.798924414375296,64QAM
17.71965679825923,64QAM
29.16146894327143,QPSK
10.844350022828266,64QAM
11.823997284849352,16QAM
6.053987440265707,QPSK
2.116028857119657,16QAM
23.184134785852216,64QAM
7.490431930179751,QPSK
18.26714583090114,16QAM
20.633191066364446,16QAM
14.13710061874943,16QAM
26.29056339081575,16QAM
13.313845229391863,16QAM
8.547258691252953,64QAM
26.88046568884867,64QAM
25.846928527498694,64QAM
4.92119841229239,64QAM
0.7788305506176285,64QAM
2.699566690488621,64QAM
8.596421956614511,64QAM
29.16779405225132,16QAM
16.75548459482475,64QAM
11.197851960878065,16QAM
26.66148283838239,QPSK
13.59408994435499,64QAM
9.457158852030634,16QAM
28.236585862369722,QPSK
25.48552998578034,QPSK
25.31005126258323,16QAM
15.368542291506394,16QAM
23.683151964463647,16QAM
5.380600777936556,64QAM
17.19668872668731,QPSK
29.51537768542637,64QAM
8.72875291553885,64QAM
23.830569877430257,64QAM
14.714352216242016,QPSK
1.1941704966626199,QPSK
22.89058193447002,QPSK
5.057074331763384,16QAM
18.944207013982506,64QAM
2.569925821409187,16QAM
28.406021924878946,16QAM
8.751716615410828,64QAM
6.793940750321847,QPSK
3.8740921219900293,64QAM
28.380065800171433,16QAM
21.357112273239157,QPSK
22.24982666154266,QPSK
14.982136841407337,16QAM
14.241833558114504,QPSK
3.3006372897442993,QPSK
16.795232867519754,64QAM
7.407494853263713,64QAM
29.314359984012174,16QAM
23.89742820045442,16QAM
12.389761805786627,16QAM
4.540237760745991,QPSK
23.559950734163518,16QAM
3.6616130124394797,64QAM
5.680012604912115,QPSK
6.345615532326823,16QAM
16.706719148192832,QPSK
23.61169961971099,QPSK
9.429446361740766,QPSK
2.5400944282586826,16QAM
13.936153905732576,QPSK
22.443307234798066,QPSK
6.649915292621649,QPSK
6.597736441181227,64QAM
28.416810820401324,16QAM
28.62461181357534,64QAM
29.713971961847292,QPSK
24.229788047243403,QPSK
5.645525075038367,64QAM
6.359445623977841,QPSK
10.20675724567176,64QAM
9.543975940004724,QPSK
28.69583247234027,QPSK
23.672219486450807,QPSK
21.720263764846617,QPSK
5.578896721743955,16QAM
27.28576678086989,16QAM
24.836111385185216,16QAM
4.9092552398377105,64QAM
26.135109958829176,64QAM
8.167426091114137,64QAM
2.426092374963181,64QAM
19.704669195426302,16QAM
19.614139781529918,64QAM
2.8479602869685428,64QAM
9.565554268097472,64QAM
29.78443386766616,QPSK
20.352800010262108,64QAM
21.902254998099874,QPSK
6.38751856812917,64QAM
2.36346213011743,64QAM
8.30705069222813,QPSK
7.466951555795759,64QAM
7.036323022441593,QPSK
5.782629656611187,64QAM
17.24267071966213,64QAM
9.843104275254653,QPSK
24.610350451425912,16QAM
5.51842253542152,QPSK
13.938812126056334,16QAM
0.4097350927823995,QPSK
14.45046967365576,16QAM
1.6751466262942316,64QAM
29.33170535617931,16QAM
23.717763859512385,64QAM
14.703344299093661,QPSK
2.5976207453805076,16QAM
17.77336322371243,64QAM
22.762912521056325,QPSK
5.7215175901423585,16QAM
17.046250223624725,64QAM
24.42632695148604,16QAM
23.04743332938949,16QAM
24.089760536014587,64QAM
26.379702746091596,64QAM
28.130463064784106,QPSK
12.165634656106079,64QAM
17.06307307568632,64QAM
23.719785781368326,16QAM
20.914194418373494,64QAM
29.865606847931364,16QAM
0.4103295331393242,16QAM
10.65399645947372,64QAM
8.430837788106073,64QAM
7.869475504966038,64QAM
6.675893474966573,64QAM
21.273715224456872,QPSK
2.5427841982596555,16QAM
22.24826501830015,QPSK
20.802775260488204,QPSK
7.524123975026892,16QAM
7.585013494954838,QPSK
18.865817560335067,64QAM
22.865133164510336,64QAM
26.294568392620967,64QAM
25.564186915634274,64QAM
28.946489824915595,16QAM
17.441546860095336,64QAM
27.259666840210787,16QAM
24.255398197812323,16QAM
26.840028729420407,16QAM
0.348798038560999,16QAM
28.97708975597433,QPSK
14.20590488539435,QPSK
23.94548968724529,64QAM
3.816123580133426,16QAM
11.878232874419222,64QAM
8.143819890629727,64QAM
8.749763115028111,64QAM
3.6976685985264526,64QAM
24.17291497629021,16QAM
0.2772694374323448,16QAM
9.375163709556075,QPSK
5.232316296492451,16QAM
17.671168218250216,16QAM
7.627572078436316,64QAM
7.76995363584299,16QAM
14.650144319859562,64QAM
19.58067118022777,16QAM
3.6391411369549087,QPSK
5.265343573964884,64QAM
7.415242337835528,16QAM
29.212446423538815,16QAM
11.91457499828761,64QAM
17.969702718930794,QPSK
7.246284381479336,QPSK
14.713785754724638,16QAM
2.2235752315787414,16QAM
1.0422643776698082,16QAM
14.062005804643805,64QAM
11.959778625552362,64QAM
4.10640959075483,64QAM
20.62804286762201,16QAM
29.787104726977933,QPSK
11.869404635901374,64QAM
18.736759077521835,QPSK
28.88927827093457,16QAM
24.94604917340626,64QAM
13.906566699080573,64QAM
22.12468453379758,64QAM
3.8440512075157205,16QAM
15.363115663913977,16QAM
8.371808315398097,16QAM
4.834910636884833,QPSK
12.788427187636046,QPSK
3.9304366330084326,64QAM
20.969553245234568,64QAM
13.687201321600066,16QAM
15.934338976939914,16QAM
4.391278160044711,16QAM
4.193149832804835,64QAM
17.502463057803723,16QAM
29.55029243488339,QPSK
2.8875174971317685,QPSK
8.571942856973438,64QAM
26.083773496136626,64QAM
2.168160367657108,QPSK
26.276571641008537,16QAM
15.728579501242535,64QAM
12.248003217792775,64QAM
9.290416930543676,64QAM
8.913514743835258,QPSK
9.174077473484363,64QAM
26.54409242880587,QPSK
21.713856905243567,QPSK
20.091690234934518,16QAM
23.962474468560025,16QAM
7.7134398901243495,16QAM
18.54128436245267,64QAM
13.80198716873853,QPSK
23.473249056005802,64QAM
9.277683314198566,QPSK
19.29535850609687,64QAM
26.466372354519404,QPSK
12.064514285847862,16QAM
1.9986626210238434,16QAM
15.481524670253783,64QAM
10.379174634210779,QPSK
20.166761416415248,16QAM
28.530987742458183,QPSK
14.56824953990541,64QAM
13.985706904666015,16QAM
19.63754400574381,64QAM
3.1049251078070306,64QAM
7.6051856677504395,QPSK
27.569379765011956,64QAM
20.09827840091299,64QAM
0.4033213195024876,QPSK
6.138764176770596,QPSK
20.48511798086697,64QAM
22.931976076877227,16QAM
25.195787180221256,16QAM
8.765304101461346,QPSK
27.93085788832688,64QAM
16.58840680733677,16QAM
20.89617067163679,QPSK
17.902165883397238,QPSK
3.6822016402386137,QPSK
28.893439781546395,64QAM
3.6862673968245794,QPSK
7.646458692335508,16QAM
24.408836406689403,64QAM
18.557908845033044,16QAM
25.144474961290708,16QAM
15.472085651221347,16QAM
11.309797060999045,64QAM
27.655364986433547,16QAM
1.0875695254438456,QPSK
25.683906610591375,QPSK
6.924533555633449,16QAM
25.462089832619032,QPSK
4.175898402506569,64QAM
17.406568910716214,64QAM
26.643237570344162,QPSK
14.206189406966715,QPSK
22.397000214101787,64QAM
24.140148535666754,16QAM
22.094826261503375,64QAM
27.75989210623795,16QAM
13.40502691559786,QPSK
5.1937631749546735,QPSK
1.4343319110743935,16QAM
7.3937960891251535,16QAM
4.295925116407263,64QAM
16.738462243034416,16QAM
5.54836011635196,QPSK
1.1680112186811353,QPSK
1.0796948660600358,QPSK
24.947084950945847,16QAM
17.743497943290745,16QAM
10.742559056801346,QPSK
26.826841282207408,16QAM
2.1058983422314084,64QAM
29.409662181834776,64QAM
18.48875370763383,16QAM
5.503927619065454,16QAM
20.372072969309055,QPSK
22.90143779350688,16QAM
12.880283501123234,QPSK
25.84897818736642,64QAM
4.521972218894109,16QAM
8.36512750732825,64QAM
2.804770847519693,16QAM
6.3263352182205645,16QAM
7.161864357334351,QPSK
27.528995727651303,QPSK
2.3432906625346863,16QAM
12.822453605631283,16QAM
15.971960616807388,QPSK
26.960791614064824,64QAM
29.930886559836406,16QAM
22.601643447595073,QPSK
29.123729717070887,16QAM
23.613033976076213,QPSK
28.896079229142497,64QAM
21.218121778333654,16QAM
2.392902763532132,16QAM
12.057605609780296,64QAM
19.39791851407411,16QAM
10.52155528362753,16QAM
8.201517543413358,16QAM
17.32197801399273,QPSK
28.005056301073047,QPSK
1.0494562054846068,16QAM
23.07693610624313,64QAM
21.681818341338815,64QAM
28.918602761648614,16QAM
27.921336669976306,QPSK
22.866976861325785,QPSK
15.61226294047796,16QAM
6.128026597005595,QPSK
16.35707154976723,QPSK
22.960559817589616,64QAM
26.870076379136794,16QAM
23.691360276316473,QPSK
5.858008055731619,QPSK
17.990589426841783,QPSK
9.96520378594071,16QAM
0.2761700217192897,16QAM
6.006628073659982,QPSK
3.396619498003478,64QAM
25.281573706184055,64QAM
7.755187564434359,16QAM
8.540939066626665,64QAM
28.798097153966527,QPSK
11.372601691465565,16QAM
0.28756920433183675,16QAM
8.515384450384095,64QAM
3.5789874180543735,16QAM
3.084256852075619,64QAM
2.3246187040724853,64QAM
17.797784105261318,QPSK
5.6804317088957585,64QAM
10.837283821230313,64QAM
25.860531483900502,16QAM
12.73014419388827,QPSK
27.470740501549127,QPSK
14.938141601868187,64QAM
11.965098445192673,16QAM
22.511667812721047,16QAM
2.195252963040063,16QAM
2.6843514894725216,QPSK
19.55921141768882,QPSK
14.608221397177449,64QAM
23.712457509576307,64QAM
27.48812512030594,16QAM
11.651006330146426,64QAM
17.892300797539388,16QAM
15.020898833859297,QPSK
29.448319669272987,64QAM
24.932532220697855,16QAM
27.352131248320607,QPSK
7.630202627328125,16QAM
23.17579269487783,64QAM
7.964196749929467,16QAM
6.262276002851697,QPSK
28.327984789666523,64QAM
0.5791325015359994,QPSK
28.96166110990289,64QAM
4.477856909664187,16QAM
24.583142453798043,QPSK
8.277676592043093,QPSK
10.521069822921822,16QAM
6.502731339659549,QPSK
17.56542127443239,QPSK
10.442866425236222,QPSK
19.721791184839898,QPSK
0.46941953826197924,16QAM
1.9312465054511885,QPSK
2.989834581937459,QPSK
12.569810559306932,QPSK
24.44388517979928,64QAM
26.64533731135148,64QAM
7.344322201827023,16QAM
17.23109172717042,16QAM
23.050949780778016,16QAM
8.66488289758826,QPSK
12.270232102088197,64QAM
15.719226080571417,64QAM
4.046245392241431,16QAM
0.7794688117734094,64QAM
4.584174279548497,16QAM
18.805608637606003,QPSK
2.2085478460104504,64QAM
5.690890945503849,QPSK
10.135616570859112,QPSK
2.33610192919099,64QAM
5.750978134849033,16QAM
27.338093669505334,64QAM
0.5789739668095428,QPSK
19.602957725230866,16QAM
11.532267927455548,QPSK
20.179462182971132,16QAM
17.660751610902135,64QAM
6.704962630639328,QPSK
25.416284627201655,16QAM
14.7582114782807,16QAM
24.676080567404153,64QAM
12.180376085646575,16QAM
29.54056661745717,16QAM
23.11468075503889,QPSK
28.978506153377204,64QAM
15.429794367295765,64QAM
14.210733968721014,QPSK
22.663614279757734,QPSK
26.408737890402907,QPSK
28.92437387596674,16QAM
9.736557180974991,64QAM
23.96113721527917,64QAM
6.319367929066101,64QAM
16.367230402363358,16QAM
5.395444452275974,64QAM
10.421920852510166,64QAM
27.94075101619378,64QAM
4.382720993192582,64QAM
18.972026854055894,QPSK
17.7886281878221,16QAM
3.622150581269594,64QAM
9.779371313064365,64QAM
16.889445135457972,64QAM
5.615358269654708,64QAM
24.018709692384462,64QAM
29.164695286042495,QPSK
6.442781998874162,QPSK
5.607358943717278,16QAM
13.64805215392334,16QAM
22.432958314200963,64QAM
8.448018307057541,64QAM
0.596397260918412,QPSK
16.236618840986818,16QAM
28.69801703301923,64QAM
11.738305662208367,64QAM
12.604036625493013,64QAM
29.067051513421138,16QAM
20.83822834880185,QPSK
21.575157685263754,QPSK
16.88106016113203,64QAM
29.238276325897246,64QAM
20.665994532766682,64QAM
26.850982548155084,64QAM
20.981365971996635,64QAM
22.05347474521188,16QAM
8.712327664267395,QPSK
9.10436094041457,16QAM
23.489539487280876,16QAM
8.901188675096988,64QAM
16.883102124045948,16QAM
7.480569327201058,QPSK
24.50950142427208,64QAM
3.3150405368307,QPSK
24.883399192849932,16QAM
18.081894015228055,64QAM
5.6072860448123185,QPSK
16.261061565183546,QPSK
8.474965105420214,64QAM
9.704020041914898,QPSK
10.54584124790641,64QAM
1.8995774091696283,64QAM
29.578850532042523,16QAM
0.9460388439367229,QPSK
19.874906195528354,64QAM
11.136829432722916,16QAM
19.38030872840097,16QAM
10.687447592627514,64QAM
20.212519387765763,64QAM
21.877065284050826,QPSK
20.716579211989345,QPSK
3.4188594407445683,QPSK
19.706797039640538,64QAM
8.399626483622919,16QAM
0.8640411170800055,16QAM
12.44492015666862,64QAM
13.00629308411403,QPSK
14.015224000573395,16QAM
21.144724961721487,16QAM
9.265314274273774,QPSK
9.458415393117678,16QAM
1.8165676872378178,QPSK
20.604636479768878,16QAM
17.03478274198752,16QAM
10.482753380813643,16QAM
21.15566936752064,QPSK
16.120732476806314,16QAM
14.07734837611619,16QAM
15.339736309833793,16QAM
19.090443758011695,64QAM
19.800078137237985,16QAM
8.668734574221515,16QAM
4.222300901734597,QPSK
4.699025435715562,QPSK
19.18172657709005,64QAM
26.18619857301378,QPSK
12.284888350366554,QPSK
5.085604809883871,QPSK
22.698074948815638,64QAM
24.974684232583456,64QAM
26.417473293628998,16QAM
18.204942867411997,16QAM
25.82185678164254,QPSK
0.46244875345223035,16QAM
3.217074053085706,16QAM
2.7772820115629626,64QAM
21.37814052764199,64QAM
2.0874535063073707,16QAM
14.89093117398921,16QAM
14.181206959088673,16QAM
9.321105706747229,QPSK
26.112155098262996,64QAM
5.11299605639988,16QAM
10.573883531977195,16QAM
23.225145000687874,QPSK
0.9126694317985273,64QAM
20.18851200739106,QPSK
24.49193179084712,QPSK
27.968035165145018,16QAM
26.288899214744546,QPSK
9.581523505010555,QPSK
17.590924239688576,16QAM
2.3188047945139756,64QAM
7.736100106440258,16QAM
2.8266713624252215,64QAM
9.455618704618916,QPSK
26.25561640376187,QPSK
10.41500519022878,16QAM
16.85694309004279,16QAM
13.001425443448225,16QAM
13.767495728962059,QPSK
29.08716155509675,QPSK
8.884634047915739,64QAM
18.81973408569514,16QAM
12.601880087383412,QPSK
1.8343854314305863,64QAM
14.679924948727079,16QAM
24.400299871353248,16QAM
2.962589060450651,64QAM
2.087755421889269,64QAM
4.608945611798,64QAM
22.93200334167918,QPSK
21.71986152434214,16QAM
16.950533067183315,16QAM
14.046792122778971,64QAM
26.649774441078662,QPSK
23.000934715004476,64QAM
24.358267539054157,QPSK
24.397869040519627,16QAM
19.28151464236674,16QAM
13.740438729478376,QPSK
25.94033257756951,16QAM
27.78022252809752,16QAM
0.7141812977502904,64QAM
1.546646197987539,QPSK
28.76229890725312,16QAM
8.314818415325844,16QAM
26.20108318948256,QPSK
11.663853568842079,16QAM
3.5730017282806683,QPSK
2.413296006280028,QPSK
4.695236972413694,64QAM
7.496795846020942,QPSK
14.655550617924787,64QAM
21.044937016973506,16QAM
29.591957294559,QPSK
13.245202298675132,64QAM
15.545548270293295,QPSK
15.654471041497668,16QAM
16.183030664638082,64QAM
15.532219713133868,64QAM
0.2632426518575348,64QAM
0.051744663295221205,16QAM
2.9299895437836874,64QAM
3.046698102875365,16QAM
21.146907268643883,16QAM
6.1474809754799935,QPSK
26.841423142668386,16QAM
27.858189887310584,64QAM
29.27680013687696,64QAM
28.172439146610603,16QAM
8.15664965755574,16QAM
15.293305341105373,QPSK
5.263649105908231,QPSK
24.186289655172995,64QAM
26.65295115432288,16QAM
25.538665178925445,64QAM
13.001008460905046,16QAM
22.76021654060343,64QAM
2.927375087288083,64QAM
1.2073431185775207,64QAM
22.597092429262826,16QAM
12.76065822986051,QPSK
29.866477942187075,QPSK
2.9176264756659718,16QAM
25.66883044605701,QPSK
14.399491965869752,64QAM
24.81450586511631,16QAM
24.513818465104347,16QAM
27.47976004086232,QPSK
8.935500338583083,QPSK
28.49398060386009,64QAM
4.550008810728609,16QAM
2.459063327804716,QPSK
12.948465521170474,16QAM
24.84968905925528,64QAM
14.202633919003368,64QAM
24.87860032591542,64QAM
21.890604173829157,16QAM
6.282851584168006,16QAM
28.466448746983914,16QAM
1.8234350588821024,16QAM
26.94839122631385,16QAM
9.13330346971122,64QAM
15.004442494931979,64QAM
12.670556181022034,64QAM
5.155036707507485,QPSK
10.744405992050794,64QAM
5.788033088783858,16QAM
6.116594263815715,64QAM
5.611705080791411,QPSK
14.670521410397829,QPSK
23.937941025339466,QPSK
17.06910101283723,QPSK
26.79619765652526,QPSK
19.096334657301725,16QAM
20.680203468978135,64QAM
20.028216891810093,16QAM
13.483775795512235,16QAM
20.680164666002483,QPSK
2.091232394068835,64QAM
25.795544157469894,64QAM
23.33436430331752,64QAM
7.356898746950364,QPSK
23.04097362762247,16QAM
0.3792780420005548,64QAM
6.517397174426413,16QAM
1.954117160126878,64QAM
23.40680749853684,64QAM
22.676224535351615,64QAM
24.40908071405492,64QAM
0.13445079976586505,QPSK
15.03698180035224,QPSK
21.145085925520096,16QAM
4.662033862170464,QPSK
19.493721825378742,64QAM
2.5233029792905715,16QAM
5.439775683129396,16QAM
14.273904449838032,16QAM
19.60695458043306,64QAM
4.376073808616883,64QAM
5.556699924928137,16QAM
6.13339101196989,QPSK
7.161024140969355,64QAM
6.7966154557887375,64QAM
11.854473254929102,QPSK
19.613689525101687,16QAM
13.14095349403409,QPSK
23.279217262496644,64QAM
21.578055178458445,16QAM
3.7958074214722703,16QAM
1.465248699622318,QPSK
26.338246919988183,64QAM
2.3949319968862026,64QAM
4.450175421591393,16QAM
0.6639982667435418,64QAM
18.850090958959612,16QAM
17.471116894750455,16QAM
29.60710999305767,16QAM
26.60797188951516,64QAM
12.325295324427291,QPSK
11.14757522737605,16QAM
8.905561028399552,QPSK
4.572207601136441,QPSK
4.142509698060271,QPSK
3.968511240288163,QPSK
3.4234427156033567,QPSK
7.215361272166108,16QAM
9.200058909393492,64QAM
28.847369131167476,QPSK
17.354197530056574,64QAM
29.62787323539843,64QAM
11.174008434770197,16QAM
13.728798977683232,QPSK
9.737359774958374,64QAM
5.48662952689658,64QAM
4.294941233327375,QPSK
28.352375934234956,16QAM
29.60432045396267,16QAM
1.3472848952619465,QPSK
4.510376241952995,64QAM
12.705722769030679,16QAM
5.59000429033222,16QAM
10.9164118088065,64QAM
3.872890495789001,64QAM
13.695352701653707,64QAM
8.150838485077777,64QAM
10.557151672759824,QPSK
2.8293795438824274,64QAM
12.84384152130425,16QAM
29.497728328847096,64QAM
9.86499140643571,64QAM
26.29287824527305,QPSK
25.295974248710554,QPSK
28.561752548916317,64QAM
23.703285368012835,QPSK
19.78790481176445,QPSK
25.697533326823727,QPSK
2.269340419720489,QPSK
13.884919715964234,64QAM
29.677687158451764,QPSK
23.088004538841968,QPSK
28.862261341116692,16QAM
23.38903068400437,64QAM
26.246459023264325,QPSK
21.19588896909573,16QAM
22.815060132517193,QPSK
15.695340295185021,64QAM
27.727131024423986,16QAM
24.75116731870085,16QAM
25.316548969968967,64QAM
20.19027302889157,16QAM
9.13739841261747,16QAM
1.0688938617041799,QPSK
28.069653882286335,16QAM
17.583610464164906,64QAM
8.944289134444208,QPSK
4.474053235426134,16QAM
24.88569496502264,QPSK
25.095605833427367,64QAM
24.435239043915946,16QAM
19.352480759003587,64QAM
10.980461627756277,64QAM
9.122108543407709,16QAM
0.25664310354510556,16QAM
25.00822676064721,QPSK
2.6229809248092737,64QAM
18.92264994122303,16QAM
15.122248405202651,64QAM
15.800680767790535,16QAM
27.8013853592332,64QAM
0.9484503381372633,QPSK
23.20176673886317,64QAM
1.5615719510192139,16QAM
1.144608178061316,QPSK
12.894530944241458,QPSK
1.8922552302890017,16QAM
23.67431853878736,QPSK
15.886892809450115,64QAM
0.8711634797932333,64QAM
1.2150205944575854,16QAM
18.38005589218438,64QAM
24.183354529752147,16QAM
13.133985938243207,QPSK
16.63742014606873,64QAM
23.994883621497046,16QAM
18.315185221254573,64QAM
6.742807129764584,QPSK
18.391560776084358,QPSK
18.848383771956406,64QAM
22.0232094264338,QPSK
18.626225626704038,16QAM
29.077263913741138,64QAM
5.918649261512055,64QAM
28.532720387012287,QPSK
16.15018471050049,16QAM
20.158684214847362,64QAM
2.983847923565696,64QAM
11.41727824134321,QPSK
23.081374393895178,QPSK
21.20733045296971,16QAM
1.2041816449623055,16QAM
16.39782790491734,QPSK
2.648345789052283,16QAM
29.875692875344868,QPSK
26.91889765599884,64QAM
0.6324198128561087,QPSK
25.759487367078926,QPSK
27.58288801675223,QPSK
10.606446676903653,64QAM
21.585049651432975,16QAM
13.263112386233368,16QAM
19.656974537290324,16QAM
10.209522128945745,QPSK
9.67677709899805,QPSK
12.733016665727371,16QAM
4.367032759575035,64QAM
24.93416893306148,64QAM
10.460936860849099,64QAM
12.004486617175354,64QAM
26.82163838106434,QPSK
14.898714421895141,16QAM
16.32761728052589,64QAM
28.694943743312955,QPSK
26.601791494349676,QPSK
5.0840012666531855,QPSK
14.196450897543151,16QAM
29.138886822856364,QPSK
11.170988946858081,16QAM
11.147193255486002,16QAM
5.850906953674631,16QAM
3.4296934235737564,16QAM
22.209143722679453,QPSK
23.100914061045493,QPSK
29.07038890509,QPSK
23.20254632716089,64QAM
7.300574821007961,64QAM
1.2034973486554634,16QAM
29.563121531089806,16QAM
10.213520866308173,16QAM
9.359146272972623,16QAM
27.178656292481474,16QAM
17.552996956349585,64QAM
6.446135215474037,16QAM
26.672887281487185,QPSK
29.800825651642302,16QAM
2.6003568345249217,QPSK
25.867548849074616,QPSK
11.715470930531819,QPSK
15.722173395201132,QPSK
27.444479272949422,16QAM
29.201375873253518,16QAM
7.864917312263982,16QAM
6.385523128797414,16QAM
2.4154967577453554,16QAM
16.85393557986414,64QAM
0.40813186352004815,QPSK
12.356948928298097,QPSK
2.2015204995602566,64QAM
12.15677348788002,64QAM
1.197965677968278,16QAM
25.056517818263067,16QAM
6.292169818156976,QPSK
9.84926131073736,16QAM
26.101439898191757,QPSK
22.38798183996615,16QAM
6.5711508492617545,16QAM
2.1569825597248817,QPSK
21.470213305660184,64QAM
11.72107652064328,64QAM
22.982399973546638,16QAM
13.358843171256312,64QAM
10.380072389168292,16QAM
13.536162246371896,64QAM
22.4567695701203,64QAM
27.066608596211225,QPSK
1.493015897657266,64QAM
15.723346236808654,16QAM
0.985062872516328,QPSK
14.052286350730762,64QAM
26.558484872907012,QPSK
10.84770799260929,64QAM
27.973512632419297,16QAM
18.918254149518283,16QAM
28.02466031379019,QPSK
22.71499876237559,64QAM
3.1030549994628687,64QAM
6.9345410268803125,QPSK
11.825113637505186,QPSK
5.103206460362281,16QAM
14.847348143299815,QPSK
14.141044671044718,64QAM
28.68777594082144,QPSK
13.011836486879332,16QAM
23.568804128639933,QPSK
28.257316345544396,64QAM
26.309664929219565,QPSK
6.260028735347754,QPSK
14.880896827606328,QPSK
10.432193468877772,16QAM
11.995760854116465,16QAM
10.824204787372537,16QAM
24.790776305250123,16QAM
13.564171653673423,64QAM
15.710829967340645,64QAM
29.47342071141224,16QAM
1.7993781657454933,16QAM
14.638729193722464,16QAM
23.221851208383484,QPSK
4.534858745646796,64QAM
18.345947838443216,QPSK
7.183943386034003,16QAM
26.022123396737026,64QAM
9.812989962002378,16QAM
9.871884507027286,QPSK
17.945816355536806,64QAM
5.506887243597261,QPSK
8.546659167091832,64QAM
12.498955503582344,16QAM
10.60913589420331,64QAM
15.746316540167472,QPSK
17.98920432206899,QPSK
17.000023612504936,QPSK
19.625049359757966,QPSK
9.232485498234608,16QAM
3.7927868146508414,QPSK
22.824226242932312,16QAM
25.523411478920462,64QAM
7.710186966672968,QPSK
12.212758684740592,64QAM
14.957076508906658,64QAM
15.999805282588092,16QAM
19.784705132629554,QPSK
1.2480970006596404,16QAM
21.64431248202051,QPSK
1.859130209382308,64QAM
14.048657030186035,16QAM
24.830134067075825,QPSK
13.536459398351887,64QAM
4.472692463047433,16QAM
29.55101535017879,16QAM
26.6785638622279,16QAM
23.13940899675042,16QAM
12.345348086976312,64QAM
5.5153718066789335,64QAM
28.242335442555035,64QAM
15.97053379551417,64QAM
25.570663811624552,QPSK
10.262850172782773,64QAM
10.058649512384118,16QAM
29.566214420221172,16QAM
15.654991454845494,16QAM
4.220862715822388,16QAM
6.590240339841222,QPSK
14.458328381781623,16QAM
1.2741273146523402,16QAM
13.876019561349015,16QAM
12.568225262403828,64QAM
23.38008795958461,64QAM
10.648258934677253,QPSK
29.47646284618798,QPSK
5.423097579027094,QPSK
17.729600549044047,16QAM
2.690978910247639,QPSK
22.01591951981946,64QAM
29.842610641859146,64QAM
24.574159132548967,64QAM
16.671106221609037,16QAM
14.542240721990762,16QAM
25.05089883800541,QPSK
28.07922254132173,QPSK
29.67619577394279,QPSK
11.896176826934523,QPSK
29.72752424383537,16QAM
4.6777875652149445,64QAM
7.606493277957275,16QAM
2.670483742016886,QPSK
8.15215549453445,16QAM
23.038126548540333,64QAM
25.58773074535349,16QAM
23.366779353077153,64QAM
18.931973345030887,QPSK
15.418995375679367,16QAM
21.261128676409395,QPSK
11.725006478016654,QPSK
25.239250544991055,64QAM
20.315702819303564,64QAM
20.934140954832255,QPSK
16.07807979387214,64QAM
26.556869526335177,64QAM
7.560442010371574,QPSK
11.434429600831521,QPSK
23.329277090330674,64QAM
14.782466883880131,QPSK
26.676420402725725,QPSK
10.39197959288557,64QAM
11.079905064589342,16QAM
26.66207368159876,16QAM
13.93110960546123,QPSK
15.483737526074602,64QAM
9.982911460070381,QPSK
8.300098265372458,64QAM
19.678461325151762,QPSK
3.595219846236116,QPSK
26.378179235487277,64QAM
23.376094102953235,QPSK
5.722447911174084,16QAM
20.82059837473696,16QAM
18.078987638569046,64QAM
5.536051522099323,QPSK
8.196105181506974,16QAM
12.26959511201503,64QAM
20.977282057364217,64QAM
19.16170226451018,64QAM
15.967045430300939,16QAM
23.052316293421026,16QAM
22.738132188184977,16QAM
18.535774621867677,16QAM
23.609702501544756,QPSK
10.027901243376276,16QAM
26.43748584967817,64QAM
18.44730257405822,QPSK
24.670905414372918,16QAM
16.38837314370852,QPSK
6.553147349660411,64QAM
16.272303860349258,16QAM
11.133349913297643,QPSK
20.924971081112837,16QAM
14.273813752042074,QPSK
25.083384147830632,QPSK
20.3421753696575,64QAM
20.53633299093972,64QAM
6.514660004731949,16QAM
29.52749299473871,16QAM
25.25025627814466,QPSK
23.670146536820837,64QAM
9.906456754800823,64QAM
16.068949585416956,QPSK
4.113095642229859,64QAM
16.15427929988118,64QAM
4.376677394498618,QPSK
16.591135319688036,16QAM
19.46165640464717,16QAM
11.70587901749707,16QAM
14.956346349938798,QPSK
26.269601630237577,16QAM
3.2568943410842808,QPSK
23.751986789989587,QPSK
5.1226365298858925,64QAM
1.1012394841388518,64QAM
5.567238082351434,16QAM
22.95129569911469,QPSK
12.1537822001058,16QAM
26.17561550538546,16QAM
15.741226235467975,64QAM
0.6675105577899287,16QAM
21.501408288057803,16QAM
3.306987261636981,64QAM
23.68138900385773,16QAM
5.0430764941554,16QAM
10.363391574165403,QPSK
22.83814288876081,16QAM
28.62694072429265,64QAM
11.14301851940197,64QAM
24.882006605968073,QPSK
5.7237679642751615,64QAM
24.215393106074732,64QAM
19.72482177768753,64QAM
5.7823052163710535,16QAM
9.075118810542348,QPSK
3.9531266579110804,QPSK
11.4890103319294,QPSK
6.109459233698322,QPSK
19.319938608914207,64QAM
29.83515312661676,16QAM
0.3602748925279242,64QAM
16.227594398618958,64QAM
17.20999792647029,64QAM
27.426263690424356,64QAM
15.180160043008126,QPSK
16.311042589347522,QPSK
14.149584039851659,16QAM
8.067129136844443,64QAM
1.6808739974674103,QPSK
12.259730466295084,16QAM
1.577744137220356,64QAM
16.514774083977535,64QAM
9.218809297268795,QPSK
16.008072045762834,64QAM
4.0289089318556,64QAM
27.97889897218079,QPSK
26.835637306498047,16QAM
5.699895276068535,16QAM
10.303328498820296,QPSK
18.404783155559386,QPSK
2.870586219177188,16QAM
10.637034633484525,16QAM
7.5333686045701835,QPSK
27.4655018615009,QPSK
25.575319088676157,QPSK
17.394982238005912,64QAM
15.610390106147225,QPSK
27.921773836361915,64QAM
27.97283348936446,16QAM
29.07990376054981,16QAM
3.7613665232456297,QPSK
4.8167343228951065,QPSK
20.302100960396597,16QAM
16.243034298295346,16QAM
0.5539771467970789,16QAM
1.859251079685581,16QAM
26.642411467764155,QPSK
26.066123866181588,64QAM
10.718127659881354,16QAM
26.73151850791604,16QAM
17.810252231937053,64QAM
24.177169410567057,QPSK
12.822932134806429,64QAM
3.4019498203472622,QPSK
13.011811879380486,QPSK
13.718993939906937,QPSK
16.52832581521809,QPSK
3.16748138713284,QPSK
29.74205589148834,16QAM
7.324104624207191,QPSK
5.956572106112787,16QAM
15.804087565678097,QPSK
16.11624538184666,16QAM
13.194622134997328,64QAM
23.156764389757633,64QAM
15.49963202185808,16QAM
18.290863654349526,QPSK
21.712391562233567,16QAM
0.7507530469159984,16QAM
17.119325476351342,QPSK
26.525834136851078,64QAM
0.5216622877630173,16QAM
12.155463114028834,64QAM
27.786823506174898,64QAM
10.594632068476134,64QAM
13.761864726007225,16QAM
29.44624179132938,16QAM
5.979715768517214,QPSK
1.9576556737501782,QPSK
25.78267772583913,16QAM
26.053960236371054,QPSK
14.162335040400396,64QAM
15.426215234318587,64QAM
25.07419108853508,16QAM
22.156784943473856,64QAM
7.95447006651032,16QAM
0.5068006521455537,16QAM
14.391004876006372,16QAM
25.767369782869242,64QAM
26.875040300704864,16QAM
28.686785912284616,16QAM
26.386897128383435,QPSK
17.40130665894295,64QAM
13.338167977083026,16QAM
23.24549539602297,QPSK
22.194649030967895,16QAM
16.14430290244363,64QAM
2.6198211767540736,QPSK
27.782440403607563,QPSK
13.668076125049865,16QAM
10.90001345748793,16QAM
18.88702185506315,64QAM
20.215138835009306,64QAM
6.320637510909043,16QAM
25.108165344298683,QPSK
8.698112809871336,64QAM
5.600517777429501,64QAM
12.191995585634922,QPSK
21.916802426923958,16QAM
28.963745353194103,64QAM
24.278437931142996,QPSK
28.21045133010575,64QAM
4.218174122295803,QPSK
2.1353039659103032,64QAM
16.731142857200137,16QAM
8.708924491321032,QPSK
24.841649189078186,64QAM
20.159636142069782,64QAM
29.12184491957383,QPSK
7.6437706719391265,QPSK
14.573523430656971,16QAM
15.037214322760597,QPSK
7.175303845721286,64QAM
17.70280198464023,16QAM
13.298579582377187,QPSK
13.401646679696208,64QAM
10.882099439174509,QPSK
0.5078805727660518,64QAM
15.662857107443669,64QAM
10.057435071009934,16QAM
0.039596069529890254,16QAM
9.23831122985796,QPSK
8.35884999269271,16QAM
11.803444596709074,QPSK
3.9555596893019085,16QAM
15.230514739052532,16QAM
20.7732105755439,QPSK
18.905567071637172,16QAM
24.11264842707572,16QAM
13.560248639612434,16QAM
15.572751910191847,16QAM
24.312058225769498,QPSK
12.831035124577156,64QAM
21.047980496987908,QPSK
13.038071061539755,QPSK
12.532085835346878,QPSK
22.80616873587481,16QAM
5.245107463986335,16QAM
10.157579158247207,64QAM
6.725168302407053,16QAM
10.773298289027913,64QAM
6.911244670980721,64QAM
17.38216893259964,16QAM
23.945124078535358,64QAM
23.598391836537054,QPSK
10.935028936463773,QPSK
29.662812176827853,QPSK
17.815630941174025,64QAM
11.982009053348843,64QAM
25.066178377242764,QPSK
21.896220379279224,16QAM
22.478260104723134,QPSK
5.884180492016148,16QAM
14.049729221056653,16QAM
25.854843924738084,64QAM
15.121140228862718,64QAM
20.50358230263151,16QAM
17.638011991027938,16QAM
25.270703631551463,16QAM
8.53682519284808,64QAM
17.264258336590945,QPSK
3.6970400402941195,16QAM
20.706323300984035,64QAM
21.95903515058136,QPSK
1.2851196356699524,64QAM
20.27372890883955,QPSK
12.440704624973591,64QAM
3.7229062832904702,QPSK
12.597226430954029,16QAM
5.826987890867451,64QAM
12.466785963699497,QPSK
11.530170838755831,QPSK
22.151749108081724,QPSK
23.226466744990763,16QAM
18.2108596315364,64QAM
0.6806052654734263,QPSK
27.93066837212982,16QAM
20.586998402893432,16QAM
1.025863497635665,16QAM
24.564986976423533,16QAM
6.007984641539884,16QAM
17.376635687133202,16QAM
13.999031098505615,16QAM
12.595163470652299,64QAM
26.691411603731925,64QAM
13.12083874687844,16QAM
2.2603235271945223,QPSK
28.399161816448576,QPSK
27.616056937188826,QPSK
20.532980687447964,16QAM
14.036775843960749,QPSK
2.785784188305638,64QAM
23.722443557324286,64QAM
2.2643374327208687,64QAM
2.0580295468543697,64QAM
16.121515273181043,16QAM
4.803847205539206,64QAM
0.23190802021046952,QPSK
12.693402929873587,QPSK
4.116516948301978,64QAM
4.815462458420737,64QAM
2.3073191620600397,64QAM
6.152812611708298,QPSK
21.464525393231682,QPSK
24.26781921653374,64QAM
13.576009320879018,QPSK
15.19661447644253,QPSK
0.9796510378260781,16QAM
2.079487841139506,64QAM
7.7270317694855075,64QAM
16.316952621394424,16QAM
22.18653446204979,16QAM
18.15009184014099,QPSK
11.763835649603648,16QAM
3.549722190094146,64QAM
23.423197046615684,64QAM
10.913581547971713,64QAM
22.08162043448369,QPSK
15.389365257430255,QPSK
22.159861606854758,64QAM
27.218686843577157,64QAM
27.63088548161406,QPSK
16.053203400018102,QPSK
15.345250942969162,16QAM
7.970353965085117,QPSK
28.07399494587874,QPSK
13.737575015988627,64QAM
3.827737178621314,64QAM
12.981147438796498,64QAM
3.8115975071401187,16QAM
15.075950527712251,QPSK
16.838265445686364,16QAM
10.13267284480756,QPSK
2.1495184269445398,QPSK
28.305106068997173,64QAM
23.20059340450289,QPSK
25.16643241515363,16QAM
11.006051828586882,64QAM
22.824930900583517,16QAM
14.561186855075828,16QAM
6.0325046521813785,64QAM
3.7327013072163986,QPSK
10.351526079661706,16QAM
4.1265633442541905,QPSK
29.94806928612206,64QAM
1.4756697069606617,QPSK
13.234307981072297,QPSK
13.562805671711525,64QAM
9.018957857450266,QPSK
17.14054697120836,16QAM
4.499310724546341,16QAM
23.51737141761701,16QAM
9.973431547429149,QPSK
17.740277693959253,16QAM
21.46917708200878,QPSK
26.671263530704834,QPSK
25.073623093566002,QPSK
18.24927084310679,QPSK
11.651795411516607,64QAM
15.096140102248919,16QAM
23.062043801364077,16QAM
26.326366276784192,QPSK
3.113457845300156,64QAM
11.545687874791605,QPSK
23.283497952405018,16QAM
12.94955287781883,16QAM
9.966832921988516,64QAM
12.339680904698088,QPSK
18.085342403590523,64QAM
29.994154324014044,QPSK
14.789772873135954,64QAM
6.254834248627816,16QAM
4.885397258372842,64QAM
1.2704924242924287,16QAM
16.764517047549646,16QAM
16.337162744665026,QPSK
6.157017803409275,64QAM
20.85988219357701,64QAM
22.233211248890424,64QAM
7.772946161463338,64QAM
10.322992920892096,QPSK
29.7141501704177,QPSK
11.227934035522026,QPSK
22.824050152683053,16QAM
13.581762798898199,16QAM
23.80034483582928,16QAM
23.070697163479437,QPSK
20.03268075595607,16QAM
25.64335038886738,64QAM
28.176554846330554,16QAM
17.39949961356252,QPSK
7.124067216682372,QPSK
11.95886884932225,QPSK
22.749171405398798,QPSK
19.526504553716084,64QAM
5.333950156957462,16QAM
1.5371862343927412,16QAM
20.488847806261948,QPSK
7.53237072088036,16QAM
